{
  "model_type": "cnn",
  "sample_idx": 0,
  "model_path": "checkpoints/fashion_cnn_best.pth",
  "data_path": "data/fashionMNIST_correct_cnn.pt",
  "n_directions": 2,
  "n_directions_used": 2,
  "bits_grid": [
    4,
    6,
    8,
    10,
    12,
    16
  ],
  "width_base": 1.5067711202248895,
  "widths_correct": {
    "4": 0.7399611752638475,
    "6": 1.1225626322839082,
    "8": 1.3599310008651702,
    "10": 1.4476994875224118,
    "12": 1.485521087824112,
    "16": 1.5062805626263447
  },
  "widths_both": {
    "4": 0.7399611751764826,
    "6": 1.1225626339197063,
    "8": 1.3599310010630257,
    "10": 1.4476994652133206,
    "12": 1.4855210871362994,
    "16": 1.5062805287405272
  }
}