{
  "sample_idx": 2,
  "model_path": "checkpoints/fashion_mlp_best.pth",
  "data_path": "data/fashionMNIST_correct_mlp.pt",
  "n_directions": 20,
  "n_directions_used": 20,
  "bits_grid": [
    4,
    6,
    8,
    10,
    12,
    16
  ],
  "width_correct": 39.00732552110702,
  "widths_both": {
    "4": 36.472224307241994,
    "6": 38.133192138562805,
    "8": 38.82439770017593,
    "10": 38.97222517703791,
    "12": 38.998902045631134,
    "16": 39.00681102171758
  }
}