{
  "sample_idx": 0,
  "model_path": "checkpoints/fashion_mlp_best.pth",
  "data_path": "data/fashionMNIST_correct_mlp.pt",
  "n_directions": 20,
  "n_directions_used": 20,
  "bits_grid": [
    4,
    6,
    8,
    10,
    12,
    16
  ],
  "width_correct": 39.64736960005938,
  "widths_both": {
    "4": 37.24465737201855,
    "6": 39.17595771152851,
    "8": 39.496459095032826,
    "10": 39.62765565079546,
    "12": 39.64126125073953,
    "16": 39.6470413186869
  }
}