{
  "model_type": "mlp",
  "sample_idx": 0,
  "model_path": "checkpoints/fashion_mlp_best.pth",
  "data_path": "data/fashionMNIST_correct_mlp.pt",
  "n_directions": 2,
  "n_directions_used": 2,
  "bits_grid": [
    4,
    6,
    8,
    10,
    12,
    16
  ],
  "width_base": 39.539022103947346,
  "widths_correct": {
    "4": 37.1827151474175,
    "6": 39.15142225023447,
    "8": 39.41375914325327,
    "10": 39.51811482397679,
    "12": 39.532389498701406,
    "16": 39.53866122569447
  },
  "widths_both": {
    "4": 37.182715147413376,
    "6": 39.15142225023418,
    "8": 39.41375914325332,
    "10": 39.51811482397609,
    "12": 39.53238949870196,
    "16": 39.53866122569298
  }
}