{
  "model_path": "/lustre/fswork/projects/rech/aik/uhr51mx/ErrorVolumePolytopes/checkpoints/fashion_mlp_best.pth",
  "data_path": "/lustre/fswork/projects/rech/aik/uhr51mx/ErrorVolumePolytopes/data/fashionMNIST_correct_mlp.pt",
  "sample_idx": 28,
  "bits": 4,
  "n_replications": 20,
  "n_workers": 40,
  "elapsed_total_s": 6291.78,
  "n_directions_grid": [
    10,
    20,
    30,
    50,
    75,
    100,
    150,
    200
  ],
  "results": {
    "10": {
      "widths": [
        36.40701894138597,
        36.40701894138597,
        36.40701894138597,
        36.40701894138597,
        36.40701894138597,
        36.40701894138597,
        36.40701894138597,
        36.40701894138597,
        36.40701894138597,
        36.40701894138597,
        36.40701894138597,
        36.40701894138597,
        36.40701894138597,
        36.40701894138597,
        36.40701894138597,
        36.40701894138597,
        36.40701894138597,
        36.40701894138597,
        36.40701894138597,
        36.40701894138597
      ],
      "mean": 36.40701894138598,
      "std": 7.105427357601002e-15
    },
    "20": {
      "widths": [
        36.40247451548952,
        36.40247451548952,
        36.40247451548952,
        36.40247451548952,
        36.40247451548952,
        36.40247451548952,
        36.40247451548952,
        36.40247451548952,
        36.40247451548952,
        36.40247451548952,
        36.40247451548952,
        36.40247451548952,
        36.40247451548952,
        36.40247451548952,
        36.40247451548952,
        36.40247451548952,
        36.40247451548952,
        36.40247451548952,
        36.40247451548952,
        36.40247451548952
      ],
      "mean": 36.40247451548952,
      "std": 0.0
    },
    "30": {
      "widths": [
        36.36514727238183,
        36.36514727238183,
        36.36514727238183,
        36.36514727238183,
        36.36514727238183,
        36.36514727238183,
        36.36514727238183,
        36.36514727238183,
        36.36514727238183,
        36.36514727238183,
        36.36514727238183,
        36.36514727238183,
        36.36514727238183,
        36.36514727238183,
        36.36514727238183,
        36.36514727238183,
        36.36514727238183,
        36.36514727238183,
        36.36514727238183,
        36.36514727238183
      ],
      "mean": 36.36514727238183,
      "std": 0.0
    },
    "50": {
      "widths": [
        36.39895900534168,
        36.39895900534168,
        36.39895900534168,
        36.39895900534168,
        36.39895900534168,
        36.39895900534168,
        36.39895900534168,
        36.39895900534168,
        36.39895900534168,
        36.39895900534168,
        36.39895900534168,
        36.39895900534168,
        36.39895900534168,
        36.39895900534168,
        36.39895900534168,
        36.39895900534168,
        36.39895900534168,
        36.39895900534168,
        36.39895900534168,
        36.39895900534168
      ],
      "mean": 36.39895900534168,
      "std": 0.0
    },
    "75": {
      "widths": [
        36.46273609773013,
        36.46273609773013,
        36.46273609773013,
        36.46273609773013,
        36.46273609773013,
        36.46273609773013,
        36.46273609773013,
        36.46273609773013,
        36.46273609773013,
        36.46273609773013,
        36.46273609773013,
        36.46273609773013,
        36.46273609773013,
        36.46273609773013,
        36.46273609773013,
        36.46273609773013,
        36.46273609773013,
        36.46273609773013,
        36.46273609773013,
        36.46273609773013
      ],
      "mean": 36.46273609773014,
      "std": 7.105427357601002e-15
    },
    "100": {
      "widths": [
        36.473273521676795,
        36.473273521676795,
        36.473273521676795,
        36.473273521676795,
        36.473273521676795,
        36.473273521676795,
        36.473273521676795,
        36.473273521676795,
        36.473273521676795,
        36.473273521676795,
        36.473273521676795,
        36.473273521676795,
        36.473273521676795,
        36.473273521676795,
        36.473273521676795,
        36.473273521676795,
        36.473273521676795,
        36.473273521676795,
        36.473273521676795,
        36.473273521676795
      ],
      "mean": 36.473273521676795,
      "std": 0.0
    },
    "150": {
      "widths": [
        36.47658734963256,
        36.47658734963256,
        36.47658734963256,
        36.47658734963256,
        36.47658734963256,
        36.47658734963256,
        36.47658734963256,
        36.47658734963256,
        36.47658734963256,
        36.47658734963256,
        36.47658734963256,
        36.47658734963256,
        36.47658734963256,
        36.47658734963256,
        36.47658734963256,
        36.47658734963256,
        36.47658734963256,
        36.47658734963256,
        36.47658734963256,
        36.47658734963256
      ],
      "mean": 36.47658734963257,
      "std": 7.105427357601002e-15
    },
    "200": {
      "widths": [
        36.46018215689119,
        36.46018215689119,
        36.46018215689119,
        36.46018215689119,
        36.46018215689119,
        36.46018215689119,
        36.46018215689119,
        36.46018215689119,
        36.46018215689119,
        36.46018215689119,
        36.46018215689119,
        36.46018215689119,
        36.46018215689119,
        36.46018215689119,
        36.46018215689119,
        36.46018215689119,
        36.46018215689119,
        36.46018215689119,
        36.46018215689119,
        36.46018215689119
      ],
      "mean": 36.460182156891186,
      "std": 7.105427357601002e-15
    }
  }
}