{
  "model_path": "/lustre/fswork/projects/rech/aik/uhr51mx/ErrorVolumePolytopes/checkpoints/fashion_mlp_best.pth",
  "data_path": "/lustre/fswork/projects/rech/aik/uhr51mx/ErrorVolumePolytopes/data/fashionMNIST_correct_mlp.pt",
  "sample_idx": 20,
  "bits": 4,
  "n_replications": 20,
  "n_workers": 40,
  "elapsed_total_s": 6985.03,
  "n_directions_grid": [
    10,
    20,
    30,
    50,
    75,
    100,
    150,
    200,
    300
  ],
  "results": {
    "10": {
      "widths": [
        37.45069059082773,
        37.17934826242206,
        37.2718597216627,
        37.372401761168135,
        37.238263980511334,
        37.43758937261116,
        37.313072470842144,
        37.331255860667106,
        37.48794400347874,
        37.24451210362212,
        37.457680359051665,
        37.264739231917204,
        37.342991712945334,
        37.75860520076269,
        37.53797946648717,
        37.33294889631411,
        37.55143483837759,
        37.63180162075131,
        37.38561735563527,
        37.23479557023559
      ],
      "mean": 37.39127661901456,
      "std": 0.14488768780229414
    },
    "20": {
      "widths": [
        37.23441171085614,
        37.286176078689195,
        37.43296065388406,
        37.42283314192831,
        37.35627318976977,
        37.45842646184387,
        37.28034918643363,
        37.16953801106206,
        37.33751217095985,
        37.40200916533674,
        37.518217333345646,
        37.418476682855115,
        37.165335935673475,
        37.536485911559325,
        37.336429027112615,
        37.19884510426597,
        37.387397416040656,
        37.300503961932,
        37.32280907510171,
        37.309812626050686
      ],
      "mean": 37.34374014223504,
      "std": 0.10295887278460665
    },
    "30": {
      "widths": [
        37.36310784718971,
        37.48021380824538,
        37.26243414022907,
        37.33180324365161,
        37.39846612443465,
        37.32015614281041,
        37.32061646309458,
        37.404396033811715,
        37.28263454979723,
        37.30347442530097,
        37.420274829899185,
        37.352592118315506,
        37.335028863465034,
        37.508397194325354,
        37.32636886793872,
        37.4210863686644,
        37.400292831874644,
        37.33957987609552,
        37.346362308968004,
        37.51073817544455
      ],
      "mean": 37.37140121067781,
      "std": 0.06858918008707494
    },
    "50": {
      "widths": [
        37.365416715246496,
        37.443972381691644,
        37.34705135641602,
        37.38376386803357,
        37.313805181558955,
        37.372405370464,
        37.28383919959657,
        37.36089210620728,
        37.38716837216765,
        37.41469402197802,
        37.366985160919455,
        37.360184165886984,
        37.351307210503386,
        37.34923706997639,
        37.35060406842916,
        37.28112791300583,
        37.35677906467059,
        37.34679551958714,
        37.27198977116009,
        37.42939221330971
      ],
      "mean": 37.35687053654045,
      "std": 0.04400626525543244
    },
    "75": {
      "widths": [
        37.39047755071345,
        37.34737844773674,
        37.35267972161101,
        37.38846899198797,
        37.346562804758555,
        37.35343591739716,
        37.38524324316964,
        37.304309568994576,
        37.399979930513695,
        37.367068996920366,
        37.42569149322929,
        37.38025778315014,
        37.43206650148399,
        37.34636211034905,
        37.33090612221687,
        37.34734698182161,
        37.34070595385477,
        37.43828158320089,
        37.39326961881788,
        37.38334175268061
      ],
      "mean": 37.37269175373042,
      "std": 0.03435487269489887
    },
    "100": {
      "widths": [
        37.33606512470897,
        37.34313963303184,
        37.35710863775917,
        37.39423898841802,
        37.437083012648124,
        37.341930547628955,
        37.4098453602136,
        37.381214244448614,
        37.30943485006035,
        37.362262916188136,
        37.349826311497985,
        37.34104607813013,
        37.432882706825765,
        37.38102610605936,
        37.35287501898362,
        37.371518331182266,
        37.429772205529105,
        37.464976761111956,
        37.33685767681223,
        37.35289596861861
      ],
      "mean": 37.37430002399284,
      "std": 0.04036542700736172
    },
    "150": {
      "widths": [
        37.3155536315841,
        37.40863805218522,
        37.33278104916704,
        37.324854191720796,
        37.34853829420385,
        37.40343892137553,
        37.36746213288754,
        37.326460712443286,
        37.34819078793829,
        37.365162576144,
        37.42692856690781,
        37.36378097961117,
        37.389621247535274,
        37.34846979044241,
        37.47656599405651,
        37.31176356867852,
        37.23105590139664,
        37.379581740906445,
        37.37858602060917,
        37.35001239779865
      ],
      "mean": 37.359872327879614,
      "std": 0.04927250506465905
    },
    "200": {
      "widths": [
        37.32732967333179,
        37.36261940344543,
        37.36039827055435,
        37.34223099962294,
        37.338099238325675,
        37.348372050135694,
        37.3413110437059,
        37.38585755978007,
        37.39998188276703,
        37.39245701081272,
        37.338474078338265,
        37.312831756890844,
        37.404726882869916,
        37.34030753781843,
        37.36182951890243,
        37.35724331947393,
        37.29743268236802,
        37.37515926766023,
        37.37351625373918,
        37.34083414603147
      ],
      "mean": 37.35505062882872,
      "std": 0.027355865267003426
    },
    "300": {
      "widths": [
        37.39065936141571,
        37.33493669025705,
        37.35493951919166,
        37.34061029068243,
        37.364977867884114,
        37.394759075195594,
        37.37606921592824,
        37.38530819661768,
        37.3525318944136,
        37.37179627793005,
        37.327499382365275,
        37.35147934910154,
        37.406916428181916,
        37.375386035809356,
        37.39086485768547,
        37.3461343469085,
        37.349369273902774,
        37.35623831327951,
        37.40126772729443,
        37.32266783328136
      ],
      "mean": 37.36472059686632,
      "std": 0.024275732389508586
    }
  }
}