{
  "model_path": "/lustre/fswork/projects/rech/aik/uhr51mx/ErrorVolumePolytopes/checkpoints/fashion_mlp_best.pth",
  "data_path": "/lustre/fswork/projects/rech/aik/uhr51mx/ErrorVolumePolytopes/data/fashionMNIST_correct_mlp.pt",
  "sample_idx": 37,
  "bits": 4,
  "n_replications": 20,
  "n_workers": 40,
  "elapsed_total_s": 4099.99,
  "n_directions_grid": [
    10,
    20,
    30,
    50,
    75,
    100,
    150,
    200
  ],
  "results": {
    "10": {
      "widths": [
        38.211292828195454,
        38.211292828195454,
        38.211292828195454,
        38.211292828195454,
        38.211292828195454,
        38.211292828195454,
        38.211292828195454,
        38.211292828195454,
        38.211292828195454,
        38.211292828195454,
        38.211292828195454,
        38.211292828195454,
        38.211292828195454,
        38.211292828195454,
        38.211292828195454,
        38.211292828195454,
        38.211292828195454,
        38.211292828195454,
        38.211292828195454,
        38.211292828195454
      ],
      "mean": 38.21129282819546,
      "std": 7.105427357601002e-15
    },
    "20": {
      "widths": [
        38.16786335163563,
        38.16786335163563,
        38.16786335163563,
        38.16786335163563,
        38.16786335163563,
        38.16786335163563,
        38.16786335163563,
        38.16786335163563,
        38.16786335163563,
        38.16786335163563,
        38.16786335163563,
        38.16786335163563,
        38.16786335163563,
        38.16786335163563,
        38.16786335163563,
        38.16786335163563,
        38.16786335163563,
        38.16786335163563,
        38.16786335163563,
        38.16786335163563
      ],
      "mean": 38.16786335163564,
      "std": 7.105427357601002e-15
    },
    "30": {
      "widths": [
        38.02301884596807,
        38.02301884596807,
        38.02301884596807,
        38.02301884596807,
        38.02301884596807,
        38.02301884596807,
        38.02301884596807,
        38.02301884596807,
        38.02301884596807,
        38.02301884596807,
        38.02301884596807,
        38.02301884596807,
        38.02301884596807,
        38.02301884596807,
        38.02301884596807,
        38.02301884596807,
        38.02301884596807,
        38.02301884596807,
        38.02301884596807,
        38.02301884596807
      ],
      "mean": 38.02301884596807,
      "std": 0.0
    },
    "50": {
      "widths": [
        38.12214664795473,
        38.12214664795473,
        38.12214664795473,
        38.12214664795473,
        38.12214664795473,
        38.12214664795473,
        38.12214664795473,
        38.12214664795473,
        38.12214664795473,
        38.12214664795473,
        38.12214664795473,
        38.12214664795473,
        38.12214664795473,
        38.12214664795473,
        38.12214664795473,
        38.12214664795473,
        38.12214664795473,
        38.12214664795473,
        38.12214664795473,
        38.12214664795473
      ],
      "mean": 38.122146647954736,
      "std": 7.105427357601002e-15
    },
    "75": {
      "widths": [
        38.105044637440336,
        38.105044637440336,
        38.105044637440336,
        38.105044637440336,
        38.105044637440336,
        38.105044637440336,
        38.105044637440336,
        38.105044637440336,
        38.105044637440336,
        38.105044637440336,
        38.105044637440336,
        38.105044637440336,
        38.105044637440336,
        38.105044637440336,
        38.105044637440336,
        38.105044637440336,
        38.105044637440336,
        38.105044637440336,
        38.105044637440336,
        38.105044637440336
      ],
      "mean": 38.10504463744033,
      "std": 7.105427357601002e-15
    },
    "100": {
      "widths": [
        38.03912782470787,
        38.03912782470787,
        38.03912782470787,
        38.03912782470787,
        38.03912782470787,
        38.03912782470787,
        38.03912782470787,
        38.03912782470787,
        38.03912782470787,
        38.03912782470787,
        38.03912782470787,
        38.03912782470787,
        38.03912782470787,
        38.03912782470787,
        38.03912782470787,
        38.03912782470787,
        38.03912782470787,
        38.03912782470787,
        38.03912782470787,
        38.03912782470787
      ],
      "mean": 38.03912782470787,
      "std": 0.0
    },
    "150": {
      "widths": [
        38.04963520750419,
        38.04963520750419,
        38.04963520750419,
        38.04963520750419,
        38.04963520750419,
        38.04963520750419,
        38.04963520750419,
        38.04963520750419,
        38.04963520750419,
        38.04963520750419,
        38.04963520750419,
        38.04963520750419,
        38.04963520750419,
        38.04963520750419,
        38.04963520750419,
        38.04963520750419,
        38.04963520750419,
        38.04963520750419,
        38.04963520750419,
        38.04963520750419
      ],
      "mean": 38.04963520750418,
      "std": 7.105427357601002e-15
    },
    "200": {
      "widths": [
        38.069227986146785,
        38.069227986146785,
        38.069227986146785,
        38.069227986146785,
        38.069227986146785,
        38.069227986146785,
        38.069227986146785,
        38.069227986146785,
        38.069227986146785,
        38.069227986146785,
        38.069227986146785,
        38.069227986146785,
        38.069227986146785,
        38.069227986146785,
        38.069227986146785,
        38.069227986146785,
        38.069227986146785,
        38.069227986146785,
        38.069227986146785,
        38.069227986146785
      ],
      "mean": 38.06922798614678,
      "std": 7.105427357601002e-15
    }
  }
}