{
  "model_path": "/lustre/fswork/projects/rech/aik/uhr51mx/ErrorVolumePolytopes/checkpoints/fashion_mlp_best.pth",
  "data_path": "/lustre/fswork/projects/rech/aik/uhr51mx/ErrorVolumePolytopes/data/fashionMNIST_correct_mlp.pt",
  "sample_idx": 17,
  "bits": 4,
  "n_replications": 20,
  "n_workers": 40,
  "elapsed_total_s": 4292.37,
  "n_directions_grid": [
    10,
    20,
    30,
    50,
    75,
    100,
    150,
    200
  ],
  "results": {
    "10": {
      "widths": [
        38.12555341516675,
        38.12555341516675,
        38.12555341516675,
        38.12555341516675,
        38.12555341516675,
        38.12555341516675,
        38.12555341516675,
        38.12555341516675,
        38.12555341516675,
        38.12555341516675,
        38.12555341516675,
        38.12555341516675,
        38.12555341516675,
        38.12555341516675,
        38.12555341516675,
        38.12555341516675,
        38.12555341516675,
        38.12555341516675,
        38.12555341516675,
        38.12555341516675
      ],
      "mean": 38.125553415166756,
      "std": 7.105427357601002e-15
    },
    "20": {
      "widths": [
        38.20649540109691,
        38.20649540109691,
        38.20649540109691,
        38.20649540109691,
        38.20649540109691,
        38.20649540109691,
        38.20649540109691,
        38.20649540109691,
        38.20649540109691,
        38.20649540109691,
        38.20649540109691,
        38.20649540109691,
        38.20649540109691,
        38.20649540109691,
        38.20649540109691,
        38.20649540109691,
        38.20649540109691,
        38.20649540109691,
        38.20649540109691,
        38.20649540109691
      ],
      "mean": 38.206495401096916,
      "std": 7.105427357601002e-15
    },
    "30": {
      "widths": [
        38.238629416729175,
        38.238629416729175,
        38.238629416729175,
        38.238629416729175,
        38.238629416729175,
        38.238629416729175,
        38.238629416729175,
        38.238629416729175,
        38.238629416729175,
        38.238629416729175,
        38.238629416729175,
        38.238629416729175,
        38.238629416729175,
        38.238629416729175,
        38.238629416729175,
        38.238629416729175,
        38.238629416729175,
        38.238629416729175,
        38.238629416729175,
        38.238629416729175
      ],
      "mean": 38.238629416729175,
      "std": 0.0
    },
    "50": {
      "widths": [
        38.2287621822071,
        38.2287621822071,
        38.2287621822071,
        38.2287621822071,
        38.2287621822071,
        38.2287621822071,
        38.2287621822071,
        38.2287621822071,
        38.2287621822071,
        38.2287621822071,
        38.2287621822071,
        38.2287621822071,
        38.2287621822071,
        38.2287621822071,
        38.2287621822071,
        38.2287621822071,
        38.2287621822071,
        38.2287621822071,
        38.2287621822071,
        38.2287621822071
      ],
      "mean": 38.2287621822071,
      "std": 0.0
    },
    "75": {
      "widths": [
        38.210205359837786,
        38.210205359837786,
        38.210205359837786,
        38.210205359837786,
        38.210205359837786,
        38.210205359837786,
        38.210205359837786,
        38.210205359837786,
        38.210205359837786,
        38.210205359837786,
        38.210205359837786,
        38.210205359837786,
        38.210205359837786,
        38.210205359837786,
        38.210205359837786,
        38.210205359837786,
        38.210205359837786,
        38.210205359837786,
        38.210205359837786,
        38.210205359837786
      ],
      "mean": 38.210205359837786,
      "std": 0.0
    },
    "100": {
      "widths": [
        38.21805838046294,
        38.21805838046294,
        38.21805838046294,
        38.21805838046294,
        38.21805838046294,
        38.21805838046294,
        38.21805838046294,
        38.21805838046294,
        38.21805838046294,
        38.21805838046294,
        38.21805838046294,
        38.21805838046294,
        38.21805838046294,
        38.21805838046294,
        38.21805838046294,
        38.21805838046294,
        38.21805838046294,
        38.21805838046294,
        38.21805838046294,
        38.21805838046294
      ],
      "mean": 38.21805838046294,
      "std": 0.0
    },
    "150": {
      "widths": [
        38.22121124925714,
        38.22121124925714,
        38.22121124925714,
        38.22121124925714,
        38.22121124925714,
        38.22121124925714,
        38.22121124925714,
        38.22121124925714,
        38.22121124925714,
        38.22121124925714,
        38.22121124925714,
        38.22121124925714,
        38.22121124925714,
        38.22121124925714,
        38.22121124925714,
        38.22121124925714,
        38.22121124925714,
        38.22121124925714,
        38.22121124925714,
        38.22121124925714
      ],
      "mean": 38.221211249257145,
      "std": 7.105427357601002e-15
    },
    "200": {
      "widths": [
        38.15599690278761,
        38.15599690278761,
        38.15599690278761,
        38.15599690278761,
        38.15599690278761,
        38.15599690278761,
        38.15599690278761,
        38.15599690278761,
        38.15599690278761,
        38.15599690278761,
        38.15599690278761,
        38.15599690278761,
        38.15599690278761,
        38.15599690278761,
        38.15599690278761,
        38.15599690278761,
        38.15599690278761,
        38.15599690278761,
        38.15599690278761,
        38.15599690278761
      ],
      "mean": 38.15599690278761,
      "std": 0.0
    }
  }
}