{
  "model_path": "/lustre/fswork/projects/rech/aik/uhr51mx/ErrorVolumePolytopes/checkpoints/fashion_mlp_best.pth",
  "data_path": "/lustre/fswork/projects/rech/aik/uhr51mx/ErrorVolumePolytopes/data/fashionMNIST_correct_mlp.pt",
  "sample_idx": 45,
  "bits": 4,
  "n_replications": 20,
  "n_workers": 40,
  "elapsed_total_s": 4514.4,
  "n_directions_grid": [
    10,
    20,
    30,
    50,
    75,
    100,
    150,
    200
  ],
  "results": {
    "10": {
      "widths": [
        37.39568400294337,
        37.39568400294337,
        37.39568400294337,
        37.39568400294337,
        37.39568400294337,
        37.39568400294337,
        37.39568400294337,
        37.39568400294337,
        37.39568400294337,
        37.39568400294337,
        37.39568400294337,
        37.39568400294337,
        37.39568400294337,
        37.39568400294337,
        37.39568400294337,
        37.39568400294337,
        37.39568400294337,
        37.39568400294337,
        37.39568400294337,
        37.39568400294337
      ],
      "mean": 37.39568400294338,
      "std": 1.4210854715202004e-14
    },
    "20": {
      "widths": [
        37.38415258860023,
        37.38415258860023,
        37.38415258860023,
        37.38415258860023,
        37.38415258860023,
        37.38415258860023,
        37.38415258860023,
        37.38415258860023,
        37.38415258860023,
        37.38415258860023,
        37.38415258860023,
        37.38415258860023,
        37.38415258860023,
        37.38415258860023,
        37.38415258860023,
        37.38415258860023,
        37.38415258860023,
        37.38415258860023,
        37.38415258860023,
        37.38415258860023
      ],
      "mean": 37.38415258860024,
      "std": 7.105427357601002e-15
    },
    "30": {
      "widths": [
        37.31517439376968,
        37.31517439376968,
        37.31517439376968,
        37.31517439376968,
        37.31517439376968,
        37.31517439376968,
        37.31517439376968,
        37.31517439376968,
        37.31517439376968,
        37.31517439376968,
        37.31517439376968,
        37.31517439376968,
        37.31517439376968,
        37.31517439376968,
        37.31517439376968,
        37.31517439376968,
        37.31517439376968,
        37.31517439376968,
        37.31517439376968,
        37.31517439376968
      ],
      "mean": 37.31517439376968,
      "std": 0.0
    },
    "50": {
      "widths": [
        37.34767642742706,
        37.34767642742706,
        37.34767642742706,
        37.34767642742706,
        37.34767642742706,
        37.34767642742706,
        37.34767642742706,
        37.34767642742706,
        37.34767642742706,
        37.34767642742706,
        37.34767642742706,
        37.34767642742706,
        37.34767642742706,
        37.34767642742706,
        37.34767642742706,
        37.34767642742706,
        37.34767642742706,
        37.34767642742706,
        37.34767642742706,
        37.34767642742706
      ],
      "mean": 37.347676427427054,
      "std": 7.105427357601002e-15
    },
    "75": {
      "widths": [
        37.43193976295757,
        37.43193976295757,
        37.43193976295757,
        37.43193976295757,
        37.43193976295757,
        37.43193976295757,
        37.43193976295757,
        37.43193976295757,
        37.43193976295757,
        37.43193976295757,
        37.43193976295757,
        37.43193976295757,
        37.43193976295757,
        37.43193976295757,
        37.43193976295757,
        37.43193976295757,
        37.43193976295757,
        37.43193976295757,
        37.43193976295757,
        37.43193976295757
      ],
      "mean": 37.43193976295756,
      "std": 7.105427357601002e-15
    },
    "100": {
      "widths": [
        37.415182641281135,
        37.415182641281135,
        37.415182641281135,
        37.415182641281135,
        37.415182641281135,
        37.415182641281135,
        37.415182641281135,
        37.415182641281135,
        37.415182641281135,
        37.415182641281135,
        37.415182641281135,
        37.415182641281135,
        37.415182641281135,
        37.415182641281135,
        37.415182641281135,
        37.415182641281135,
        37.415182641281135,
        37.415182641281135,
        37.415182641281135,
        37.415182641281135
      ],
      "mean": 37.415182641281135,
      "std": 0.0
    },
    "150": {
      "widths": [
        37.34077385027579,
        37.34077385027579,
        37.34077385027579,
        37.34077385027579,
        37.34077385027579,
        37.34077385027579,
        37.34077385027579,
        37.34077385027579,
        37.34077385027579,
        37.34077385027579,
        37.34077385027579,
        37.34077385027579,
        37.34077385027579,
        37.34077385027579,
        37.34077385027579,
        37.34077385027579,
        37.34077385027579,
        37.34077385027579,
        37.34077385027579,
        37.34077385027579
      ],
      "mean": 37.340773850275795,
      "std": 7.105427357601002e-15
    },
    "200": {
      "widths": [
        37.34645179230564,
        37.34645179230564,
        37.34645179230564,
        37.34645179230564,
        37.34645179230564,
        37.34645179230564,
        37.34645179230564,
        37.34645179230564,
        37.34645179230564,
        37.34645179230564,
        37.34645179230564,
        37.34645179230564,
        37.34645179230564,
        37.34645179230564,
        37.34645179230564,
        37.34645179230564,
        37.34645179230564,
        37.34645179230564,
        37.34645179230564,
        37.34645179230564
      ],
      "mean": 37.34645179230564,
      "std": 0.0
    }
  }
}