{
  "model_path": "/lustre/fswork/projects/rech/aik/uhr51mx/ErrorVolumePolytopes/checkpoints/fashion_mlp_best.pth",
  "data_path": "/lustre/fswork/projects/rech/aik/uhr51mx/ErrorVolumePolytopes/data/fashionMNIST_correct_mlp.pt",
  "sample_idx": 19,
  "bits": 4,
  "n_replications": 20,
  "n_workers": 40,
  "elapsed_total_s": 6067.96,
  "n_directions_grid": [
    10,
    20,
    30,
    50,
    75,
    100,
    150,
    200,
    300
  ],
  "results": {
    "10": {
      "widths": [
        37.79669651563274,
        37.892568945496784,
        37.8328189041979,
        37.594169141967264,
        37.56998007569837,
        37.69642642591309,
        37.791785474868504,
        37.67721057296624,
        37.91270396632805,
        37.4403740350107,
        37.720210357225824,
        37.68616097872781,
        37.719435317458434,
        38.003780079030705,
        37.59129945104542,
        37.612193035401994,
        37.66393734487359,
        37.712064878696744,
        37.71249306070813,
        37.474898047085574
      ],
      "mean": 37.70506033041669,
      "std": 0.13753751650674112
    },
    "20": {
      "widths": [
        37.855789237845315,
        37.6153870496621,
        37.878587810916265,
        37.60382344577316,
        37.58364650377054,
        37.88206288005543,
        37.61348850952993,
        37.68111273594904,
        37.900847593277675,
        37.69567908853265,
        37.70744666910027,
        37.85195678798534,
        37.802499450461745,
        37.63207351023287,
        37.692033946092515,
        37.68883699858729,
        37.660334590017065,
        37.695335133109865,
        37.7394160566269,
        37.65747419230238
      ],
      "mean": 37.72189160949142,
      "std": 0.10032059943228692
    },
    "30": {
      "widths": [
        37.63345584635517,
        37.86090170295172,
        37.758291332023084,
        37.79505139409517,
        37.692955802397336,
        37.751592134547316,
        37.83584650835405,
        37.58286339350433,
        37.852305220645334,
        37.80148800614836,
        37.63291879059334,
        37.731289039564984,
        37.82534290234623,
        37.65033774399948,
        37.839039922826046,
        37.56294089267454,
        37.65140252066362,
        37.730536280925655,
        37.724213857371154,
        37.68153004199785
      ],
      "mean": 37.729715166699236,
      "std": 0.08929407426999574
    },
    "50": {
      "widths": [
        37.73324696886945,
        37.75525593325902,
        37.73765390991318,
        37.74801501374746,
        37.70469464768555,
        37.805949690809676,
        37.778513870918104,
        37.69651164335247,
        37.635513182342315,
        37.74776466374971,
        37.76431202122403,
        37.786524494636296,
        37.68260629486248,
        37.73505914411048,
        37.692216056962415,
        37.78821790339096,
        37.70572330097987,
        37.81594345755488,
        37.718726380394,
        37.77204082850276
      ],
      "mean": 37.74022447036326,
      "std": 0.044384152658961354
    },
    "75": {
      "widths": [
        37.69365943178737,
        37.68979161347555,
        37.842200860369466,
        37.783562806481704,
        37.81884530536616,
        37.7229740488571,
        37.72368732682349,
        37.75811185370236,
        37.77972427675747,
        37.80237767168424,
        37.68114568481313,
        37.796551255720715,
        37.75205981716055,
        37.843185767261566,
        37.71330847029931,
        37.61969723256638,
        37.67115097652345,
        37.73720350653892,
        37.84865249847944,
        37.70473329591222
      ],
      "mean": 37.74913118502902,
      "std": 0.06258994244089772
    },
    "100": {
      "widths": [
        37.70911113462403,
        37.77970733904545,
        37.769838986975685,
        37.719164269565056,
        37.719251574952175,
        37.7377852569667,
        37.764722931014305,
        37.8307226017336,
        37.69203880441232,
        37.704745941464424,
        37.748882751821604,
        37.672190968309934,
        37.7237020403312,
        37.76239683278353,
        37.72692762528245,
        37.73756282691203,
        37.765911101063374,
        37.74706704339698,
        37.809673327025536,
        37.82153942842218
      ],
      "mean": 37.74714713930513,
      "std": 0.040926404755541136
    },
    "150": {
      "widths": [
        37.78136190629361,
        37.82936443911236,
        37.73219826073951,
        37.759358732169666,
        37.716963103292365,
        37.71834348189423,
        37.76950313862504,
        37.74993172406335,
        37.73226513196222,
        37.77417088949863,
        37.7057834561426,
        37.72392180067948,
        37.755257708738064,
        37.71668957941085,
        37.712735557159704,
        37.70994074152236,
        37.70249967459736,
        37.7491878155767,
        37.745378740828286,
        37.737763447826936
      ],
      "mean": 37.74113096650667,
      "std": 0.030561493579445532
    },
    "200": {
      "widths": [
        37.75202301485768,
        37.76075460505961,
        37.75773759985504,
        37.77233678833286,
        37.71448857492624,
        37.750723510985054,
        37.75502083685521,
        37.773298505694896,
        37.79036001661154,
        37.728741577642296,
        37.709630434474185,
        37.72739834384969,
        37.74925126460387,
        37.70100757449116,
        37.77035612090135,
        37.73346422175555,
        37.75422583698871,
        37.72820118753738,
        37.706396293021825,
        37.716143462596285
      ],
      "mean": 37.74257798855202,
      "std": 0.0247558578827334
    },
    "300": {
      "widths": [
        37.737417393753155,
        37.740797923414114,
        37.708009885030194,
        37.721839383143035,
        37.75051531560505,
        37.735859832137095,
        37.71781267114316,
        37.723399299249095,
        37.71952708359203,
        37.76465322568708,
        37.74850969601722,
        37.78474195154198,
        37.73789143141185,
        37.71499219313903,
        37.742055634040355,
        37.73415456284587,
        37.76990193072968,
        37.70276026978808,
        37.72867204259072,
        37.75065346586846
      ],
      "mean": 37.736708259536364,
      "std": 0.020410165019137155
    }
  }
}