{
  "model_path": "/lustre/fswork/projects/rech/aik/uhr51mx/ErrorVolumePolytopes/checkpoints/fashion_mlp_best.pth",
  "data_path": "/lustre/fswork/projects/rech/aik/uhr51mx/ErrorVolumePolytopes/data/fashionMNIST_correct_mlp.pt",
  "sample_idx": 44,
  "bits": 4,
  "n_replications": 20,
  "n_workers": 40,
  "elapsed_total_s": 6388.96,
  "n_directions_grid": [
    10,
    20,
    30,
    50,
    75,
    100,
    150,
    200,
    300
  ],
  "results": {
    "10": {
      "widths": [
        38.27470604307939,
        38.00213988650391,
        38.08760636591425,
        38.52763682991828,
        38.110477669379044,
        38.28789962059079,
        38.11189956564334,
        38.107003362804846,
        38.09983184434783,
        38.180895023519255,
        38.19939021932028,
        38.03743330851267,
        38.09604762803688,
        37.98617930989432,
        38.06605608462753,
        37.87599748714751,
        38.29978520193332,
        37.8716340683245,
        38.15118553003966,
        37.93981782833667
      ],
      "mean": 38.11568114389372,
      "std": 0.15145872901036128
    },
    "20": {
      "widths": [
        38.18868924617793,
        38.02986923232079,
        38.173083503716995,
        38.20191280357547,
        37.91553848267233,
        38.10902286372473,
        38.10027918839738,
        38.12607463983481,
        38.12093279711102,
        38.014702788942216,
        37.97297759725732,
        38.16000425158852,
        38.15969322840076,
        37.96793796905988,
        38.20043861649217,
        38.01628647101305,
        38.306455284126386,
        38.07481839623341,
        38.08444819986036,
        38.0592152935734
      ],
      "mean": 38.09911904270395,
      "std": 0.09327247964288299
    },
    "30": {
      "widths": [
        38.037263821113235,
        38.2153239714143,
        38.04943287909277,
        38.133873813374336,
        38.00702544888482,
        37.99198769029575,
        38.07015809917274,
        38.03819841810462,
        38.109690356447416,
        38.14389943741335,
        38.20198804796749,
        38.23755243149949,
        38.04857702076315,
        38.073642039778946,
        38.14032681096951,
        38.13415421175162,
        38.065865106612584,
        38.23831561749824,
        38.145913641008946,
        38.047872096344854
      ],
      "mean": 38.1065530479754,
      "std": 0.07338217526351486
    },
    "50": {
      "widths": [
        38.12050136127238,
        38.20781600621467,
        38.06658017887924,
        38.06220170005698,
        37.97442759350693,
        38.104289350210166,
        38.20047632115386,
        38.17983856630062,
        38.17667803276284,
        38.19795065681385,
        38.04587282422249,
        38.03512935351477,
        38.085104863584455,
        38.1104358927121,
        38.13267350086857,
        38.0714211638798,
        38.16409277460323,
        38.033490938913545,
        38.121941309396604,
        38.033626114000484
      ],
      "mean": 38.10622742514338,
      "std": 0.06492928040846804
    },
    "75": {
      "widths": [
        38.08750121707191,
        37.97864736561074,
        38.09947942414479,
        38.09655723535466,
        38.1014966736514,
        38.12071705302935,
        38.150009934815614,
        38.047396168530355,
        38.08864287275427,
        38.06974521797254,
        38.06612824744965,
        38.115976700834764,
        38.06343636962583,
        38.081937322114875,
        38.077560626084754,
        38.098437090924655,
        38.037314710088204,
        38.10975553126823,
        38.110943077100984,
        38.089189547801105
      ],
      "mean": 38.08454361931143,
      "std": 0.035138049963361104
    },
    "100": {
      "widths": [
        38.094176420261746,
        38.04277158786123,
        38.1736192053797,
        38.14591240060136,
        38.04827760969348,
        38.146833646512334,
        38.12734171497796,
        38.07545076832778,
        38.060860710386876,
        38.07393027602415,
        38.06290612141581,
        38.19211528718735,
        38.104857889809345,
        38.095156770805865,
        38.04474269939305,
        38.20439619915847,
        38.0954411846499,
        38.12839366363974,
        38.107329556038174,
        38.098784587560914
      ],
      "mean": 38.10616491498426,
      "std": 0.04650232173461393
    },
    "150": {
      "widths": [
        38.10179235876053,
        38.143730774979126,
        38.114425011542636,
        38.02456801161359,
        38.05342795059212,
        38.10994836882013,
        38.08007553083912,
        38.11134513840768,
        38.0744792259568,
        38.030909985546806,
        38.113389322596056,
        38.06135989160432,
        38.083998005621105,
        38.078225957798615,
        38.14192715101149,
        38.07406794162961,
        38.08404574312715,
        38.081671258718686,
        38.14718548114408,
        38.13004927791411
      ],
      "mean": 38.09203111941118,
      "std": 0.03414288541861647
    },
    "200": {
      "widths": [
        38.10647144308654,
        38.106362512809945,
        38.128643012127476,
        38.007963233815374,
        38.12089396796515,
        38.06935698976859,
        38.11046375977697,
        38.128028262922996,
        38.104308134342865,
        38.10291228327492,
        38.11509286501345,
        38.01808392050408,
        38.06505190473415,
        38.096457983529916,
        38.075053232936376,
        38.07406088510128,
        38.06513194025411,
        38.08596871706528,
        38.05900828085697,
        38.093500781811315
      ],
      "mean": 38.086640705584884,
      "std": 0.0321746437321336
    },
    "300": {
      "widths": [
        38.130746629826476,
        38.12036083150153,
        38.11755988095606,
        38.11946810296353,
        38.07267465352451,
        38.0635365408158,
        38.10069549972827,
        38.11138782389867,
        38.08192188218549,
        38.080244091079784,
        38.0816791239807,
        38.04650293830459,
        38.01438367681769,
        38.07973265242467,
        38.11187060283088,
        38.11264834218884,
        38.05745636080775,
        38.05573127111754,
        38.07139675545312,
        38.089516565681606
      ],
      "mean": 38.08597571130438,
      "std": 0.02913274126973069
    }
  }
}