{
  "model_path": "/lustre/fswork/projects/rech/aik/uhr51mx/ErrorVolumePolytopes/checkpoints/fashion_mlp_best.pth",
  "data_path": "/lustre/fswork/projects/rech/aik/uhr51mx/ErrorVolumePolytopes/data/fashionMNIST_correct_mlp.pt",
  "sample_idx": 30,
  "bits": 4,
  "n_replications": 20,
  "n_workers": 40,
  "elapsed_total_s": 6717.43,
  "n_directions_grid": [
    10,
    20,
    30,
    50,
    75,
    100,
    150,
    200,
    300
  ],
  "results": {
    "10": {
      "widths": [
        37.852247982403966,
        37.76917561901268,
        37.91534469819099,
        37.56364045554134,
        37.93534011831774,
        37.86070904346222,
        37.718723432743936,
        37.99569289168021,
        37.97059112833249,
        38.04256660475501,
        38.032450507845816,
        37.92927894699473,
        37.743604264792175,
        37.70179622038035,
        37.816350098836935,
        38.08244913422059,
        37.776227488454346,
        37.91417404338878,
        38.04340818603265,
        37.91428047187672
      ],
      "mean": 37.87890256686319,
      "std": 0.1327979559713934
    },
    "20": {
      "widths": [
        38.044331592042326,
        37.84020403434879,
        37.74014390671711,
        37.871295307061814,
        38.03122477761569,
        37.85743872302936,
        37.920179962687016,
        37.92330827932729,
        37.90341793135586,
        37.893214535820924,
        37.736879164509226,
        37.61457571245596,
        37.60318412786109,
        37.690297059443836,
        37.57280608790205,
        38.09296912882673,
        37.78564052337932,
        37.760772400325465,
        37.99567041406321,
        37.665465060777265
      ],
      "mean": 37.827150936477516,
      "std": 0.1492900278122849
    },
    "30": {
      "widths": [
        37.8381046893578,
        37.82364106123043,
        37.81345409668443,
        37.91266946209166,
        37.75281056903999,
        37.972094883185314,
        37.82404303420992,
        37.811996464190194,
        37.867909775251654,
        37.93812089590618,
        37.80577907068483,
        37.72196560135514,
        37.81263142735252,
        37.81890193403802,
        37.776276040117935,
        37.873465586181766,
        38.094462893855365,
        37.9735521992719,
        37.98656121945093,
        37.84206502502481
      ],
      "mean": 37.86302529642404,
      "std": 0.08879753866310083
    },
    "50": {
      "widths": [
        37.97216069491936,
        37.78383053938633,
        37.88743630723957,
        37.921603262898486,
        37.84170055459694,
        37.841485089386715,
        37.964822048737226,
        37.833171941351864,
        37.808754169242,
        37.7576594846813,
        37.869353619207324,
        37.852178148949804,
        37.841000789188115,
        37.79739671418663,
        37.80256069060177,
        37.84845375207929,
        37.86811059188042,
        37.87004212342276,
        37.90397095136824,
        37.987179490275366
      ],
      "mean": 37.862643548179975,
      "std": 0.06099616587829517
    },
    "75": {
      "widths": [
        37.69280686461577,
        37.784014675462394,
        37.84046110204919,
        37.773760249144225,
        37.82888333116799,
        37.80084316860874,
        37.79736646386759,
        37.73714793188265,
        37.83607085458362,
        37.868287138577,
        37.818842789049704,
        37.871886191861286,
        37.83740573697417,
        37.83733866101964,
        37.76158765947203,
        37.82740213496221,
        37.7240826075556,
        37.80530619093525,
        37.82973491440239,
        37.8487023100679
      ],
      "mean": 37.80609654881296,
      "std": 0.04673050012314348
    },
    "100": {
      "widths": [
        37.83581237386679,
        37.83714444726137,
        37.84073664661175,
        37.78941381239634,
        37.76727863209051,
        37.84774380901983,
        37.83024576776265,
        37.84779972757733,
        37.87379041485634,
        37.68319062586687,
        37.87193109786077,
        37.90077747619487,
        37.90933543009342,
        37.77642626274479,
        37.82807064133213,
        37.821854187705796,
        37.85111550264674,
        37.86069723651448,
        37.855084497279,
        37.869456832164175
      ],
      "mean": 37.8348952710923,
      "std": 0.049487686665346226
    },
    "150": {
      "widths": [
        37.88217587062871,
        37.86505321816682,
        37.81341652784698,
        37.72546550944327,
        37.86165272999568,
        37.8659006203712,
        37.8053264630974,
        37.87154682674947,
        37.824056228887464,
        37.871152137744645,
        37.87511687937734,
        37.759213313028475,
        37.82103051464708,
        37.8446436156984,
        37.90825531378424,
        37.77102940380905,
        37.851150441662526,
        37.873259444562876,
        37.834077612433596,
        37.857056347185896
      ],
      "mean": 37.83902895095606,
      "std": 0.04465846762764872
    },
    "200": {
      "widths": [
        37.86929250232124,
        37.858467082919546,
        37.856364624918534,
        37.87291869151211,
        37.87094881371866,
        37.92995207198774,
        37.85990791893373,
        37.84259321678925,
        37.874674492393524,
        37.79312174036043,
        37.826656396277855,
        37.8643828461521,
        37.856188777020904,
        37.81836642345586,
        37.818695498628294,
        37.86411631908454,
        37.813875258584204,
        37.83133424278192,
        37.89310264524161,
        37.752050303935874
      ],
      "mean": 37.8483504933509,
      "std": 0.03732213510960196
    },
    "300": {
      "widths": [
        37.84421993446021,
        37.82658087980825,
        37.792617111054845,
        37.850482867635144,
        37.84248547302662,
        37.80930387269822,
        37.86824222737357,
        37.83629734340492,
        37.8444479391876,
        37.872987868250576,
        37.83508177034932,
        37.8294802962542,
        37.8923987590884,
        37.864831759504376,
        37.851586593147076,
        37.780115858510015,
        37.8111512044952,
        37.825738096341645,
        37.871509096589655,
        37.85130004902395
      ],
      "mean": 37.84004295001019,
      "std": 0.027197653404076157
    }
  }
}