{
  "model_path": "/lustre/fswork/projects/rech/aik/uhr51mx/ErrorVolumePolytopes/checkpoints/fashion_mlp_best.pth",
  "data_path": "/lustre/fswork/projects/rech/aik/uhr51mx/ErrorVolumePolytopes/data/fashionMNIST_correct_mlp.pt",
  "sample_idx": 17,
  "bits": 4,
  "n_replications": 20,
  "n_workers": 40,
  "elapsed_total_s": 6402.63,
  "n_directions_grid": [
    10,
    20,
    30,
    50,
    75,
    100,
    150,
    200,
    300
  ],
  "results": {
    "10": {
      "widths": [
        38.10502476272901,
        38.26045813239567,
        38.09873612567992,
        38.21841967361766,
        38.16295239299501,
        38.066449746303036,
        38.273340320134324,
        38.24505094325756,
        38.066023299545364,
        38.32015868817744,
        38.25352898096549,
        38.19523115475414,
        38.21523831543574,
        38.23846170110132,
        38.24549925279653,
        38.13333504119829,
        38.06102065523966,
        38.05633402940383,
        38.20143504442321,
        37.99849255842214
      ],
      "mean": 38.17075954092876,
      "std": 0.08855788506103324
    },
    "20": {
      "widths": [
        37.85717564070502,
        38.14063729003005,
        38.317788131431016,
        38.288541396042255,
        38.07831304614378,
        38.13750249111896,
        38.281676225290305,
        38.15649117915119,
        38.34362943002401,
        38.16336539249911,
        38.21528148942405,
        38.059779298933655,
        38.1717480109577,
        38.219703643865145,
        38.2406484161685,
        38.264007617183566,
        38.08644506444783,
        38.140302117334116,
        38.15644264253885,
        38.358636848000444
      ],
      "mean": 38.183905768564486,
      "std": 0.11339913880479693
    },
    "30": {
      "widths": [
        38.23289210221034,
        38.20658117315121,
        38.21770680193606,
        38.17344656516637,
        38.16136247427132,
        38.185106228294224,
        38.25651480665582,
        38.136374075041985,
        38.158387363578655,
        38.11674507813661,
        38.22856550777486,
        38.102673354570136,
        38.124676791874805,
        38.32823506198818,
        38.29164958102478,
        38.24458496316409,
        38.272636987629056,
        38.14772617978689,
        38.243742424242065,
        38.05214856574487
      ],
      "mean": 38.194087804312126,
      "std": 0.06842531366163025
    },
    "50": {
      "widths": [
        38.14324268523821,
        38.18506640851691,
        38.10307452148161,
        38.240598512862945,
        38.15096320460508,
        38.256059660882464,
        38.24474384902373,
        38.20127141695495,
        38.2707766844635,
        38.228537926103925,
        38.096764353988384,
        38.21571854947628,
        38.23279158297595,
        37.987820645658786,
        38.20484895993191,
        38.17378725359296,
        38.066241293543726,
        38.07826441332141,
        38.17939083588487,
        38.212536732169276
      ],
      "mean": 38.173624974533844,
      "std": 0.07244050559840781
    },
    "75": {
      "widths": [
        38.157572172171704,
        38.16137119444417,
        38.15395824155713,
        38.19294814408221,
        38.10685758348786,
        38.18942558142579,
        38.18153911581097,
        38.102079428921634,
        38.2309559650526,
        38.249287307718944,
        38.18239378103632,
        38.174586051095474,
        38.07292123081688,
        38.140487854228674,
        38.31122688754089,
        38.17180746198398,
        38.19987983022733,
        38.15511146030128,
        38.179338413025,
        38.22739649335437
      ],
      "mean": 38.17705720991417,
      "std": 0.05198258702606824
    },
    "100": {
      "widths": [
        38.22708229996673,
        38.21305079660585,
        38.16869858163497,
        38.2454655454716,
        38.14621684204835,
        38.149853700979406,
        38.21472716475621,
        38.2148740309014,
        38.140682847597226,
        38.18705338976006,
        38.19388850974792,
        38.17099287176167,
        38.164904026935474,
        38.22746930007595,
        38.15146133072445,
        38.16422072611114,
        38.13980548764933,
        38.2404766881053,
        38.22203748444234,
        38.19970766385541
      ],
      "mean": 38.18913346445654,
      "std": 0.03418279687237839
    },
    "150": {
      "widths": [
        38.2018863745361,
        38.16459902172743,
        38.19573924089173,
        38.20412421802756,
        38.245751958128594,
        38.102787419539474,
        38.18868152729045,
        38.10186002422003,
        38.15076630017552,
        38.1832862810598,
        38.17695935286708,
        38.178109188655995,
        38.186320689922155,
        38.23914331328898,
        38.148881649982975,
        38.16676853667916,
        38.20664361214885,
        38.17334490987437,
        38.152745357639475,
        38.2091400184384
      ],
      "mean": 38.178876949754695,
      "std": 0.03598101693988271
    },
    "200": {
      "widths": [
        38.1910372358586,
        38.20526270405853,
        38.16052739781736,
        38.1989770260134,
        38.13613943004971,
        38.15047294849743,
        38.20581955362451,
        38.17676163632622,
        38.16505496423063,
        38.163148691707214,
        38.202308601864594,
        38.17304897476263,
        38.17831972156753,
        38.18993663452099,
        38.24349952626692,
        38.191241502400494,
        38.21297722469357,
        38.1987477573924,
        38.213563810504404,
        38.156056445640644
      ],
      "mean": 38.185645089389894,
      "std": 0.025285329649261952
    },
    "300": {
      "widths": [
        38.180964919532975,
        38.227240825394205,
        38.135883322260206,
        38.19678188542716,
        38.1853102401448,
        38.20721491727153,
        38.20521517396937,
        38.18161355686454,
        38.186997350814735,
        38.223182542349655,
        38.18063505140923,
        38.167099931270926,
        38.170375295913026,
        38.22126885684077,
        38.21828247322199,
        38.208358783578916,
        38.15186003607334,
        38.142300353416765,
        38.137925320711,
        38.19804445519603
      ],
      "mean": 38.186327764583055,
      "std": 0.027858589461306527
    }
  }
}