{
  "model_path": "/lustre/fswork/projects/rech/aik/uhr51mx/ErrorVolumePolytopes/checkpoints/fashion_mlp_best.pth",
  "data_path": "/lustre/fswork/projects/rech/aik/uhr51mx/ErrorVolumePolytopes/data/fashionMNIST_correct_mlp.pt",
  "sample_idx": 39,
  "bits": 4,
  "n_replications": 20,
  "n_workers": 40,
  "elapsed_total_s": 3736.46,
  "n_directions_grid": [
    10,
    20,
    30,
    50,
    75,
    100,
    150,
    200
  ],
  "results": {
    "10": {
      "widths": [
        38.47861022919314,
        38.47861022919314,
        38.47861022919314,
        38.47861022919314,
        38.47861022919314,
        38.47861022919314,
        38.47861022919314,
        38.47861022919314,
        38.47861022919314,
        38.47861022919314,
        38.47861022919314,
        38.47861022919314,
        38.47861022919314,
        38.47861022919314,
        38.47861022919314,
        38.47861022919314,
        38.47861022919314,
        38.47861022919314,
        38.47861022919314,
        38.47861022919314
      ],
      "mean": 38.47861022919314,
      "std": 0.0
    },
    "20": {
      "widths": [
        38.4491242083905,
        38.4491242083905,
        38.4491242083905,
        38.4491242083905,
        38.4491242083905,
        38.4491242083905,
        38.4491242083905,
        38.4491242083905,
        38.4491242083905,
        38.4491242083905,
        38.4491242083905,
        38.4491242083905,
        38.4491242083905,
        38.4491242083905,
        38.4491242083905,
        38.4491242083905,
        38.4491242083905,
        38.4491242083905,
        38.4491242083905,
        38.4491242083905
      ],
      "mean": 38.449124208390494,
      "std": 7.105427357601002e-15
    },
    "30": {
      "widths": [
        38.410044015351524,
        38.410044015351524,
        38.410044015351524,
        38.410044015351524,
        38.410044015351524,
        38.410044015351524,
        38.410044015351524,
        38.410044015351524,
        38.410044015351524,
        38.410044015351524,
        38.410044015351524,
        38.410044015351524,
        38.410044015351524,
        38.410044015351524,
        38.410044015351524,
        38.410044015351524,
        38.410044015351524,
        38.410044015351524,
        38.410044015351524,
        38.410044015351524
      ],
      "mean": 38.41004401535153,
      "std": 7.105427357601002e-15
    },
    "50": {
      "widths": [
        38.41963612781455,
        38.41963612781455,
        38.41963612781455,
        38.41963612781455,
        38.41963612781455,
        38.41963612781455,
        38.41963612781455,
        38.41963612781455,
        38.41963612781455,
        38.41963612781455,
        38.41963612781455,
        38.41963612781455,
        38.41963612781455,
        38.41963612781455,
        38.41963612781455,
        38.41963612781455,
        38.41963612781455,
        38.41963612781455,
        38.41963612781455,
        38.41963612781455
      ],
      "mean": 38.41963612781455,
      "std": 0.0
    },
    "75": {
      "widths": [
        38.41597840516651,
        38.41597840516651,
        38.41597840516651,
        38.41597840516651,
        38.41597840516651,
        38.41597840516651,
        38.41597840516651,
        38.41597840516651,
        38.41597840516651,
        38.41597840516651,
        38.41597840516651,
        38.41597840516651,
        38.41597840516651,
        38.41597840516651,
        38.41597840516651,
        38.41597840516651,
        38.41597840516651,
        38.41597840516651,
        38.41597840516651,
        38.41597840516651
      ],
      "mean": 38.415978405166506,
      "std": 7.105427357601002e-15
    },
    "100": {
      "widths": [
        38.3610724904477,
        38.3610724904477,
        38.3610724904477,
        38.3610724904477,
        38.3610724904477,
        38.3610724904477,
        38.3610724904477,
        38.3610724904477,
        38.3610724904477,
        38.3610724904477,
        38.3610724904477,
        38.3610724904477,
        38.3610724904477,
        38.3610724904477,
        38.3610724904477,
        38.3610724904477,
        38.3610724904477,
        38.3610724904477,
        38.3610724904477,
        38.3610724904477
      ],
      "mean": 38.36107249044769,
      "std": 7.105427357601002e-15
    },
    "150": {
      "widths": [
        38.40812293992413,
        38.40812293992413,
        38.40812293992413,
        38.40812293992413,
        38.40812293992413,
        38.40812293992413,
        38.40812293992413,
        38.40812293992413,
        38.40812293992413,
        38.40812293992413,
        38.40812293992413,
        38.40812293992413,
        38.40812293992413,
        38.40812293992413,
        38.40812293992413,
        38.40812293992413,
        38.40812293992413,
        38.40812293992413,
        38.40812293992413,
        38.40812293992413
      ],
      "mean": 38.408122939924134,
      "std": 7.105427357601002e-15
    },
    "200": {
      "widths": [
        38.49019989835172,
        38.49019989835172,
        38.49019989835172,
        38.49019989835172,
        38.49019989835172,
        38.49019989835172,
        38.49019989835172,
        38.49019989835172,
        38.49019989835172,
        38.49019989835172,
        38.49019989835172,
        38.49019989835172,
        38.49019989835172,
        38.49019989835172,
        38.49019989835172,
        38.49019989835172,
        38.49019989835172,
        38.49019989835172,
        38.49019989835172,
        38.49019989835172
      ],
      "mean": 38.490199898351726,
      "std": 7.105427357601002e-15
    }
  }
}