{
  "model_path": "/lustre/fswork/projects/rech/aik/uhr51mx/ErrorVolumePolytopes/checkpoints/fashion_mlp_best.pth",
  "data_path": "/lustre/fswork/projects/rech/aik/uhr51mx/ErrorVolumePolytopes/data/fashionMNIST_correct_mlp.pt",
  "sample_idx": 21,
  "bits": 4,
  "n_replications": 20,
  "n_workers": 40,
  "elapsed_total_s": 3871.81,
  "n_directions_grid": [
    10,
    20,
    30,
    50,
    75,
    100,
    150,
    200
  ],
  "results": {
    "10": {
      "widths": [
        38.21255303692757,
        38.21255303692757,
        38.21255303692757,
        38.21255303692757,
        38.21255303692757,
        38.21255303692757,
        38.21255303692757,
        38.21255303692757,
        38.21255303692757,
        38.21255303692757,
        38.21255303692757,
        38.21255303692757,
        38.21255303692757,
        38.21255303692757,
        38.21255303692757,
        38.21255303692757,
        38.21255303692757,
        38.21255303692757,
        38.21255303692757,
        38.21255303692757
      ],
      "mean": 38.212553036927574,
      "std": 7.105427357601002e-15
    },
    "20": {
      "widths": [
        38.31134202247007,
        38.31134202247007,
        38.31134202247007,
        38.31134202247007,
        38.31134202247007,
        38.31134202247007,
        38.31134202247007,
        38.31134202247007,
        38.31134202247007,
        38.31134202247007,
        38.31134202247007,
        38.31134202247007,
        38.31134202247007,
        38.31134202247007,
        38.31134202247007,
        38.31134202247007,
        38.31134202247007,
        38.31134202247007,
        38.31134202247007,
        38.31134202247007
      ],
      "mean": 38.31134202247007,
      "std": 0.0
    },
    "30": {
      "widths": [
        38.302531256845455,
        38.302531256845455,
        38.302531256845455,
        38.302531256845455,
        38.302531256845455,
        38.302531256845455,
        38.302531256845455,
        38.302531256845455,
        38.302531256845455,
        38.302531256845455,
        38.302531256845455,
        38.302531256845455,
        38.302531256845455,
        38.302531256845455,
        38.302531256845455,
        38.302531256845455,
        38.302531256845455,
        38.302531256845455,
        38.302531256845455,
        38.302531256845455
      ],
      "mean": 38.302531256845455,
      "std": 0.0
    },
    "50": {
      "widths": [
        38.22158809425935,
        38.22158809425935,
        38.22158809425935,
        38.22158809425935,
        38.22158809425935,
        38.22158809425935,
        38.22158809425935,
        38.22158809425935,
        38.22158809425935,
        38.22158809425935,
        38.22158809425935,
        38.22158809425935,
        38.22158809425935,
        38.22158809425935,
        38.22158809425935,
        38.22158809425935,
        38.22158809425935,
        38.22158809425935,
        38.22158809425935,
        38.22158809425935
      ],
      "mean": 38.22158809425935,
      "std": 0.0
    },
    "75": {
      "widths": [
        38.30743372571298,
        38.30743372571298,
        38.30743372571298,
        38.30743372571298,
        38.30743372571298,
        38.30743372571298,
        38.30743372571298,
        38.30743372571298,
        38.30743372571298,
        38.30743372571298,
        38.30743372571298,
        38.30743372571298,
        38.30743372571298,
        38.30743372571298,
        38.30743372571298,
        38.30743372571298,
        38.30743372571298,
        38.30743372571298,
        38.30743372571298,
        38.30743372571298
      ],
      "mean": 38.307433725712976,
      "std": 7.105427357601002e-15
    },
    "100": {
      "widths": [
        38.352183678581056,
        38.352183678581056,
        38.352183678581056,
        38.352183678581056,
        38.352183678581056,
        38.352183678581056,
        38.352183678581056,
        38.352183678581056,
        38.352183678581056,
        38.352183678581056,
        38.352183678581056,
        38.352183678581056,
        38.352183678581056,
        38.352183678581056,
        38.352183678581056,
        38.352183678581056,
        38.352183678581056,
        38.352183678581056,
        38.352183678581056,
        38.352183678581056
      ],
      "mean": 38.35218367858105,
      "std": 7.105427357601002e-15
    },
    "150": {
      "widths": [
        38.33648744112556,
        38.33648744112556,
        38.33648744112556,
        38.33648744112556,
        38.33648744112556,
        38.33648744112556,
        38.33648744112556,
        38.33648744112556,
        38.33648744112556,
        38.33648744112556,
        38.33648744112556,
        38.33648744112556,
        38.33648744112556,
        38.33648744112556,
        38.33648744112556,
        38.33648744112556,
        38.33648744112556,
        38.33648744112556,
        38.33648744112556,
        38.33648744112556
      ],
      "mean": 38.336487441125556,
      "std": 7.105427357601002e-15
    },
    "200": {
      "widths": [
        38.33928052425533,
        38.33928052425533,
        38.33928052425533,
        38.33928052425533,
        38.33928052425533,
        38.33928052425533,
        38.33928052425533,
        38.33928052425533,
        38.33928052425533,
        38.33928052425533,
        38.33928052425533,
        38.33928052425533,
        38.33928052425533,
        38.33928052425533,
        38.33928052425533,
        38.33928052425533,
        38.33928052425533,
        38.33928052425533,
        38.33928052425533,
        38.33928052425533
      ],
      "mean": 38.33928052425532,
      "std": 7.105427357601002e-15
    }
  }
}