{
  "model_path": "/lustre/fswork/projects/rech/aik/uhr51mx/ErrorVolumePolytopes/checkpoints/fashion_mlp_best.pth",
  "data_path": "/lustre/fswork/projects/rech/aik/uhr51mx/ErrorVolumePolytopes/data/fashionMNIST_correct_mlp.pt",
  "sample_idx": 38,
  "bits": 4,
  "n_replications": 20,
  "n_workers": 40,
  "elapsed_total_s": 5401.41,
  "n_directions_grid": [
    10,
    20,
    30,
    50,
    75,
    100,
    150,
    200,
    300
  ],
  "results": {
    "10": {
      "widths": [
        39.069756690454525,
        39.10370052764821,
        38.921571374069,
        39.019229985420495,
        38.75367533925973,
        39.31896067779945,
        39.002796966989536,
        39.00996734498283,
        38.93277526526647,
        39.00005752825909,
        39.24100129794532,
        38.81481480698905,
        38.87712735047379,
        39.1721290050852,
        39.139164798224236,
        39.08902532728319,
        38.82398839290069,
        39.29859826416606,
        39.193965473080844,
        39.08372928825205
      ],
      "mean": 39.043301785227484,
      "std": 0.1550557412656203
    },
    "20": {
      "widths": [
        38.75184413642305,
        38.891040074481246,
        38.99397485977916,
        38.98924824458465,
        39.040391233804,
        39.14921510908903,
        39.07479742478107,
        39.09080678628499,
        38.89845930652963,
        39.079297405695485,
        38.970138911322096,
        39.0212097360391,
        39.04099667566687,
        38.85068988821295,
        38.92733725911955,
        39.013944192339025,
        39.07704952156216,
        39.061910449760894,
        38.92154165516115,
        38.93483297801222
      ],
      "mean": 38.98893629243242,
      "std": 0.09392954295464079
    },
    "30": {
      "widths": [
        38.91855763298291,
        38.991032051494855,
        39.11613376480149,
        38.94552756981654,
        39.062345052218966,
        39.04640483473035,
        39.007875231258645,
        39.050243208503865,
        39.05696839322358,
        39.0814686578295,
        38.96317994666262,
        39.01187000147312,
        39.004497946047074,
        39.07184675659347,
        38.90613211161154,
        38.99741294287757,
        39.16260472679297,
        39.07962193367258,
        38.91907877033315,
        39.059985590187146
      ],
      "mean": 39.0226393561556,
      "std": 0.06702580297661816
    },
    "50": {
      "widths": [
        39.018315583130054,
        39.00846324780008,
        38.97238989221027,
        39.07747067581386,
        39.08410488865565,
        39.04667840878395,
        39.11806816884325,
        38.91781078916038,
        38.95054075984221,
        38.954393360401816,
        39.09566395041919,
        39.005370529750586,
        39.08606541405324,
        39.071781410508365,
        39.0830136739776,
        38.98577833031419,
        39.03139095322755,
        39.06323727766196,
        39.025341536138555,
        39.06379006273645
      ],
      "mean": 39.032983445671455,
      "std": 0.05404456550227425
    },
    "75": {
      "widths": [
        39.043942583382616,
        39.01726913928304,
        38.95383254267789,
        38.949467647024704,
        38.9897943051182,
        39.07559486329033,
        39.0838160341629,
        39.052832034097015,
        39.093009891513475,
        38.97748394386462,
        38.992017233716524,
        39.02737984223152,
        39.0854297891868,
        39.023692393484225,
        39.067620913919434,
        39.08193575438585,
        39.014307056073015,
        39.06436428062329,
        39.01580305737996,
        39.027482588396964
      ],
      "mean": 39.03185379469062,
      "std": 0.04285162884102654
    },
    "100": {
      "widths": [
        39.052490621720096,
        39.06240932077591,
        39.01552271488365,
        38.902104935222084,
        39.0581547769123,
        39.01918660932842,
        39.01159161175453,
        38.960030341859195,
        38.976181593968874,
        39.00328783376846,
        39.078915626173206,
        38.89992717597211,
        39.09703856496917,
        39.03950069782527,
        39.011162311228894,
        38.97697232458136,
        39.0553317760535,
        38.98741329882206,
        38.99932412076882,
        38.98347738651945
      ],
      "mean": 39.009501182155375,
      "std": 0.0510375825742907
    },
    "150": {
      "widths": [
        39.03931722710267,
        39.02163037537449,
        39.02880195640925,
        39.03227017938189,
        39.02081018994597,
        39.02946448293376,
        39.05450010092382,
        39.04679033430843,
        38.98998780967294,
        38.9965661319081,
        39.028371482429336,
        39.02640461109517,
        39.005789834411004,
        39.0018191093483,
        39.00582692392864,
        38.95631032236094,
        39.0409516171426,
        39.02259516995912,
        39.03596969214024,
        39.00350797549548
      ],
      "mean": 39.01938427631361,
      "std": 0.022268701082554486
    },
    "200": {
      "widths": [
        39.0099355030155,
        39.00475135232864,
        39.02240000724004,
        38.98889943504625,
        39.045739540726466,
        39.01823681449726,
        38.99510741294106,
        39.04756364831986,
        39.00912874134335,
        39.01336135967364,
        39.00855777419529,
        39.00857405883719,
        39.04479877558947,
        39.011713770794366,
        39.000519650344046,
        39.003543168062386,
        38.97502830158965,
        39.032282134200415,
        38.95805604619848,
        38.99035766934247
      ],
      "mean": 39.009427758214294,
      "std": 0.022094245085847192
    },
    "300": {
      "widths": [
        39.00276386609847,
        39.005449798319766,
        39.00946591568598,
        39.013617149144615,
        39.0316523512254,
        39.055452511459166,
        39.03943555486059,
        38.98624748056047,
        38.98639642785394,
        39.01796898333187,
        38.995048609720946,
        38.99871192821207,
        39.00736892380029,
        38.98054670906291,
        38.97079623276841,
        39.04073152329252,
        38.99332260470611,
        39.00816959039319,
        39.00942864054549,
        38.993779066512445
      ],
      "mean": 39.00731769337773,
      "std": 0.02095261151192067
    }
  }
}