{
  "model_path": "/lustre/fswork/projects/rech/aik/uhr51mx/ErrorVolumePolytopes/checkpoints/fashion_mlp_best.pth",
  "data_path": "/lustre/fswork/projects/rech/aik/uhr51mx/ErrorVolumePolytopes/data/fashionMNIST_correct_mlp.pt",
  "sample_idx": 26,
  "bits": 4,
  "n_replications": 20,
  "n_workers": 40,
  "elapsed_total_s": 3822.54,
  "n_directions_grid": [
    10,
    20,
    30,
    50,
    75,
    100,
    150,
    200
  ],
  "results": {
    "10": {
      "widths": [
        38.84434821402116,
        38.84434821402116,
        38.84434821402116,
        38.84434821402116,
        38.84434821402116,
        38.84434821402116,
        38.84434821402116,
        38.84434821402116,
        38.84434821402116,
        38.84434821402116,
        38.84434821402116,
        38.84434821402116,
        38.84434821402116,
        38.84434821402116,
        38.84434821402116,
        38.84434821402116,
        38.84434821402116,
        38.84434821402116,
        38.84434821402116,
        38.84434821402116
      ],
      "mean": 38.84434821402115,
      "std": 7.105427357601002e-15
    },
    "20": {
      "widths": [
        38.826018345749944,
        38.826018345749944,
        38.826018345749944,
        38.826018345749944,
        38.826018345749944,
        38.826018345749944,
        38.826018345749944,
        38.826018345749944,
        38.826018345749944,
        38.826018345749944,
        38.826018345749944,
        38.826018345749944,
        38.826018345749944,
        38.826018345749944,
        38.826018345749944,
        38.826018345749944,
        38.826018345749944,
        38.826018345749944,
        38.826018345749944,
        38.826018345749944
      ],
      "mean": 38.826018345749944,
      "std": 0.0
    },
    "30": {
      "widths": [
        38.8100479015031,
        38.8100479015031,
        38.8100479015031,
        38.8100479015031,
        38.8100479015031,
        38.8100479015031,
        38.8100479015031,
        38.8100479015031,
        38.8100479015031,
        38.8100479015031,
        38.8100479015031,
        38.8100479015031,
        38.8100479015031,
        38.8100479015031,
        38.8100479015031,
        38.8100479015031,
        38.8100479015031,
        38.8100479015031,
        38.8100479015031,
        38.8100479015031
      ],
      "mean": 38.810047901503104,
      "std": 7.105427357601002e-15
    },
    "50": {
      "widths": [
        38.76781550746852,
        38.76781550746852,
        38.76781550746852,
        38.76781550746852,
        38.76781550746852,
        38.76781550746852,
        38.76781550746852,
        38.76781550746852,
        38.76781550746852,
        38.76781550746852,
        38.76781550746852,
        38.76781550746852,
        38.76781550746852,
        38.76781550746852,
        38.76781550746852,
        38.76781550746852,
        38.76781550746852,
        38.76781550746852,
        38.76781550746852,
        38.76781550746852
      ],
      "mean": 38.76781550746852,
      "std": 0.0
    },
    "75": {
      "widths": [
        38.78834771063243,
        38.78834771063243,
        38.78834771063243,
        38.78834771063243,
        38.78834771063243,
        38.78834771063243,
        38.78834771063243,
        38.78834771063243,
        38.78834771063243,
        38.78834771063243,
        38.78834771063243,
        38.78834771063243,
        38.78834771063243,
        38.78834771063243,
        38.78834771063243,
        38.78834771063243,
        38.78834771063243,
        38.78834771063243,
        38.78834771063243,
        38.78834771063243
      ],
      "mean": 38.788347710632436,
      "std": 7.105427357601002e-15
    },
    "100": {
      "widths": [
        38.76773256070552,
        38.76773256070552,
        38.76773256070552,
        38.76773256070552,
        38.76773256070552,
        38.76773256070552,
        38.76773256070552,
        38.76773256070552,
        38.76773256070552,
        38.76773256070552,
        38.76773256070552,
        38.76773256070552,
        38.76773256070552,
        38.76773256070552,
        38.76773256070552,
        38.76773256070552,
        38.76773256070552,
        38.76773256070552,
        38.76773256070552,
        38.76773256070552
      ],
      "mean": 38.767732560705525,
      "std": 7.105427357601002e-15
    },
    "150": {
      "widths": [
        38.73345407982225,
        38.73345407982225,
        38.73345407982225,
        38.73345407982225,
        38.73345407982225,
        38.73345407982225,
        38.73345407982225,
        38.73345407982225,
        38.73345407982225,
        38.73345407982225,
        38.73345407982225,
        38.73345407982225,
        38.73345407982225,
        38.73345407982225,
        38.73345407982225,
        38.73345407982225,
        38.73345407982225,
        38.73345407982225,
        38.73345407982225,
        38.73345407982225
      ],
      "mean": 38.73345407982224,
      "std": 1.4210854715202004e-14
    },
    "200": {
      "widths": [
        38.74064669309283,
        38.74064669309283,
        38.74064669309283,
        38.74064669309283,
        38.74064669309283,
        38.74064669309283,
        38.74064669309283,
        38.74064669309283,
        38.74064669309283,
        38.74064669309283,
        38.74064669309283,
        38.74064669309283,
        38.74064669309283,
        38.74064669309283,
        38.74064669309283,
        38.74064669309283,
        38.74064669309283,
        38.74064669309283,
        38.74064669309283,
        38.74064669309283
      ],
      "mean": 38.74064669309282,
      "std": 7.105427357601002e-15
    }
  }
}