{
  "model_path": "/lustre/fswork/projects/rech/aik/uhr51mx/ErrorVolumePolytopes/checkpoints/fashion_mlp_best.pth",
  "data_path": "/lustre/fswork/projects/rech/aik/uhr51mx/ErrorVolumePolytopes/data/fashionMNIST_correct_mlp.pt",
  "sample_idx": 5,
  "bits": 4,
  "n_replications": 20,
  "n_workers": 40,
  "elapsed_total_s": 6212.81,
  "n_directions_grid": [
    10,
    20,
    30,
    50,
    75,
    100,
    150,
    200,
    300
  ],
  "results": {
    "10": {
      "widths": [
        38.363133030754156,
        38.49095427402608,
        38.49808919232956,
        38.285116222131876,
        38.1403068713353,
        38.293118849817525,
        38.45098509052124,
        38.19815846014422,
        38.41151063264168,
        38.14433640698284,
        38.313945013167725,
        38.28428956590221,
        38.37935189139996,
        38.37845278249132,
        38.20402393222129,
        38.30403507571238,
        38.23661985288679,
        38.08152793137198,
        38.19838365021302,
        38.206454320355085
      ],
      "mean": 38.293139652320306,
      "std": 0.11560631351633222
    },
    "20": {
      "widths": [
        38.33518425817728,
        38.23655003424377,
        38.13211466114623,
        38.31607241366591,
        38.273584998650904,
        38.18683793127788,
        38.18374354423779,
        38.18396359171818,
        38.38444911783989,
        38.207181289439234,
        38.244142423813734,
        38.114001799068475,
        38.35919571186203,
        38.35350694222636,
        38.36741720560485,
        38.47798639520452,
        38.331434282165866,
        38.26961434035935,
        38.23562572926209,
        38.20667976971118
      ],
      "mean": 38.26996432198378,
      "std": 0.09136904850974274
    },
    "30": {
      "widths": [
        38.42552901530269,
        38.24057129672697,
        38.2665072317039,
        38.414307801565684,
        38.36038171246261,
        38.34772577637822,
        38.2014003250379,
        38.21151841990195,
        38.20097535373393,
        38.284951126348304,
        38.13280158571355,
        38.22041225991976,
        38.22454539828087,
        38.332640281249,
        38.1736473335579,
        38.23430363640376,
        38.19160739312627,
        38.099687125132796,
        38.2059795752034,
        38.34787185380781
      ],
      "mean": 38.25586822507786,
      "std": 0.08728318267859538
    },
    "50": {
      "widths": [
        38.287524408157445,
        38.31099444272863,
        38.29069218618099,
        38.28748480785359,
        38.276459862478845,
        38.295221108738446,
        38.30402103216218,
        38.397391380107564,
        38.24017149810252,
        38.246725731472004,
        38.27365103931482,
        38.146622262412436,
        38.1570421970236,
        38.23766897824476,
        38.174347016958734,
        38.40532956171918,
        38.329019289109596,
        38.25179511145654,
        38.2257056338711,
        38.37966363792987
      ],
      "mean": 38.275876559301146,
      "std": 0.0692216200334742
    },
    "75": {
      "widths": [
        38.183543662991006,
        38.22448593174141,
        38.336082877258356,
        38.30164581589204,
        38.273918494905566,
        38.283281172412195,
        38.2614882992898,
        38.30956263757295,
        38.30501904732195,
        38.29524146220784,
        38.22094547525517,
        38.22519998544112,
        38.18635061240898,
        38.277329275154145,
        38.27632753603378,
        38.35411583187061,
        38.26816431910349,
        38.31568308246578,
        38.28554411051586,
        38.294997437490174
      ],
      "mean": 38.27394635336661,
      "std": 0.04462771634843462
    },
    "100": {
      "widths": [
        38.28622173829685,
        38.27736020125742,
        38.23756378493369,
        38.23993975529243,
        38.31188041422445,
        38.280882326105896,
        38.284594922324374,
        38.209482151429526,
        38.18929658716477,
        38.2537458081742,
        38.236976097607965,
        38.23704465911013,
        38.26580906535955,
        38.37493690771673,
        38.2292371648669,
        38.23406142489256,
        38.26989878319452,
        38.30443804956803,
        38.2780604350784,
        38.29089614474698
      ],
      "mean": 38.264616321067265,
      "std": 0.04004071006579774
    },
    "150": {
      "widths": [
        38.29170020360303,
        38.24709797197247,
        38.25322168409037,
        38.234409657866415,
        38.28335597161597,
        38.24526683897414,
        38.27238222527692,
        38.30477730375042,
        38.231759737980816,
        38.245868223346285,
        38.25278647452753,
        38.24561431532915,
        38.223371668593536,
        38.187960729662784,
        38.26051649980681,
        38.28269443242027,
        38.255846776188775,
        38.263772526474156,
        38.31953924487431,
        38.23612272283474
      ],
      "mean": 38.256903260459445,
      "std": 0.02919811568822822
    },
    "200": {
      "widths": [
        38.29405554524806,
        38.23117093074223,
        38.24754520652603,
        38.28171091820359,
        38.26347562689002,
        38.275905283091596,
        38.269550800894834,
        38.32040053982345,
        38.28318925182957,
        38.289912602071716,
        38.276953157101545,
        38.274965644310434,
        38.24385703896188,
        38.28732592042535,
        38.26596227090461,
        38.25091427913989,
        38.235700514965366,
        38.256227575367326,
        38.2967188887973,
        38.336636780625206
      ],
      "mean": 38.274108938796005,
      "std": 0.02601547002508435
    },
    "300": {
      "widths": [
        38.26390480123796,
        38.27702366094748,
        38.29456580429932,
        38.29379517124689,
        38.2581016994937,
        38.29393858025206,
        38.26471576657441,
        38.24943135567029,
        38.29113402186918,
        38.24420940713745,
        38.29214392029268,
        38.28719414710784,
        38.23591509978037,
        38.26757396665139,
        38.22622404849655,
        38.28868246072414,
        38.26572234124994,
        38.225126394531046,
        38.29829460587601,
        38.26452972151275
      ],
      "mean": 38.269111348747565,
      "std": 0.023020937077881082
    }
  }
}