{
  "model_path": "/lustre/fswork/projects/rech/aik/uhr51mx/ErrorVolumePolytopes/checkpoints/fashion_mlp_best.pth",
  "data_path": "/lustre/fswork/projects/rech/aik/uhr51mx/ErrorVolumePolytopes/data/fashionMNIST_correct_mlp.pt",
  "sample_idx": 18,
  "bits": 4,
  "n_replications": 20,
  "n_workers": 40,
  "elapsed_total_s": 6880.38,
  "n_directions_grid": [
    10,
    20,
    30,
    50,
    75,
    100,
    150,
    200,
    300
  ],
  "results": {
    "10": {
      "widths": [
        37.882548978358116,
        37.841412982320314,
        37.84065226448727,
        37.888731190271,
        37.96524424530321,
        37.93639079358424,
        37.82492153979423,
        37.75554445693416,
        37.79205296655286,
        37.85611859835958,
        37.58837435415082,
        38.000018014343674,
        37.879202277574024,
        38.17549114969848,
        37.87072889704009,
        37.66384114770768,
        38.213465328172475,
        37.805495779740006,
        38.09106922228706,
        37.894631174013476
      ],
      "mean": 37.888296768034635,
      "std": 0.14732751296408714
    },
    "20": {
      "widths": [
        37.7783959897679,
        37.7376419785459,
        37.79096085127701,
        37.73723199440672,
        37.76151416754915,
        37.791960274128286,
        37.93169461295015,
        37.86295895909389,
        37.83371375390838,
        37.871429987598745,
        37.852502554703264,
        38.0355539274568,
        37.88885669393814,
        37.65831291439658,
        37.86398062089465,
        38.002440473008036,
        37.813418683775915,
        37.78807945818632,
        37.88422903614098,
        38.01825874753244
      ],
      "mean": 37.845156783962956,
      "std": 0.09566299978067133
    },
    "30": {
      "widths": [
        37.86568555087386,
        37.940938502657104,
        37.849800828724376,
        37.89711328473,
        37.92349593045627,
        37.9197442918214,
        37.844581375033485,
        37.82333200263489,
        37.92820593550436,
        37.899326644310456,
        37.95223290717088,
        37.89246775884531,
        37.86843220697143,
        37.899839153911536,
        37.83857008460955,
        37.89003481080655,
        37.79627073943431,
        37.92970684829759,
        37.84199515600566,
        37.8362008193795
      ],
      "mean": 37.88189874160893,
      "std": 0.04257194319317321
    },
    "50": {
      "widths": [
        37.88354839463189,
        37.85617891962121,
        37.95517580180229,
        37.98218382554224,
        37.82731755643337,
        37.858913303726546,
        37.88836141252302,
        37.89676489727945,
        37.93968037809206,
        37.84617564271397,
        37.85835231879833,
        37.84438190484141,
        37.91349985919755,
        37.792453423863805,
        37.91176798410084,
        37.91760458663547,
        37.7952491814607,
        37.89347458922223,
        37.940380688781936,
        37.83406391385296
      ],
      "mean": 37.88177642915606,
      "std": 0.05047484330712815
    },
    "75": {
      "widths": [
        37.87227304452743,
        37.962269418449125,
        37.90621121656325,
        37.80776008943811,
        37.86920439883715,
        37.781726766417684,
        37.85337996375124,
        37.816840575166864,
        37.81512643368548,
        37.937413937621336,
        37.90802127857017,
        37.88900417317005,
        37.908628718586634,
        37.89620046603028,
        37.85804544494945,
        37.88988503741481,
        37.815418835869316,
        37.93682501349901,
        37.86191412810829,
        37.87440832765521
      ],
      "mean": 37.873027863415544,
      "std": 0.046917188289351035
    },
    "100": {
      "widths": [
        37.90864982538155,
        37.95635368350524,
        37.87530229187946,
        37.8753600548451,
        37.90011783651854,
        37.943175669602255,
        37.850738144635784,
        37.90091900745744,
        37.87443734744657,
        37.87495072703737,
        37.908385801393074,
        37.81964968971695,
        37.80074344298213,
        37.92232027773507,
        37.882955433581365,
        37.87628225146957,
        37.92283578345237,
        37.84585250569638,
        37.878381213810734,
        37.859119655911485
      ],
      "mean": 37.88382653220292,
      "std": 0.0375035215331927
    },
    "150": {
      "widths": [
        37.88024002655751,
        37.87767430220557,
        37.851618306895986,
        37.88445690709443,
        37.89577408343383,
        37.871364040737184,
        37.909952998762286,
        37.84883709076472,
        37.87352559486472,
        37.87720592563139,
        37.81036542680744,
        37.853974826065595,
        37.91176431089414,
        37.89022100311351,
        37.8426747893156,
        37.93215736502597,
        37.88494611370216,
        37.84737544681306,
        37.895148089686806,
        37.86274785649346
      ],
      "mean": 37.87510122524328,
      "std": 0.027350995344105296
    },
    "200": {
      "widths": [
        37.824208943119714,
        37.89883960699736,
        37.84405707489204,
        37.87196488142078,
        37.87368536843124,
        37.8169400103114,
        37.908299421827664,
        37.89920982663524,
        37.89157777618078,
        37.88860775473527,
        37.85975327456431,
        37.86536032628501,
        37.90579038115914,
        37.87411302441594,
        37.866214712021744,
        37.87801539253206,
        37.91255648967123,
        37.929570109807244,
        37.87309214943922,
        37.85131499671599
      ],
      "mean": 37.876658576058176,
      "std": 0.028196514939956285
    },
    "300": {
      "widths": [
        37.84436476453941,
        37.907988550860445,
        37.88517363363219,
        37.888792082540505,
        37.879834278532456,
        37.879854343966315,
        37.8850810789216,
        37.8898340466866,
        37.86781266512437,
        37.86165907327201,
        37.89449079787316,
        37.936914087026686,
        37.85944941698656,
        37.856930943400585,
        37.876648053515616,
        37.83797262411598,
        37.912671353749964,
        37.9132292361975,
        37.8444574444994,
        37.867739668336505
      ],
      "mean": 37.879544907188894,
      "std": 0.02502706329605315
    }
  }
}