{
  "model_path": "/lustre/fswork/projects/rech/aik/uhr51mx/ErrorVolumePolytopes/checkpoints/fashion_mlp_best.pth",
  "data_path": "/lustre/fswork/projects/rech/aik/uhr51mx/ErrorVolumePolytopes/data/fashionMNIST_correct_mlp.pt",
  "sample_idx": 35,
  "bits": 4,
  "n_replications": 20,
  "n_workers": 40,
  "elapsed_total_s": 6229.6,
  "n_directions_grid": [
    10,
    20,
    30,
    50,
    75,
    100,
    150,
    200,
    300
  ],
  "results": {
    "10": {
      "widths": [
        38.31917016739173,
        38.474764555159325,
        38.558173316103336,
        38.59999634838245,
        38.408233292583226,
        38.56173816901369,
        38.30352957061697,
        38.08999399018161,
        38.49134503590078,
        38.45292550279478,
        38.44661758958542,
        38.28128320436257,
        38.4834532892733,
        38.36948467171107,
        38.27386533281948,
        38.43861654208418,
        38.347773287108424,
        38.238314890581094,
        38.41698874861012,
        38.38208770617192
      ],
      "mean": 38.39691776052178,
      "std": 0.12057689001602657
    },
    "20": {
      "widths": [
        38.37129853654166,
        38.43555104853425,
        38.172509285474156,
        38.292693880095996,
        38.37526606728062,
        38.50523556654704,
        38.19689900141201,
        38.34714084869768,
        38.57856867388979,
        38.3228802140826,
        38.47179464970636,
        38.505478816951886,
        38.2835658916059,
        38.64033474252686,
        38.3309236024786,
        38.44098874296559,
        38.348863092572,
        38.571984383424855,
        38.57850603446893,
        38.51221784886201
      ],
      "mean": 38.41413504640593,
      "std": 0.12759767801639338
    },
    "30": {
      "widths": [
        38.36569797684628,
        38.48684288733431,
        38.31673690292004,
        38.42533193689133,
        38.266000571947174,
        38.48129515205529,
        38.503198154493475,
        38.439243468309336,
        38.40554060084257,
        38.36897803095281,
        38.476608947411954,
        38.415063364268086,
        38.54366850316168,
        38.495391885298076,
        38.425131309323234,
        38.543161139083686,
        38.61088187124378,
        38.46408725705,
        38.48528275550078,
        38.43572675894072
      ],
      "mean": 38.44769347369373,
      "std": 0.07830638747400062
    },
    "50": {
      "widths": [
        38.44538451067608,
        38.43446571207933,
        38.43199050276211,
        38.35815480127473,
        38.39914206110152,
        38.320495718242434,
        38.53090824040314,
        38.53392767603529,
        38.49807389704175,
        38.400652756064815,
        38.35832829436393,
        38.37741326698109,
        38.43067275733856,
        38.41474273932975,
        38.5029617372872,
        38.36802877130708,
        38.44479897622517,
        38.42502387589522,
        38.33532280267097,
        38.389153974121285
      ],
      "mean": 38.41998215356008,
      "std": 0.05958714224868501
    },
    "75": {
      "widths": [
        38.47847469594968,
        38.39777471976691,
        38.400425939851054,
        38.46521024025707,
        38.4715883337242,
        38.474641726139104,
        38.40803103816881,
        38.538414978049325,
        38.43382857482714,
        38.42207114016903,
        38.40123189601257,
        38.43065130175488,
        38.4220872324509,
        38.4567144341598,
        38.39022191193836,
        38.34190924641562,
        38.390590288334465,
        38.59065376272557,
        38.39741531361354,
        38.434545720233444
      ],
      "mean": 38.43732412472708,
      "std": 0.05470740162204588
    },
    "100": {
      "widths": [
        38.457914114933594,
        38.44155392882402,
        38.42596874376989,
        38.451409202133206,
        38.41983936239969,
        38.456159279033834,
        38.440626976499836,
        38.34795158644309,
        38.37898197436479,
        38.46793974788647,
        38.42941950869812,
        38.38368254713127,
        38.51603484398565,
        38.515125661351895,
        38.468106089977766,
        38.42665166891692,
        38.46065203055977,
        38.40127936146722,
        38.38992251049843,
        38.44914606643203
      ],
      "mean": 38.43641826026538,
      "std": 0.04137185027095312
    },
    "150": {
      "widths": [
        38.43608378678939,
        38.40782351394093,
        38.37863949189104,
        38.41932921811382,
        38.36313058798912,
        38.49377849423198,
        38.415745856033205,
        38.48058027491157,
        38.45226643966525,
        38.40603569288412,
        38.403422765385635,
        38.424458983539004,
        38.42979401889947,
        38.46098350649076,
        38.37538214085719,
        38.418175808202854,
        38.421316423358405,
        38.45127215901319,
        38.46167653521991,
        38.44126535579276
      ],
      "mean": 38.42705805266048,
      "std": 0.033133466355234106
    },
    "200": {
      "widths": [
        38.41859407837342,
        38.41218307900658,
        38.45371893440535,
        38.503246473376365,
        38.50215216268658,
        38.4696729478707,
        38.42461584961996,
        38.413763930122585,
        38.38807446245829,
        38.48478068481384,
        38.49539664437167,
        38.380051079818365,
        38.47817013933302,
        38.38320013099207,
        38.42483191036856,
        38.39239589343608,
        38.39794110811788,
        38.443129785004786,
        38.440228516482584,
        38.42934638209856
      ],
      "mean": 38.43677470963786,
      "std": 0.039570560707803494
    },
    "300": {
      "widths": [
        38.3939262784064,
        38.44049339065287,
        38.39296810858736,
        38.41651141836507,
        38.41740464497131,
        38.383551737940095,
        38.44631390590673,
        38.429217640265996,
        38.44562690828886,
        38.38898357839047,
        38.443784987178475,
        38.46330076333844,
        38.45475189442721,
        38.46782478247093,
        38.44616756717626,
        38.45213647846608,
        38.43319869463576,
        38.44494291997888,
        38.406137157598636,
        38.4263054702678
      ],
      "mean": 38.429677416365685,
      "std": 0.02488211340450847
    }
  }
}