{
  "model_path": "/lustre/fswork/projects/rech/aik/uhr51mx/ErrorVolumePolytopes/checkpoints/fashion_mlp_best.pth",
  "data_path": "/lustre/fswork/projects/rech/aik/uhr51mx/ErrorVolumePolytopes/data/fashionMNIST_correct_mlp.pt",
  "sample_idx": 12,
  "bits": 4,
  "n_replications": 20,
  "n_workers": 40,
  "elapsed_total_s": 5369.44,
  "n_directions_grid": [
    10,
    20,
    30,
    50,
    75,
    100,
    150,
    200
  ],
  "results": {
    "10": {
      "widths": [
        36.66127049597479,
        36.66127049597479,
        36.66127049597479,
        36.66127049597479,
        36.66127049597479,
        36.66127049597479,
        36.66127049597479,
        36.66127049597479,
        36.66127049597479,
        36.66127049597479,
        36.66127049597479,
        36.66127049597479,
        36.66127049597479,
        36.66127049597479,
        36.66127049597479,
        36.66127049597479,
        36.66127049597479,
        36.66127049597479,
        36.66127049597479,
        36.66127049597479
      ],
      "mean": 36.66127049597479,
      "std": 0.0
    },
    "20": {
      "widths": [
        36.919271363074145,
        36.919271363074145,
        36.919271363074145,
        36.919271363074145,
        36.919271363074145,
        36.919271363074145,
        36.919271363074145,
        36.919271363074145,
        36.919271363074145,
        36.919271363074145,
        36.919271363074145,
        36.919271363074145,
        36.919271363074145,
        36.919271363074145,
        36.919271363074145,
        36.919271363074145,
        36.919271363074145,
        36.919271363074145,
        36.919271363074145,
        36.919271363074145
      ],
      "mean": 36.919271363074145,
      "std": 0.0
    },
    "30": {
      "widths": [
        37.03538297911508,
        37.03538297911508,
        37.03538297911508,
        37.03538297911508,
        37.03538297911508,
        37.03538297911508,
        37.03538297911508,
        37.03538297911508,
        37.03538297911508,
        37.03538297911508,
        37.03538297911508,
        37.03538297911508,
        37.03538297911508,
        37.03538297911508,
        37.03538297911508,
        37.03538297911508,
        37.03538297911508,
        37.03538297911508,
        37.03538297911508,
        37.03538297911508
      ],
      "mean": 37.03538297911508,
      "std": 0.0
    },
    "50": {
      "widths": [
        37.05209213176093,
        37.05209213176093,
        37.05209213176093,
        37.05209213176093,
        37.05209213176093,
        37.05209213176093,
        37.05209213176093,
        37.05209213176093,
        37.05209213176093,
        37.05209213176093,
        37.05209213176093,
        37.05209213176093,
        37.05209213176093,
        37.05209213176093,
        37.05209213176093,
        37.05209213176093,
        37.05209213176093,
        37.05209213176093,
        37.05209213176093,
        37.05209213176093
      ],
      "mean": 37.05209213176092,
      "std": 7.105427357601002e-15
    },
    "75": {
      "widths": [
        36.95741314358003,
        36.95741314358003,
        36.95741314358003,
        36.95741314358003,
        36.95741314358003,
        36.95741314358003,
        36.95741314358003,
        36.95741314358003,
        36.95741314358003,
        36.95741314358003,
        36.95741314358003,
        36.95741314358003,
        36.95741314358003,
        36.95741314358003,
        36.95741314358003,
        36.95741314358003,
        36.95741314358003,
        36.95741314358003,
        36.95741314358003,
        36.95741314358003
      ],
      "mean": 36.95741314358001,
      "std": 1.4210854715202004e-14
    },
    "100": {
      "widths": [
        36.85225405542767,
        36.85225405542767,
        36.85225405542767,
        36.85225405542767,
        36.85225405542767,
        36.85225405542767,
        36.85225405542767,
        36.85225405542767,
        36.85225405542767,
        36.85225405542767,
        36.85225405542767,
        36.85225405542767,
        36.85225405542767,
        36.85225405542767,
        36.85225405542767,
        36.85225405542767,
        36.85225405542767,
        36.85225405542767,
        36.85225405542767,
        36.85225405542767
      ],
      "mean": 36.85225405542768,
      "std": 7.105427357601002e-15
    },
    "150": {
      "widths": [
        36.959518844287885,
        36.959518844287885,
        36.959518844287885,
        36.959518844287885,
        36.959518844287885,
        36.959518844287885,
        36.959518844287885,
        36.959518844287885,
        36.959518844287885,
        36.959518844287885,
        36.959518844287885,
        36.959518844287885,
        36.959518844287885,
        36.959518844287885,
        36.959518844287885,
        36.959518844287885,
        36.959518844287885,
        36.959518844287885,
        36.959518844287885,
        36.959518844287885
      ],
      "mean": 36.95951884428789,
      "std": 7.105427357601002e-15
    },
    "200": {
      "widths": [
        36.95349993465818,
        36.95349993465818,
        36.95349993465818,
        36.95349993465818,
        36.95349993465818,
        36.95349993465818,
        36.95349993465818,
        36.95349993465818,
        36.95349993465818,
        36.95349993465818,
        36.95349993465818,
        36.95349993465818,
        36.95349993465818,
        36.95349993465818,
        36.95349993465818,
        36.95349993465818,
        36.95349993465818,
        36.95349993465818,
        36.95349993465818,
        36.95349993465818
      ],
      "mean": 36.95349993465819,
      "std": 7.105427357601002e-15
    }
  }
}