{
  "model_path": "/lustre/fswork/projects/rech/aik/uhr51mx/ErrorVolumePolytopes/checkpoints/fashion_mlp_best.pth",
  "data_path": "/lustre/fswork/projects/rech/aik/uhr51mx/ErrorVolumePolytopes/data/fashionMNIST_correct_mlp.pt",
  "sample_idx": 23,
  "bits": 4,
  "n_replications": 20,
  "n_workers": 40,
  "elapsed_total_s": 4337.41,
  "n_directions_grid": [
    10,
    20,
    30,
    50,
    75,
    100,
    150,
    200
  ],
  "results": {
    "10": {
      "widths": [
        37.74174426169738,
        37.74174426169738,
        37.74174426169738,
        37.74174426169738,
        37.74174426169738,
        37.74174426169738,
        37.74174426169738,
        37.74174426169738,
        37.74174426169738,
        37.74174426169738,
        37.74174426169738,
        37.74174426169738,
        37.74174426169738,
        37.74174426169738,
        37.74174426169738,
        37.74174426169738,
        37.74174426169738,
        37.74174426169738,
        37.74174426169738,
        37.74174426169738
      ],
      "mean": 37.74174426169738,
      "std": 0.0
    },
    "20": {
      "widths": [
        37.81069993493345,
        37.81069993493345,
        37.81069993493345,
        37.81069993493345,
        37.81069993493345,
        37.81069993493345,
        37.81069993493345,
        37.81069993493345,
        37.81069993493345,
        37.81069993493345,
        37.81069993493345,
        37.81069993493345,
        37.81069993493345,
        37.81069993493345,
        37.81069993493345,
        37.81069993493345,
        37.81069993493345,
        37.81069993493345,
        37.81069993493345,
        37.81069993493345
      ],
      "mean": 37.81069993493346,
      "std": 7.105427357601002e-15
    },
    "30": {
      "widths": [
        37.90250085437103,
        37.90250085437103,
        37.90250085437103,
        37.90250085437103,
        37.90250085437103,
        37.90250085437103,
        37.90250085437103,
        37.90250085437103,
        37.90250085437103,
        37.90250085437103,
        37.90250085437103,
        37.90250085437103,
        37.90250085437103,
        37.90250085437103,
        37.90250085437103,
        37.90250085437103,
        37.90250085437103,
        37.90250085437103,
        37.90250085437103,
        37.90250085437103
      ],
      "mean": 37.902500854371034,
      "std": 7.105427357601002e-15
    },
    "50": {
      "widths": [
        37.85843364907222,
        37.85843364907222,
        37.85843364907222,
        37.85843364907222,
        37.85843364907222,
        37.85843364907222,
        37.85843364907222,
        37.85843364907222,
        37.85843364907222,
        37.85843364907222,
        37.85843364907222,
        37.85843364907222,
        37.85843364907222,
        37.85843364907222,
        37.85843364907222,
        37.85843364907222,
        37.85843364907222,
        37.85843364907222,
        37.85843364907222,
        37.85843364907222
      ],
      "mean": 37.858433649072225,
      "std": 7.105427357601002e-15
    },
    "75": {
      "widths": [
        37.761953265067355,
        37.761953265067355,
        37.761953265067355,
        37.761953265067355,
        37.761953265067355,
        37.761953265067355,
        37.761953265067355,
        37.761953265067355,
        37.761953265067355,
        37.761953265067355,
        37.761953265067355,
        37.761953265067355,
        37.761953265067355,
        37.761953265067355,
        37.761953265067355,
        37.761953265067355,
        37.761953265067355,
        37.761953265067355,
        37.761953265067355,
        37.761953265067355
      ],
      "mean": 37.76195326506736,
      "std": 7.105427357601002e-15
    },
    "100": {
      "widths": [
        37.742953444922286,
        37.742953444922286,
        37.742953444922286,
        37.742953444922286,
        37.742953444922286,
        37.742953444922286,
        37.742953444922286,
        37.742953444922286,
        37.742953444922286,
        37.742953444922286,
        37.742953444922286,
        37.742953444922286,
        37.742953444922286,
        37.742953444922286,
        37.742953444922286,
        37.742953444922286,
        37.742953444922286,
        37.742953444922286,
        37.742953444922286,
        37.742953444922286
      ],
      "mean": 37.74295344492228,
      "std": 7.105427357601002e-15
    },
    "150": {
      "widths": [
        37.72903100950248,
        37.72903100950248,
        37.72903100950248,
        37.72903100950248,
        37.72903100950248,
        37.72903100950248,
        37.72903100950248,
        37.72903100950248,
        37.72903100950248,
        37.72903100950248,
        37.72903100950248,
        37.72903100950248,
        37.72903100950248,
        37.72903100950248,
        37.72903100950248,
        37.72903100950248,
        37.72903100950248,
        37.72903100950248,
        37.72903100950248,
        37.72903100950248
      ],
      "mean": 37.72903100950248,
      "std": 0.0
    },
    "200": {
      "widths": [
        37.74179303626237,
        37.74179303626237,
        37.74179303626237,
        37.74179303626237,
        37.74179303626237,
        37.74179303626237,
        37.74179303626237,
        37.74179303626237,
        37.74179303626237,
        37.74179303626237,
        37.74179303626237,
        37.74179303626237,
        37.74179303626237,
        37.74179303626237,
        37.74179303626237,
        37.74179303626237,
        37.74179303626237,
        37.74179303626237,
        37.74179303626237,
        37.74179303626237
      ],
      "mean": 37.74179303626237,
      "std": 0.0
    }
  }
}