{
  "model_path": "/lustre/fswork/projects/rech/aik/uhr51mx/ErrorVolumePolytopes/checkpoints/fashion_mlp_best.pth",
  "data_path": "/lustre/fswork/projects/rech/aik/uhr51mx/ErrorVolumePolytopes/data/fashionMNIST_correct_mlp.pt",
  "sample_idx": 29,
  "bits": 4,
  "n_replications": 20,
  "n_workers": 40,
  "elapsed_total_s": 4486.83,
  "n_directions_grid": [
    10,
    20,
    30,
    50,
    75,
    100,
    150,
    200
  ],
  "results": {
    "10": {
      "widths": [
        37.86579712768719,
        37.86579712768719,
        37.86579712768719,
        37.86579712768719,
        37.86579712768719,
        37.86579712768719,
        37.86579712768719,
        37.86579712768719,
        37.86579712768719,
        37.86579712768719,
        37.86579712768719,
        37.86579712768719,
        37.86579712768719,
        37.86579712768719,
        37.86579712768719,
        37.86579712768719,
        37.86579712768719,
        37.86579712768719,
        37.86579712768719,
        37.86579712768719
      ],
      "mean": 37.86579712768719,
      "std": 0.0
    },
    "20": {
      "widths": [
        37.849477549984684,
        37.849477549984684,
        37.849477549984684,
        37.849477549984684,
        37.849477549984684,
        37.849477549984684,
        37.849477549984684,
        37.849477549984684,
        37.849477549984684,
        37.849477549984684,
        37.849477549984684,
        37.849477549984684,
        37.849477549984684,
        37.849477549984684,
        37.849477549984684,
        37.849477549984684,
        37.849477549984684,
        37.849477549984684,
        37.849477549984684,
        37.849477549984684
      ],
      "mean": 37.84947754998469,
      "std": 7.105427357601002e-15
    },
    "30": {
      "widths": [
        37.69464059297473,
        37.69464059297473,
        37.69464059297473,
        37.69464059297473,
        37.69464059297473,
        37.69464059297473,
        37.69464059297473,
        37.69464059297473,
        37.69464059297473,
        37.69464059297473,
        37.69464059297473,
        37.69464059297473,
        37.69464059297473,
        37.69464059297473,
        37.69464059297473,
        37.69464059297473,
        37.69464059297473,
        37.69464059297473,
        37.69464059297473,
        37.69464059297473
      ],
      "mean": 37.69464059297472,
      "std": 7.105427357601002e-15
    },
    "50": {
      "widths": [
        37.65625226704967,
        37.65625226704967,
        37.65625226704967,
        37.65625226704967,
        37.65625226704967,
        37.65625226704967,
        37.65625226704967,
        37.65625226704967,
        37.65625226704967,
        37.65625226704967,
        37.65625226704967,
        37.65625226704967,
        37.65625226704967,
        37.65625226704967,
        37.65625226704967,
        37.65625226704967,
        37.65625226704967,
        37.65625226704967,
        37.65625226704967,
        37.65625226704967
      ],
      "mean": 37.65625226704968,
      "std": 7.105427357601002e-15
    },
    "75": {
      "widths": [
        37.70732265114762,
        37.70732265114762,
        37.70732265114762,
        37.70732265114762,
        37.70732265114762,
        37.70732265114762,
        37.70732265114762,
        37.70732265114762,
        37.70732265114762,
        37.70732265114762,
        37.70732265114762,
        37.70732265114762,
        37.70732265114762,
        37.70732265114762,
        37.70732265114762,
        37.70732265114762,
        37.70732265114762,
        37.70732265114762,
        37.70732265114762,
        37.70732265114762
      ],
      "mean": 37.707322651147614,
      "std": 7.105427357601002e-15
    },
    "100": {
      "widths": [
        37.728702361322696,
        37.728702361322696,
        37.728702361322696,
        37.728702361322696,
        37.728702361322696,
        37.728702361322696,
        37.728702361322696,
        37.728702361322696,
        37.728702361322696,
        37.728702361322696,
        37.728702361322696,
        37.728702361322696,
        37.728702361322696,
        37.728702361322696,
        37.728702361322696,
        37.728702361322696,
        37.728702361322696,
        37.728702361322696,
        37.728702361322696,
        37.728702361322696
      ],
      "mean": 37.728702361322696,
      "std": 0.0
    },
    "150": {
      "widths": [
        37.6875594163769,
        37.6875594163769,
        37.6875594163769,
        37.6875594163769,
        37.6875594163769,
        37.6875594163769,
        37.6875594163769,
        37.6875594163769,
        37.6875594163769,
        37.6875594163769,
        37.6875594163769,
        37.6875594163769,
        37.6875594163769,
        37.6875594163769,
        37.6875594163769,
        37.6875594163769,
        37.6875594163769,
        37.6875594163769,
        37.6875594163769,
        37.6875594163769
      ],
      "mean": 37.68755941637689,
      "std": 7.105427357601002e-15
    },
    "200": {
      "widths": [
        37.69163709542447,
        37.69163709542447,
        37.69163709542447,
        37.69163709542447,
        37.69163709542447,
        37.69163709542447,
        37.69163709542447,
        37.69163709542447,
        37.69163709542447,
        37.69163709542447,
        37.69163709542447,
        37.69163709542447,
        37.69163709542447,
        37.69163709542447,
        37.69163709542447,
        37.69163709542447,
        37.69163709542447,
        37.69163709542447,
        37.69163709542447,
        37.69163709542447
      ],
      "mean": 37.69163709542446,
      "std": 7.105427357601002e-15
    }
  }
}