{
  "model_path": "/lustre/fswork/projects/rech/aik/uhr51mx/ErrorVolumePolytopes/checkpoints/fashion_mlp_best.pth",
  "data_path": "/lustre/fswork/projects/rech/aik/uhr51mx/ErrorVolumePolytopes/data/fashionMNIST_correct_mlp.pt",
  "sample_idx": 41,
  "bits": 4,
  "n_replications": 20,
  "n_workers": 40,
  "elapsed_total_s": 4390.7,
  "n_directions_grid": [
    10,
    20,
    30,
    50,
    75,
    100,
    150,
    200
  ],
  "results": {
    "10": {
      "widths": [
        38.379758959685766,
        38.379758959685766,
        38.379758959685766,
        38.379758959685766,
        38.379758959685766,
        38.379758959685766,
        38.379758959685766,
        38.379758959685766,
        38.379758959685766,
        38.379758959685766,
        38.379758959685766,
        38.379758959685766,
        38.379758959685766,
        38.379758959685766,
        38.379758959685766,
        38.379758959685766,
        38.379758959685766,
        38.379758959685766,
        38.379758959685766,
        38.379758959685766
      ],
      "mean": 38.379758959685766,
      "std": 0.0
    },
    "20": {
      "widths": [
        38.1580640049633,
        38.1580640049633,
        38.1580640049633,
        38.1580640049633,
        38.1580640049633,
        38.1580640049633,
        38.1580640049633,
        38.1580640049633,
        38.1580640049633,
        38.1580640049633,
        38.1580640049633,
        38.1580640049633,
        38.1580640049633,
        38.1580640049633,
        38.1580640049633,
        38.1580640049633,
        38.1580640049633,
        38.1580640049633,
        38.1580640049633,
        38.1580640049633
      ],
      "mean": 38.1580640049633,
      "std": 0.0
    },
    "30": {
      "widths": [
        37.92251100627482,
        37.92251100627482,
        37.92251100627482,
        37.92251100627482,
        37.92251100627482,
        37.92251100627482,
        37.92251100627482,
        37.92251100627482,
        37.92251100627482,
        37.92251100627482,
        37.92251100627482,
        37.92251100627482,
        37.92251100627482,
        37.92251100627482,
        37.92251100627482,
        37.92251100627482,
        37.92251100627482,
        37.92251100627482,
        37.92251100627482,
        37.92251100627482
      ],
      "mean": 37.92251100627482,
      "std": 0.0
    },
    "50": {
      "widths": [
        37.9435895835022,
        37.9435895835022,
        37.9435895835022,
        37.9435895835022,
        37.9435895835022,
        37.9435895835022,
        37.9435895835022,
        37.9435895835022,
        37.9435895835022,
        37.9435895835022,
        37.9435895835022,
        37.9435895835022,
        37.9435895835022,
        37.9435895835022,
        37.9435895835022,
        37.9435895835022,
        37.9435895835022,
        37.9435895835022,
        37.9435895835022,
        37.9435895835022
      ],
      "mean": 37.9435895835022,
      "std": 0.0
    },
    "75": {
      "widths": [
        37.94396673074161,
        37.94396673074161,
        37.94396673074161,
        37.94396673074161,
        37.94396673074161,
        37.94396673074161,
        37.94396673074161,
        37.94396673074161,
        37.94396673074161,
        37.94396673074161,
        37.94396673074161,
        37.94396673074161,
        37.94396673074161,
        37.94396673074161,
        37.94396673074161,
        37.94396673074161,
        37.94396673074161,
        37.94396673074161,
        37.94396673074161,
        37.94396673074161
      ],
      "mean": 37.943966730741614,
      "std": 7.105427357601002e-15
    },
    "100": {
      "widths": [
        37.86834078359556,
        37.86834078359556,
        37.86834078359556,
        37.86834078359556,
        37.86834078359556,
        37.86834078359556,
        37.86834078359556,
        37.86834078359556,
        37.86834078359556,
        37.86834078359556,
        37.86834078359556,
        37.86834078359556,
        37.86834078359556,
        37.86834078359556,
        37.86834078359556,
        37.86834078359556,
        37.86834078359556,
        37.86834078359556,
        37.86834078359556,
        37.86834078359556
      ],
      "mean": 37.86834078359557,
      "std": 7.105427357601002e-15
    },
    "150": {
      "widths": [
        37.84325116829657,
        37.84325116829657,
        37.84325116829657,
        37.84325116829657,
        37.84325116829657,
        37.84325116829657,
        37.84325116829657,
        37.84325116829657,
        37.84325116829657,
        37.84325116829657,
        37.84325116829657,
        37.84325116829657,
        37.84325116829657,
        37.84325116829657,
        37.84325116829657,
        37.84325116829657,
        37.84325116829657,
        37.84325116829657,
        37.84325116829657,
        37.84325116829657
      ],
      "mean": 37.84325116829656,
      "std": 7.105427357601002e-15
    },
    "200": {
      "widths": [
        37.88719588185908,
        37.88719588185908,
        37.88719588185908,
        37.88719588185908,
        37.88719588185908,
        37.88719588185908,
        37.88719588185908,
        37.88719588185908,
        37.88719588185908,
        37.88719588185908,
        37.88719588185908,
        37.88719588185908,
        37.88719588185908,
        37.88719588185908,
        37.88719588185908,
        37.88719588185908,
        37.88719588185908,
        37.88719588185908,
        37.88719588185908,
        37.88719588185908
      ],
      "mean": 37.88719588185907,
      "std": 7.105427357601002e-15
    }
  }
}