{
  "model_path": "/lustre/fswork/projects/rech/aik/uhr51mx/ErrorVolumePolytopes/checkpoints/fashion_mlp_best.pth",
  "data_path": "/lustre/fswork/projects/rech/aik/uhr51mx/ErrorVolumePolytopes/data/fashionMNIST_correct_mlp.pt",
  "sample_idx": 16,
  "bits": 4,
  "n_replications": 20,
  "n_workers": 40,
  "elapsed_total_s": 6533.52,
  "n_directions_grid": [
    10,
    20,
    30,
    50,
    75,
    100,
    150,
    200,
    300
  ],
  "results": {
    "10": {
      "widths": [
        37.887732722362685,
        37.808543233950736,
        38.011151920408615,
        37.987910494284954,
        38.073446505187164,
        38.066038579989836,
        37.70408612944898,
        37.92812467601218,
        38.02165908370249,
        38.020387471694555,
        38.10650371412081,
        38.03767060673084,
        38.177141858250124,
        37.74934520102302,
        37.89551265781187,
        37.929498263047364,
        37.80446770447021,
        38.10182910876289,
        38.125077142634396,
        37.91489774815273
      ],
      "mean": 37.96755124110233,
      "std": 0.12770846854035464
    },
    "20": {
      "widths": [
        37.97988451003283,
        37.91478481286701,
        38.10234343201297,
        38.08094866061576,
        37.871466675351165,
        37.98709223352977,
        38.05679835796284,
        37.830994054315546,
        37.954019320459736,
        37.954163186307966,
        38.0648697719323,
        37.954201097555895,
        37.992683711510765,
        38.03732096737345,
        38.02480677412454,
        38.006769276966956,
        37.949968829350155,
        37.784716672409914,
        37.93379556072997,
        37.985396854276686
      ],
      "mean": 37.97335123798431,
      "std": 0.07906998083425595
    },
    "30": {
      "widths": [
        37.94162920665732,
        38.01317684290919,
        37.97878937825736,
        38.115574607918155,
        37.9175168274753,
        38.07878913711034,
        38.02664239754933,
        37.91750056064338,
        38.006919723671544,
        37.98702567939231,
        38.047271614490505,
        38.04105837706791,
        37.91736767284026,
        37.9081005201187,
        37.89393110684987,
        38.02049546472754,
        37.96852043790399,
        37.914969518834255,
        37.94452827083749,
        38.022079330367006
      ],
      "mean": 37.98309433378108,
      "std": 0.06126416632366388
    },
    "50": {
      "widths": [
        37.91569536408444,
        38.01613345120699,
        38.02720382985556,
        37.88600098795216,
        37.977615955241006,
        37.86797844391311,
        38.04229216028108,
        37.98193462161269,
        37.98087330521047,
        38.01134451622133,
        37.99442934781466,
        37.899986554165444,
        38.06766125679185,
        38.08446818853347,
        37.97965722920991,
        37.92525757723117,
        38.00214968264992,
        37.984309889643434,
        37.97699470087124,
        38.04016208831456
      ],
      "mean": 37.98310745754023,
      "std": 0.05747887050663146
    },
    "75": {
      "widths": [
        37.947038962035506,
        37.97587486522128,
        37.97067984781281,
        37.929551794022366,
        37.97566177465186,
        37.99708803328785,
        38.033288863605776,
        37.90619805227661,
        37.969860367718674,
        37.94697264975447,
        37.97282288876986,
        38.074705156461995,
        37.92722613693817,
        38.00230508439201,
        37.90672310309574,
        37.98274238657175,
        37.96872333465969,
        37.95684889176753,
        37.987817781924605,
        37.99174339606372
      ],
      "mean": 37.971193668551614,
      "std": 0.03906247235742204
    },
    "100": {
      "widths": [
        37.99438487986974,
        37.86671585775648,
        37.951903625724874,
        37.96325599534607,
        37.99274364561781,
        37.97154768030802,
        37.954618611779296,
        38.02241770471492,
        37.99954879170034,
        37.92582462655305,
        37.984338206000146,
        38.00327512466689,
        37.983736297386706,
        38.05243210418726,
        37.97960799203998,
        38.02845960072885,
        37.94088951821343,
        37.99272056780388,
        37.99586300566953,
        37.938371772651465
      ],
      "mean": 37.977132780435944,
      "std": 0.03986565582628921
    },
    "150": {
      "widths": [
        38.01013336066598,
        38.00517091112239,
        37.972207998194364,
        37.93682915970558,
        37.959648924469136,
        37.992354507948946,
        37.97502251468598,
        37.96582729856858,
        37.95836658266766,
        37.982992723673945,
        37.94372177671897,
        37.94955802344435,
        37.953133749182136,
        37.952328951056906,
        37.94856893380872,
        37.935710166878806,
        37.988144509577154,
        37.94145144923099,
        37.96590606624206,
        37.973932445007556
      ],
      "mean": 37.96555050264251,
      "std": 0.02124530372192059
    },
    "200": {
      "widths": [
        37.965098859251064,
        37.95263349118072,
        37.958378083055464,
        38.02696790294987,
        37.92667532474071,
        37.94354061396403,
        38.00173485099756,
        37.99818354891558,
        37.97112016945235,
        37.9222012119689,
        38.00300085414733,
        37.961149214581155,
        37.9872812427785,
        37.90565126714823,
        37.9747501580233,
        37.942064685362354,
        38.00070827302098,
        37.97304349806309,
        37.9734511464162,
        37.95285635299257
      ],
      "mean": 37.967024537450506,
      "std": 0.029884188295668752
    },
    "300": {
      "widths": [
        37.97566903165623,
        37.92814612782107,
        37.97367601212907,
        37.936789430178145,
        37.955894681843205,
        37.964907113703596,
        37.95667781430183,
        37.91254693044815,
        37.890029438014146,
        37.96560156338764,
        38.01190567819101,
        37.966008745923546,
        37.97553973950306,
        37.962971447953244,
        37.96363830641631,
        37.947549806610425,
        37.96889614927889,
        37.96435502682489,
        37.933456766016654,
        37.97598954112486
      ],
      "mean": 37.9565124675663,
      "std": 0.025671865534507184
    }
  }
}