{
  "model_path": "/lustre/fswork/projects/rech/aik/uhr51mx/ErrorVolumePolytopes/checkpoints/fashion_mlp_best.pth",
  "data_path": "/lustre/fswork/projects/rech/aik/uhr51mx/ErrorVolumePolytopes/data/fashionMNIST_correct_mlp.pt",
  "sample_idx": 11,
  "bits": 4,
  "n_replications": 20,
  "n_workers": 40,
  "elapsed_total_s": 6133.07,
  "n_directions_grid": [
    10,
    20,
    30,
    50,
    75,
    100,
    150,
    200,
    300
  ],
  "results": {
    "10": {
      "widths": [
        38.15319905536983,
        38.46531990392328,
        38.4009405355778,
        38.12806583613043,
        38.24835782292093,
        38.1958115351123,
        38.32862445033072,
        38.07118532348552,
        38.303627465773204,
        38.40701021474958,
        38.31639997089673,
        38.24429049083629,
        37.95531873995172,
        37.95779771455989,
        38.30402038571981,
        38.167879420568326,
        38.298755688370875,
        38.26325212554157,
        38.18444328255661,
        38.541941743021674
      ],
      "mean": 38.24681208526985,
      "std": 0.14835896884406727
    },
    "20": {
      "widths": [
        38.2184558569095,
        38.33962473286685,
        38.24833555066753,
        38.187509019447944,
        38.26648954242561,
        38.3426556979001,
        38.29716913967355,
        38.16080778769192,
        38.18806392374738,
        38.29343447629088,
        38.24845172091748,
        38.00544756116013,
        38.31425121582974,
        38.17389248392605,
        38.28313632169103,
        38.433638790654356,
        38.2646523179939,
        38.34382807909131,
        38.27992313389156,
        38.280218161441454
      ],
      "mean": 38.25849927571092,
      "std": 0.08707111308355939
    },
    "30": {
      "widths": [
        38.18215791681299,
        38.19669371086863,
        38.271506181822105,
        38.20070348963486,
        38.21360135946791,
        38.29604411228654,
        38.265524360921944,
        38.273264777339364,
        38.20424826922593,
        38.26949588876858,
        38.23961749112371,
        38.17044201625643,
        38.20605611804618,
        38.26132524290524,
        38.2004661479575,
        38.01946048277546,
        38.32101334257206,
        38.17996671716732,
        38.01699146306693,
        38.1396881354622
      ],
      "mean": 38.206413361224094,
      "std": 0.0773140557517726
    },
    "50": {
      "widths": [
        38.191186942456476,
        38.28273046631676,
        38.22871261457446,
        38.20610943369266,
        38.21443282926527,
        38.17765898342306,
        38.13219151390438,
        38.23752367362227,
        38.180193666648755,
        38.233458610738964,
        38.34534550157242,
        38.2532210581922,
        38.26399499590034,
        38.148048514782175,
        38.225504657120354,
        38.13584981171681,
        38.1528193351429,
        38.20627640339856,
        38.16785024994499,
        38.19818803693648
      ],
      "mean": 38.209064864967516,
      "std": 0.051568237427788335
    },
    "75": {
      "widths": [
        38.175777853064304,
        38.22706207417297,
        38.27206598551237,
        38.26595485089944,
        38.16494462957083,
        38.31392062416996,
        38.26510753674722,
        38.27146331637229,
        38.273364623390314,
        38.31463295990803,
        38.32101710841241,
        38.263208590873774,
        38.169607252264214,
        38.25998439287627,
        38.223450859319556,
        38.22903634905297,
        38.193759334454086,
        38.32353471279068,
        38.172572094898456,
        38.35087915647664
      ],
      "mean": 38.25256721526134,
      "std": 0.05524680481560431
    },
    "100": {
      "widths": [
        38.2949399571459,
        38.24104696186,
        38.21294196877661,
        38.18458924479682,
        38.25087634801229,
        38.2566919782186,
        38.277388447457135,
        38.213453055584516,
        38.234951411960175,
        38.14148758804167,
        38.23728057412837,
        38.28501394260033,
        38.23525734567676,
        38.27637021634232,
        38.18418055636786,
        38.274250135706296,
        38.24164287975875,
        38.30034757045701,
        38.29594461210218,
        38.19067713682886
      ],
      "mean": 38.241466596591124,
      "std": 0.042357757975520896
    },
    "150": {
      "widths": [
        38.197498586686066,
        38.249549878570846,
        38.20444491509353,
        38.201330548374024,
        38.260726956341514,
        38.29898022579673,
        38.23482291269932,
        38.21623916388028,
        38.21779355194308,
        38.210890197985734,
        38.23396205213568,
        38.17880483288224,
        38.207938997235026,
        38.26450961142541,
        38.2971128331529,
        38.25992947319853,
        38.21962956948253,
        38.24503669539481,
        38.1882222666613,
        38.13065567444571
      ],
      "mean": 38.22590394716927,
      "std": 0.039159723430897256
    },
    "200": {
      "widths": [
        38.24561447438582,
        38.185071027677076,
        38.23200257556523,
        38.193208213548125,
        38.29069406026132,
        38.23911499550164,
        38.17038007777255,
        38.21671477660629,
        38.237393201531965,
        38.19629808727582,
        38.25940932805431,
        38.253619591711875,
        38.22269696927839,
        38.25944103160175,
        38.25398988590361,
        38.20061490008494,
        38.23159286185187,
        38.20246452459022,
        38.210441320324655,
        38.23923233604366
      ],
      "mean": 38.22699971197856,
      "std": 0.029273552053280142
    },
    "300": {
      "widths": [
        38.23907718750828,
        38.20027906085909,
        38.204752194024515,
        38.25355780084267,
        38.20740105785003,
        38.23374295281108,
        38.23695262549938,
        38.247121548384605,
        38.200681879849995,
        38.22583887239011,
        38.20518270694311,
        38.21808383290766,
        38.25299973311988,
        38.21627121397592,
        38.238162589496554,
        38.231033301723954,
        38.18958623694934,
        38.24224118839802,
        38.24339854433239,
        38.22110646985432
      ],
      "mean": 38.22537354988605,
      "std": 0.018785548478678794
    }
  }
}