{
  "model_path": "/lustre/fswork/projects/rech/aik/uhr51mx/ErrorVolumePolytopes/checkpoints/fashion_mlp_best.pth",
  "data_path": "/lustre/fswork/projects/rech/aik/uhr51mx/ErrorVolumePolytopes/data/fashionMNIST_correct_mlp.pt",
  "sample_idx": 44,
  "bits": 4,
  "n_replications": 20,
  "n_workers": 40,
  "elapsed_total_s": 4257.79,
  "n_directions_grid": [
    10,
    20,
    30,
    50,
    75,
    100,
    150,
    200
  ],
  "results": {
    "10": {
      "widths": [
        38.180335306126324,
        38.180335306126324,
        38.180335306126324,
        38.180335306126324,
        38.180335306126324,
        38.180335306126324,
        38.180335306126324,
        38.180335306126324,
        38.180335306126324,
        38.180335306126324,
        38.180335306126324,
        38.180335306126324,
        38.180335306126324,
        38.180335306126324,
        38.180335306126324,
        38.180335306126324,
        38.180335306126324,
        38.180335306126324,
        38.180335306126324,
        38.180335306126324
      ],
      "mean": 38.18033530612634,
      "std": 1.4210854715202004e-14
    },
    "20": {
      "widths": [
        38.15598107460221,
        38.15598107460221,
        38.15598107460221,
        38.15598107460221,
        38.15598107460221,
        38.15598107460221,
        38.15598107460221,
        38.15598107460221,
        38.15598107460221,
        38.15598107460221,
        38.15598107460221,
        38.15598107460221,
        38.15598107460221,
        38.15598107460221,
        38.15598107460221,
        38.15598107460221,
        38.15598107460221,
        38.15598107460221,
        38.15598107460221,
        38.15598107460221
      ],
      "mean": 38.15598107460221,
      "std": 0.0
    },
    "30": {
      "widths": [
        38.092105764895095,
        38.092105764895095,
        38.092105764895095,
        38.092105764895095,
        38.092105764895095,
        38.092105764895095,
        38.092105764895095,
        38.092105764895095,
        38.092105764895095,
        38.092105764895095,
        38.092105764895095,
        38.092105764895095,
        38.092105764895095,
        38.092105764895095,
        38.092105764895095,
        38.092105764895095,
        38.092105764895095,
        38.092105764895095,
        38.092105764895095,
        38.092105764895095
      ],
      "mean": 38.092105764895095,
      "std": 0.0
    },
    "50": {
      "widths": [
        38.074981501453266,
        38.074981501453266,
        38.074981501453266,
        38.074981501453266,
        38.074981501453266,
        38.074981501453266,
        38.074981501453266,
        38.074981501453266,
        38.074981501453266,
        38.074981501453266,
        38.074981501453266,
        38.074981501453266,
        38.074981501453266,
        38.074981501453266,
        38.074981501453266,
        38.074981501453266,
        38.074981501453266,
        38.074981501453266,
        38.074981501453266,
        38.074981501453266
      ],
      "mean": 38.07498150145327,
      "std": 7.105427357601002e-15
    },
    "75": {
      "widths": [
        38.106377725820984,
        38.106377725820984,
        38.106377725820984,
        38.106377725820984,
        38.106377725820984,
        38.106377725820984,
        38.106377725820984,
        38.106377725820984,
        38.106377725820984,
        38.106377725820984,
        38.106377725820984,
        38.106377725820984,
        38.106377725820984,
        38.106377725820984,
        38.106377725820984,
        38.106377725820984,
        38.106377725820984,
        38.106377725820984,
        38.106377725820984,
        38.106377725820984
      ],
      "mean": 38.10637772582098,
      "std": 7.105427357601002e-15
    },
    "100": {
      "widths": [
        38.10185002658238,
        38.10185002658238,
        38.10185002658238,
        38.10185002658238,
        38.10185002658238,
        38.10185002658238,
        38.10185002658238,
        38.10185002658238,
        38.10185002658238,
        38.10185002658238,
        38.10185002658238,
        38.10185002658238,
        38.10185002658238,
        38.10185002658238,
        38.10185002658238,
        38.10185002658238,
        38.10185002658238,
        38.10185002658238,
        38.10185002658238,
        38.10185002658238
      ],
      "mean": 38.10185002658238,
      "std": 0.0
    },
    "150": {
      "widths": [
        38.07932748864651,
        38.07932748864651,
        38.07932748864651,
        38.07932748864651,
        38.07932748864651,
        38.07932748864651,
        38.07932748864651,
        38.07932748864651,
        38.07932748864651,
        38.07932748864651,
        38.07932748864651,
        38.07932748864651,
        38.07932748864651,
        38.07932748864651,
        38.07932748864651,
        38.07932748864651,
        38.07932748864651,
        38.07932748864651,
        38.07932748864651,
        38.07932748864651
      ],
      "mean": 38.07932748864651,
      "std": 0.0
    },
    "200": {
      "widths": [
        38.085184432835625,
        38.085184432835625,
        38.085184432835625,
        38.085184432835625,
        38.085184432835625,
        38.085184432835625,
        38.085184432835625,
        38.085184432835625,
        38.085184432835625,
        38.085184432835625,
        38.085184432835625,
        38.085184432835625,
        38.085184432835625,
        38.085184432835625,
        38.085184432835625,
        38.085184432835625,
        38.085184432835625,
        38.085184432835625,
        38.085184432835625,
        38.085184432835625
      ],
      "mean": 38.08518443283562,
      "std": 7.105427357601002e-15
    }
  }
}