{
  "model_path": "/lustre/fswork/projects/rech/aik/uhr51mx/ErrorVolumePolytopes/checkpoints/fashion_mlp_best.pth",
  "data_path": "/lustre/fswork/projects/rech/aik/uhr51mx/ErrorVolumePolytopes/data/fashionMNIST_correct_mlp.pt",
  "sample_idx": 2,
  "bits": 4,
  "n_replications": 20,
  "n_workers": 40,
  "elapsed_total_s": 5571.56,
  "n_directions_grid": [
    10,
    20,
    30,
    50,
    75,
    100,
    150,
    200
  ],
  "results": {
    "10": {
      "widths": [
        36.489389105369,
        36.489389105369,
        36.489389105369,
        36.489389105369,
        36.489389105369,
        36.489389105369,
        36.489389105369,
        36.489389105369,
        36.489389105369,
        36.489389105369,
        36.489389105369,
        36.489389105369,
        36.489389105369,
        36.489389105369,
        36.489389105369,
        36.489389105369,
        36.489389105369,
        36.489389105369,
        36.489389105369,
        36.489389105369
      ],
      "mean": 36.489389105369,
      "std": 0.0
    },
    "20": {
      "widths": [
        36.408888444781034,
        36.408888444781034,
        36.408888444781034,
        36.408888444781034,
        36.408888444781034,
        36.408888444781034,
        36.408888444781034,
        36.408888444781034,
        36.408888444781034,
        36.408888444781034,
        36.408888444781034,
        36.408888444781034,
        36.408888444781034,
        36.408888444781034,
        36.408888444781034,
        36.408888444781034,
        36.408888444781034,
        36.408888444781034,
        36.408888444781034,
        36.408888444781034
      ],
      "mean": 36.408888444781034,
      "std": 0.0
    },
    "30": {
      "widths": [
        36.36916536458423,
        36.36916536458423,
        36.36916536458423,
        36.36916536458423,
        36.36916536458423,
        36.36916536458423,
        36.36916536458423,
        36.36916536458423,
        36.36916536458423,
        36.36916536458423,
        36.36916536458423,
        36.36916536458423,
        36.36916536458423,
        36.36916536458423,
        36.36916536458423,
        36.36916536458423,
        36.36916536458423,
        36.36916536458423,
        36.36916536458423,
        36.36916536458423
      ],
      "mean": 36.36916536458422,
      "std": 7.105427357601002e-15
    },
    "50": {
      "widths": [
        36.53776027121734,
        36.53776027121734,
        36.53776027121734,
        36.53776027121734,
        36.53776027121734,
        36.53776027121734,
        36.53776027121734,
        36.53776027121734,
        36.53776027121734,
        36.53776027121734,
        36.53776027121734,
        36.53776027121734,
        36.53776027121734,
        36.53776027121734,
        36.53776027121734,
        36.53776027121734,
        36.53776027121734,
        36.53776027121734,
        36.53776027121734,
        36.53776027121734
      ],
      "mean": 36.53776027121735,
      "std": 1.4210854715202004e-14
    },
    "75": {
      "widths": [
        36.47839306618215,
        36.47839306618215,
        36.47839306618215,
        36.47839306618215,
        36.47839306618215,
        36.47839306618215,
        36.47839306618215,
        36.47839306618215,
        36.47839306618215,
        36.47839306618215,
        36.47839306618215,
        36.47839306618215,
        36.47839306618215,
        36.47839306618215,
        36.47839306618215,
        36.47839306618215,
        36.47839306618215,
        36.47839306618215,
        36.47839306618215,
        36.47839306618215
      ],
      "mean": 36.478393066182164,
      "std": 1.4210854715202004e-14
    },
    "100": {
      "widths": [
        36.37156796418705,
        36.37156796418705,
        36.37156796418705,
        36.37156796418705,
        36.37156796418705,
        36.37156796418705,
        36.37156796418705,
        36.37156796418705,
        36.37156796418705,
        36.37156796418705,
        36.37156796418705,
        36.37156796418705,
        36.37156796418705,
        36.37156796418705,
        36.37156796418705,
        36.37156796418705,
        36.37156796418705,
        36.37156796418705,
        36.37156796418705,
        36.37156796418705
      ],
      "mean": 36.37156796418706,
      "std": 7.105427357601002e-15
    },
    "150": {
      "widths": [
        36.389702807127115,
        36.389702807127115,
        36.389702807127115,
        36.389702807127115,
        36.389702807127115,
        36.389702807127115,
        36.389702807127115,
        36.389702807127115,
        36.389702807127115,
        36.389702807127115,
        36.389702807127115,
        36.389702807127115,
        36.389702807127115,
        36.389702807127115,
        36.389702807127115,
        36.389702807127115,
        36.389702807127115,
        36.389702807127115,
        36.389702807127115,
        36.389702807127115
      ],
      "mean": 36.38970280712712,
      "std": 7.105427357601002e-15
    },
    "200": {
      "widths": [
        36.3821764913524,
        36.3821764913524,
        36.3821764913524,
        36.3821764913524,
        36.3821764913524,
        36.3821764913524,
        36.3821764913524,
        36.3821764913524,
        36.3821764913524,
        36.3821764913524,
        36.3821764913524,
        36.3821764913524,
        36.3821764913524,
        36.3821764913524,
        36.3821764913524,
        36.3821764913524,
        36.3821764913524,
        36.3821764913524,
        36.3821764913524,
        36.3821764913524
      ],
      "mean": 36.38217649135241,
      "std": 7.105427357601002e-15
    }
  }
}