{
  "model_path": "/lustre/fswork/projects/rech/aik/uhr51mx/ErrorVolumePolytopes/checkpoints/fashion_mlp_best.pth",
  "data_path": "/lustre/fswork/projects/rech/aik/uhr51mx/ErrorVolumePolytopes/data/fashionMNIST_correct_mlp.pt",
  "sample_idx": 12,
  "bits": 4,
  "n_replications": 20,
  "n_workers": 40,
  "elapsed_total_s": 8225.88,
  "n_directions_grid": [
    10,
    20,
    30,
    50,
    75,
    100,
    150,
    200,
    300
  ],
  "results": {
    "10": {
      "widths": [
        37.03485441449614,
        36.84289883231023,
        37.0858746784006,
        36.898217669112306,
        36.89483184227806,
        37.16073144073086,
        36.98990874695807,
        36.80383478036318,
        36.8267767116809,
        37.041989833007015,
        36.87885818151213,
        36.712523790334096,
        36.563687220361196,
        36.73222269682141,
        36.75083838341236,
        36.934443298899275,
        37.03118406513576,
        36.93807584228367,
        37.14251066982328,
        36.852611834344195
      ],
      "mean": 36.905843746613236,
      "std": 0.14936180338147398
    },
    "20": {
      "widths": [
        36.87703196950896,
        36.93657064078626,
        36.82160410192377,
        36.79608197329763,
        36.754612676803205,
        37.04351451882938,
        36.97194785462677,
        37.00202348443765,
        36.85812697851935,
        36.730530588890225,
        36.8768312391962,
        36.919972886081965,
        36.89399140674039,
        36.97565333091124,
        36.858347878097504,
        36.825131959094755,
        36.88059532921872,
        36.91473611938615,
        37.045798844905065,
        36.79309997545586
      ],
      "mean": 36.88881018783555,
      "std": 0.08700918274788721
    },
    "30": {
      "widths": [
        36.94396664624484,
        36.83278325076462,
        36.92822813113453,
        36.88237593250447,
        37.09168331714606,
        36.77080854038094,
        37.000035032868,
        36.92421555249431,
        36.879413506308204,
        36.91262502680694,
        36.8575234210546,
        36.913224319790174,
        37.01956767825266,
        36.90118705122089,
        36.92824539893529,
        36.80043932924619,
        36.883510832842624,
        36.893507077014974,
        36.911122263843474,
        36.837030236159926
      ],
      "mean": 36.90557462725068,
      "std": 0.07174142587190918
    },
    "50": {
      "widths": [
        36.804666770185314,
        36.79208270185755,
        36.94898577860698,
        36.72017059006483,
        36.94137514295266,
        36.81565780114111,
        36.987693723105195,
        37.01320634183837,
        36.92522378050171,
        36.92158420683576,
        36.95122591122324,
        36.861891098892855,
        36.83300565274502,
        36.97789202466805,
        37.03232478159611,
        36.933298153850295,
        37.00222785896039,
        36.97136397135117,
        36.991170407019716,
        36.942277252795115
      ],
      "mean": 36.91836619750957,
      "std": 0.08308222009201323
    },
    "75": {
      "widths": [
        36.98387325434041,
        36.80866617297711,
        36.895537271503635,
        36.89541901341271,
        36.8747340827308,
        36.92799943967145,
        36.85906303945445,
        36.92434180221341,
        36.921523977757076,
        36.88769790541946,
        36.96458360324093,
        36.89185225473966,
        37.01747839295167,
        36.95783188318637,
        36.93777501068799,
        36.81117281460392,
        36.950291458449925,
        36.92290224011521,
        36.86997168207113,
        36.875486080871084
      ],
      "mean": 36.90891006901991,
      "std": 0.05166804856173514
    },
    "100": {
      "widths": [
        36.90751523821605,
        36.923000426045604,
        36.78150231991026,
        36.85982747282348,
        36.96838815627904,
        36.88397044224956,
        36.94548240617061,
        36.89428887617962,
        36.888329176292345,
        36.86832957836843,
        36.88788200735071,
        36.85845056987805,
        36.96005813202576,
        36.89372378671736,
        36.886843418290276,
        36.86896301930054,
        36.8836529461773,
        36.91850238645476,
        36.858008076551805,
        36.92814198751932
      ],
      "mean": 36.89324302114004,
      "std": 0.0408185559465329
    },
    "150": {
      "widths": [
        36.92372347130284,
        36.937093758382645,
        36.92215216955457,
        36.97667980739351,
        36.94158667497271,
        36.9595368121425,
        36.870586970559515,
        36.92052984699432,
        36.966977908563315,
        36.881402107578275,
        36.825484328365526,
        36.88158073363947,
        36.934656284467636,
        36.88628364387218,
        36.9035643547192,
        36.943605922070624,
        36.94583512015938,
        36.907222109393516,
        36.921948645071254,
        36.889275067129326
      ],
      "mean": 36.91698628681661,
      "std": 0.035969574309295864
    },
    "200": {
      "widths": [
        36.950381088581686,
        36.88437610109652,
        36.88887444779889,
        36.94790670732926,
        36.92895064816679,
        36.90537644630089,
        36.91965123672309,
        36.94252874260522,
        36.90474614119841,
        36.90538122614388,
        36.9000543195897,
        36.89647495267124,
        36.897880881021976,
        36.92274739959462,
        36.93283117756436,
        36.85856100870039,
        36.846552415739154,
        36.9443136492442,
        36.896980142206665,
        36.94582605640501
      ],
      "mean": 36.9110197394341,
      "std": 0.028411989659796907
    },
    "300": {
      "widths": [
        36.918168865477675,
        36.90105895310146,
        36.916740452264236,
        36.86512955306469,
        36.93277499017393,
        36.93038235490399,
        36.880831237717096,
        36.90328133162322,
        36.9505811275571,
        36.906280636690184,
        36.88068200256062,
        36.8984167598428,
        36.951486424342804,
        36.92050711198244,
        36.925219164955976,
        36.93634921075292,
        36.90875011879782,
        36.881367285730896,
        36.94465118948133,
        36.90821248899196
      ],
      "mean": 36.91304356300065,
      "std": 0.023756467537333372
    }
  }
}