{
  "model_path": "/lustre/fswork/projects/rech/aik/uhr51mx/ErrorVolumePolytopes/checkpoints/fashion_mlp_best.pth",
  "data_path": "/lustre/fswork/projects/rech/aik/uhr51mx/ErrorVolumePolytopes/data/fashionMNIST_correct_mlp.pt",
  "sample_idx": 27,
  "bits": 4,
  "n_replications": 20,
  "n_workers": 40,
  "elapsed_total_s": 5765.16,
  "n_directions_grid": [
    10,
    20,
    30,
    50,
    75,
    100,
    150,
    200,
    300
  ],
  "results": {
    "10": {
      "widths": [
        38.550193039270745,
        38.646325324563165,
        38.493586322671305,
        38.58799181826155,
        38.44530027076843,
        38.511406590578375,
        38.684529961169545,
        38.55325815992841,
        38.47047791623315,
        38.66629729135373,
        38.65687512296708,
        38.42441390846568,
        38.706204385127,
        38.41178971757567,
        38.771509956177596,
        38.58881764142003,
        38.52198040187873,
        38.71254303240183,
        38.60785746084766,
        38.75025916491584
      ],
      "mean": 38.58808087432878,
      "std": 0.10659191662575587
    },
    "20": {
      "widths": [
        38.44569529869805,
        38.71106633482388,
        38.54959123732161,
        38.53113892060899,
        38.56342941259142,
        38.554174279452745,
        38.55903238613826,
        38.79227920362793,
        38.542334474656634,
        38.6083536810098,
        38.38255808979418,
        38.52455936892785,
        38.5752523957663,
        38.568520430300644,
        38.541015277200906,
        38.537066279988366,
        38.455686684010416,
        38.753887138707874,
        38.815032964554455,
        38.545091558338775
      ],
      "mean": 38.577788270825955,
      "std": 0.10835605941097456
    },
    "30": {
      "widths": [
        38.71879259492783,
        38.71384429267699,
        38.5344737010977,
        38.60038248376777,
        38.59167957371392,
        38.593028321016604,
        38.62910153577867,
        38.43300748513963,
        38.45613317897529,
        38.633836616600675,
        38.57175014143927,
        38.58494022581156,
        38.514629780390756,
        38.70671226953668,
        38.598257054384554,
        38.607544112754184,
        38.554901677634675,
        38.518327337591316,
        38.552332427852384,
        38.61477219729167
      ],
      "mean": 38.58642235041911,
      "std": 0.07393506940756013
    },
    "50": {
      "widths": [
        38.644122281739094,
        38.608239925024094,
        38.46393427649983,
        38.69537205604279,
        38.618791063638966,
        38.68836887738377,
        38.62605855637252,
        38.605249437332766,
        38.630910263637254,
        38.55753159803676,
        38.52600608211698,
        38.70541749346005,
        38.64046296661545,
        38.588800791481596,
        38.61527568110612,
        38.52500133757112,
        38.497178031599475,
        38.58680169642701,
        38.52851935405983,
        38.554334386175675
      ],
      "mean": 38.59531880781606,
      "std": 0.06440653660589761
    },
    "75": {
      "widths": [
        38.531259502283284,
        38.50126125861587,
        38.49701404594307,
        38.43431711786389,
        38.52819113470957,
        38.51690060468764,
        38.56694512975369,
        38.52113432273752,
        38.50621798517481,
        38.56342018717697,
        38.61319312295668,
        38.527336486279026,
        38.571581576885,
        38.58312859914397,
        38.51769546856495,
        38.59064275066229,
        38.5011570382845,
        38.50407194879543,
        38.475667250628725,
        38.58725531594076
      ],
      "mean": 38.53191954235438,
      "std": 0.043209493989445714
    },
    "100": {
      "widths": [
        38.59401348001088,
        38.55116823596503,
        38.57695436412435,
        38.61429246924902,
        38.48038949276805,
        38.59738118329297,
        38.56961614678828,
        38.547702797466016,
        38.464963686758,
        38.479360799247495,
        38.61259240716628,
        38.61101024176757,
        38.53401869883783,
        38.57471027825499,
        38.54096560380965,
        38.49054509738938,
        38.55723805666766,
        38.51451265712909,
        38.582762607418935,
        38.52507399561654
      ],
      "mean": 38.550963614986394,
      "std": 0.04561292583433898
    },
    "150": {
      "widths": [
        38.515888395466476,
        38.576950213590266,
        38.57793410659838,
        38.52712183066839,
        38.45274783288832,
        38.547115843853454,
        38.57327847174443,
        38.54721655755755,
        38.54004691002094,
        38.55293097666228,
        38.6293075519451,
        38.545175979490914,
        38.62482996912297,
        38.598146163601456,
        38.589318611234276,
        38.557859049088016,
        38.56462939209917,
        38.50191063627197,
        38.56253574698168,
        38.59663873886861
      ],
      "mean": 38.55907914888773,
      "std": 0.04022796944245643
    },
    "200": {
      "widths": [
        38.535410246888745,
        38.59247586543214,
        38.5786771313308,
        38.553418276415044,
        38.58805721432942,
        38.561687066066206,
        38.547867600745086,
        38.54270522628512,
        38.58118796960189,
        38.60945529550746,
        38.49403549777739,
        38.56912715528577,
        38.59488251129646,
        38.56237016310839,
        38.548519218096196,
        38.589442606925566,
        38.55106530068463,
        38.533152846506624,
        38.5678895839156,
        38.62156747800042
      ],
      "mean": 38.56614971270995,
      "std": 0.02892691523212
    },
    "300": {
      "widths": [
        38.551127602453995,
        38.52615840908637,
        38.55990164466516,
        38.564392197740354,
        38.57068697027658,
        38.55079350479803,
        38.51185333088586,
        38.569973268916314,
        38.549610441167324,
        38.54802719758665,
        38.59695560612136,
        38.55248655632184,
        38.56527028477039,
        38.52648563346388,
        38.52572683916308,
        38.55146212901177,
        38.53631732514358,
        38.56450645462111,
        38.60701345662573,
        38.53817968822403
      ],
      "mean": 38.55334642705217,
      "std": 0.02270899958010029
    }
  }
}