{
  "model_path": "/lustre/fswork/projects/rech/aik/uhr51mx/ErrorVolumePolytopes/checkpoints/fashion_mlp_best.pth",
  "data_path": "/lustre/fswork/projects/rech/aik/uhr51mx/ErrorVolumePolytopes/data/fashionMNIST_correct_mlp.pt",
  "sample_idx": 8,
  "bits": 4,
  "n_replications": 20,
  "n_workers": 40,
  "elapsed_total_s": 9504.86,
  "n_directions_grid": [
    10,
    20,
    30,
    50,
    75,
    100,
    150,
    200,
    300
  ],
  "results": {
    "10": {
      "widths": [
        36.078520151779074,
        36.148350851042615,
        36.097370230532384,
        35.97791795398307,
        36.18961985776399,
        36.111953859780975,
        36.07826785342182,
        35.82349051180505,
        36.36530212557447,
        35.93001883696835,
        36.295770308232065,
        36.26947379738478,
        36.0315155611148,
        36.20172188562039,
        36.00283965166339,
        36.203566906596514,
        36.078283964216155,
        36.167430766298494,
        36.166959864697695,
        36.2968835840634
      ],
      "mean": 36.12576292612697,
      "std": 0.13025650014955975
    },
    "20": {
      "widths": [
        36.17973556266733,
        36.1291557860379,
        36.17228086105868,
        36.178839146094,
        36.15287381703688,
        36.2622508176472,
        36.0358503713669,
        36.20604475550711,
        36.13530522322885,
        36.16462234681364,
        36.105659304447116,
        36.20371945089739,
        36.094985692350186,
        36.20902338634737,
        36.18713367793655,
        36.09060654110245,
        36.16636258372838,
        36.16117624164666,
        36.154876459965195,
        36.30711576189642
      ],
      "mean": 36.16488088938881,
      "std": 0.05865061648513611
    },
    "30": {
      "widths": [
        36.24897679827622,
        36.135095048084416,
        36.071082012940714,
        36.09958525259732,
        36.146387541667714,
        36.06851285816497,
        36.23680963029182,
        36.135830555469546,
        36.22611290368203,
        36.01567699908069,
        36.0615803775013,
        36.12785000343611,
        36.057462897243774,
        36.12617761979765,
        36.178056231540424,
        36.05339139601552,
        36.05500974970324,
        36.15325842565964,
        36.1782071138636,
        36.056574916652814
      ],
      "mean": 36.12158191658347,
      "std": 0.06594677488114856
    },
    "50": {
      "widths": [
        36.20045880798285,
        36.05013452749293,
        36.06442896018425,
        36.24277128110527,
        36.00138318380779,
        36.114468442807244,
        36.110732005139866,
        36.12938599464151,
        36.100116211468645,
        36.09011014788859,
        36.03225584574423,
        36.049684564660595,
        36.19750665424547,
        36.034487577997794,
        36.03352651164319,
        36.08281475435307,
        36.08407063014312,
        36.136748717930125,
        36.100723044609495,
        36.01275698105674
      ],
      "mean": 36.09342824224514,
      "std": 0.06293859654138648
    },
    "75": {
      "widths": [
        36.055857135776186,
        36.13304781615044,
        36.05188856498596,
        36.10670843943483,
        36.139178632893724,
        36.15354174368245,
        36.08387376725885,
        36.186991490507445,
        36.11399968632999,
        36.147414105250085,
        36.14213277581084,
        36.22617631732114,
        36.155860410098576,
        36.11059460474513,
        36.09298075606437,
        36.16913553343917,
        36.06105242081906,
        36.08389924105049,
        36.13249363061327,
        36.213982253725625
      ],
      "mean": 36.12804046629788,
      "std": 0.047921629344853264
    },
    "100": {
      "widths": [
        36.10155500056895,
        36.19787212910445,
        36.163042318603345,
        36.131985725489905,
        36.142045008190486,
        36.1257408077841,
        36.12234294130144,
        36.21670873489809,
        36.141273807774226,
        36.07494552983202,
        36.13599655517133,
        36.15194477474139,
        36.13927052681297,
        36.19267606526775,
        36.09832889467843,
        36.20614839657383,
        36.18326422800492,
        36.09921565569784,
        36.14617206709806,
        36.04392072503949
      ],
      "mean": 36.14072249463165,
      "std": 0.043531441308767085
    },
    "150": {
      "widths": [
        36.13585487428872,
        36.11089184772474,
        36.14715438899155,
        36.08423347061641,
        36.15223887699838,
        36.14135149610984,
        36.13879887484115,
        36.16200909148235,
        36.134316045445544,
        36.13496292579591,
        36.081146934742,
        36.15615001845085,
        36.16141739961129,
        36.172200183118065,
        36.165689693510416,
        36.13267486527756,
        36.06802485533047,
        36.11692624051586,
        36.025903818447894,
        36.12253170811759
      ],
      "mean": 36.12722388047083,
      "std": 0.036349479239587326
    },
    "200": {
      "widths": [
        36.078576237824116,
        36.12309897830482,
        36.13499073458989,
        36.138002898899146,
        36.11437192684966,
        36.10289824818538,
        36.13476102897985,
        36.09262921386728,
        36.12485498866755,
        36.14247011193117,
        36.1042336799917,
        36.12569809244726,
        36.14634922118051,
        36.103537361002196,
        36.16663758280661,
        36.122764860720274,
        36.18019616487464,
        36.135647854489186,
        36.11039314969666,
        36.18835509175534
      ],
      "mean": 36.12852337135316,
      "std": 0.027113897092505525
    },
    "300": {
      "widths": [
        36.0983513224393,
        36.107244450513235,
        36.11788756822418,
        36.137615348088715,
        36.10069513647474,
        36.12938671303139,
        36.118557250851495,
        36.15564487670742,
        36.12976712513955,
        36.12939030312613,
        36.13086723781688,
        36.12864985680771,
        36.14984682638428,
        36.11558132892422,
        36.108769055458545,
        36.11285514722442,
        36.138282732161024,
        36.135213507714205,
        36.15278593855515,
        36.111872520476595
      ],
      "mean": 36.12546321230595,
      "std": 0.016207004979630173
    }
  }
}