{
  "model_path": "/lustre/fswork/projects/rech/aik/uhr51mx/ErrorVolumePolytopes/checkpoints/fashion_mlp_best.pth",
  "data_path": "/lustre/fswork/projects/rech/aik/uhr51mx/ErrorVolumePolytopes/data/fashionMNIST_correct_mlp.pt",
  "sample_idx": 3,
  "bits": 4,
  "n_replications": 20,
  "n_workers": 40,
  "elapsed_total_s": 4482.94,
  "n_directions_grid": [
    10,
    20,
    30,
    50,
    75,
    100,
    150,
    200
  ],
  "results": {
    "10": {
      "widths": [
        37.798176574550304,
        37.798176574550304,
        37.798176574550304,
        37.798176574550304,
        37.798176574550304,
        37.798176574550304,
        37.798176574550304,
        37.798176574550304,
        37.798176574550304,
        37.798176574550304,
        37.798176574550304,
        37.798176574550304,
        37.798176574550304,
        37.798176574550304,
        37.798176574550304,
        37.798176574550304,
        37.798176574550304,
        37.798176574550304,
        37.798176574550304,
        37.798176574550304
      ],
      "mean": 37.79817657455031,
      "std": 7.105427357601002e-15
    },
    "20": {
      "widths": [
        37.65800726525636,
        37.65800726525636,
        37.65800726525636,
        37.65800726525636,
        37.65800726525636,
        37.65800726525636,
        37.65800726525636,
        37.65800726525636,
        37.65800726525636,
        37.65800726525636,
        37.65800726525636,
        37.65800726525636,
        37.65800726525636,
        37.65800726525636,
        37.65800726525636,
        37.65800726525636,
        37.65800726525636,
        37.65800726525636,
        37.65800726525636,
        37.65800726525636
      ],
      "mean": 37.658007265256366,
      "std": 7.105427357601002e-15
    },
    "30": {
      "widths": [
        37.77264194221694,
        37.77264194221694,
        37.77264194221694,
        37.77264194221694,
        37.77264194221694,
        37.77264194221694,
        37.77264194221694,
        37.77264194221694,
        37.77264194221694,
        37.77264194221694,
        37.77264194221694,
        37.77264194221694,
        37.77264194221694,
        37.77264194221694,
        37.77264194221694,
        37.77264194221694,
        37.77264194221694,
        37.77264194221694,
        37.77264194221694,
        37.77264194221694
      ],
      "mean": 37.77264194221695,
      "std": 7.105427357601002e-15
    },
    "50": {
      "widths": [
        37.736680292565374,
        37.736680292565374,
        37.736680292565374,
        37.736680292565374,
        37.736680292565374,
        37.736680292565374,
        37.736680292565374,
        37.736680292565374,
        37.736680292565374,
        37.736680292565374,
        37.736680292565374,
        37.736680292565374,
        37.736680292565374,
        37.736680292565374,
        37.736680292565374,
        37.736680292565374,
        37.736680292565374,
        37.736680292565374,
        37.736680292565374,
        37.736680292565374
      ],
      "mean": 37.73668029256537,
      "std": 7.105427357601002e-15
    },
    "75": {
      "widths": [
        37.700036474725366,
        37.700036474725366,
        37.700036474725366,
        37.700036474725366,
        37.700036474725366,
        37.700036474725366,
        37.700036474725366,
        37.700036474725366,
        37.700036474725366,
        37.700036474725366,
        37.700036474725366,
        37.700036474725366,
        37.700036474725366,
        37.700036474725366,
        37.700036474725366,
        37.700036474725366,
        37.700036474725366,
        37.700036474725366,
        37.700036474725366,
        37.700036474725366
      ],
      "mean": 37.700036474725366,
      "std": 0.0
    },
    "100": {
      "widths": [
        37.726198832942714,
        37.726198832942714,
        37.726198832942714,
        37.726198832942714,
        37.726198832942714,
        37.726198832942714,
        37.726198832942714,
        37.726198832942714,
        37.726198832942714,
        37.726198832942714,
        37.726198832942714,
        37.726198832942714,
        37.726198832942714,
        37.726198832942714,
        37.726198832942714,
        37.726198832942714,
        37.726198832942714,
        37.726198832942714,
        37.726198832942714,
        37.726198832942714
      ],
      "mean": 37.726198832942714,
      "std": 0.0
    },
    "150": {
      "widths": [
        37.745244356837105,
        37.745244356837105,
        37.745244356837105,
        37.745244356837105,
        37.745244356837105,
        37.745244356837105,
        37.745244356837105,
        37.745244356837105,
        37.745244356837105,
        37.745244356837105,
        37.745244356837105,
        37.745244356837105,
        37.745244356837105,
        37.745244356837105,
        37.745244356837105,
        37.745244356837105,
        37.745244356837105,
        37.745244356837105,
        37.745244356837105,
        37.745244356837105
      ],
      "mean": 37.74524435683711,
      "std": 7.105427357601002e-15
    },
    "200": {
      "widths": [
        37.748106122908126,
        37.748106122908126,
        37.748106122908126,
        37.748106122908126,
        37.748106122908126,
        37.748106122908126,
        37.748106122908126,
        37.748106122908126,
        37.748106122908126,
        37.748106122908126,
        37.748106122908126,
        37.748106122908126,
        37.748106122908126,
        37.748106122908126,
        37.748106122908126,
        37.748106122908126,
        37.748106122908126,
        37.748106122908126,
        37.748106122908126,
        37.748106122908126
      ],
      "mean": 37.74810612290812,
      "std": 7.105427357601002e-15
    }
  }
}