{
  "model_path": "/lustre/fswork/projects/rech/aik/uhr51mx/ErrorVolumePolytopes/checkpoints/fashion_mlp_best.pth",
  "data_path": "/lustre/fswork/projects/rech/aik/uhr51mx/ErrorVolumePolytopes/data/fashionMNIST_correct_mlp.pt",
  "sample_idx": 49,
  "bits": 4,
  "n_replications": 20,
  "n_workers": 40,
  "elapsed_total_s": 4186.26,
  "n_directions_grid": [
    10,
    20,
    30,
    50,
    75,
    100,
    150,
    200
  ],
  "results": {
    "10": {
      "widths": [
        38.37341168362895,
        38.37341168362895,
        38.37341168362895,
        38.37341168362895,
        38.37341168362895,
        38.37341168362895,
        38.37341168362895,
        38.37341168362895,
        38.37341168362895,
        38.37341168362895,
        38.37341168362895,
        38.37341168362895,
        38.37341168362895,
        38.37341168362895,
        38.37341168362895,
        38.37341168362895,
        38.37341168362895,
        38.37341168362895,
        38.37341168362895,
        38.37341168362895
      ],
      "mean": 38.37341168362896,
      "std": 7.105427357601002e-15
    },
    "20": {
      "widths": [
        38.144319208762035,
        38.144319208762035,
        38.144319208762035,
        38.144319208762035,
        38.144319208762035,
        38.144319208762035,
        38.144319208762035,
        38.144319208762035,
        38.144319208762035,
        38.144319208762035,
        38.144319208762035,
        38.144319208762035,
        38.144319208762035,
        38.144319208762035,
        38.144319208762035,
        38.144319208762035,
        38.144319208762035,
        38.144319208762035,
        38.144319208762035,
        38.144319208762035
      ],
      "mean": 38.14431920876203,
      "std": 7.105427357601002e-15
    },
    "30": {
      "widths": [
        38.02319894332073,
        38.02319894332073,
        38.02319894332073,
        38.02319894332073,
        38.02319894332073,
        38.02319894332073,
        38.02319894332073,
        38.02319894332073,
        38.02319894332073,
        38.02319894332073,
        38.02319894332073,
        38.02319894332073,
        38.02319894332073,
        38.02319894332073,
        38.02319894332073,
        38.02319894332073,
        38.02319894332073,
        38.02319894332073,
        38.02319894332073,
        38.02319894332073
      ],
      "mean": 38.02319894332073,
      "std": 0.0
    },
    "50": {
      "widths": [
        38.149350595650795,
        38.149350595650795,
        38.149350595650795,
        38.149350595650795,
        38.149350595650795,
        38.149350595650795,
        38.149350595650795,
        38.149350595650795,
        38.149350595650795,
        38.149350595650795,
        38.149350595650795,
        38.149350595650795,
        38.149350595650795,
        38.149350595650795,
        38.149350595650795,
        38.149350595650795,
        38.149350595650795,
        38.149350595650795,
        38.149350595650795,
        38.149350595650795
      ],
      "mean": 38.1493505956508,
      "std": 7.105427357601002e-15
    },
    "75": {
      "widths": [
        38.20060328563303,
        38.20060328563303,
        38.20060328563303,
        38.20060328563303,
        38.20060328563303,
        38.20060328563303,
        38.20060328563303,
        38.20060328563303,
        38.20060328563303,
        38.20060328563303,
        38.20060328563303,
        38.20060328563303,
        38.20060328563303,
        38.20060328563303,
        38.20060328563303,
        38.20060328563303,
        38.20060328563303,
        38.20060328563303,
        38.20060328563303,
        38.20060328563303
      ],
      "mean": 38.200603285633036,
      "std": 7.105427357601002e-15
    },
    "100": {
      "widths": [
        38.20553821466618,
        38.20553821466618,
        38.20553821466618,
        38.20553821466618,
        38.20553821466618,
        38.20553821466618,
        38.20553821466618,
        38.20553821466618,
        38.20553821466618,
        38.20553821466618,
        38.20553821466618,
        38.20553821466618,
        38.20553821466618,
        38.20553821466618,
        38.20553821466618,
        38.20553821466618,
        38.20553821466618,
        38.20553821466618,
        38.20553821466618,
        38.20553821466618
      ],
      "mean": 38.20553821466617,
      "std": 7.105427357601002e-15
    },
    "150": {
      "widths": [
        38.13519649426206,
        38.13519649426206,
        38.13519649426206,
        38.13519649426206,
        38.13519649426206,
        38.13519649426206,
        38.13519649426206,
        38.13519649426206,
        38.13519649426206,
        38.13519649426206,
        38.13519649426206,
        38.13519649426206,
        38.13519649426206,
        38.13519649426206,
        38.13519649426206,
        38.13519649426206,
        38.13519649426206,
        38.13519649426206,
        38.13519649426206,
        38.13519649426206
      ],
      "mean": 38.135196494262075,
      "std": 1.4210854715202004e-14
    },
    "200": {
      "widths": [
        38.100806456120864,
        38.100806456120864,
        38.100806456120864,
        38.100806456120864,
        38.100806456120864,
        38.100806456120864,
        38.100806456120864,
        38.100806456120864,
        38.100806456120864,
        38.100806456120864,
        38.100806456120864,
        38.100806456120864,
        38.100806456120864,
        38.100806456120864,
        38.100806456120864,
        38.100806456120864,
        38.100806456120864,
        38.100806456120864,
        38.100806456120864,
        38.100806456120864
      ],
      "mean": 38.10080645612086,
      "std": 7.105427357601002e-15
    }
  }
}