{
  "model_path": "/lustre/fswork/projects/rech/aik/uhr51mx/ErrorVolumePolytopes/checkpoints/fashion_mlp_best.pth",
  "data_path": "/lustre/fswork/projects/rech/aik/uhr51mx/ErrorVolumePolytopes/data/fashionMNIST_correct_mlp.pt",
  "sample_idx": 39,
  "bits": 4,
  "n_replications": 20,
  "n_workers": 40,
  "elapsed_total_s": 5704.6,
  "n_directions_grid": [
    10,
    20,
    30,
    50,
    75,
    100,
    150,
    200,
    300
  ],
  "results": {
    "10": {
      "widths": [
        38.33229742010107,
        38.560837081588474,
        38.42347279823583,
        38.548864718121685,
        38.42853653163071,
        38.66011584703405,
        38.29227334858314,
        38.49047130192058,
        38.39720689196277,
        38.46322659646965,
        38.49186149740261,
        38.645339231821694,
        38.25561860995511,
        38.56651428100313,
        38.4922953547103,
        38.61922513720506,
        38.53370803586654,
        38.35028182523284,
        38.42630554752726,
        38.52859907370126
      ],
      "mean": 38.47535255650369,
      "std": 0.11028014422471222
    },
    "20": {
      "widths": [
        38.31106183480397,
        38.355539580492646,
        38.321314144042624,
        38.595602825014566,
        38.46990871670617,
        38.4906810264159,
        38.432689943747235,
        38.44931140187634,
        38.48232314141219,
        38.58754397444401,
        38.50960912783482,
        38.332467051304114,
        38.43338451255214,
        38.50508892095858,
        38.30279523757706,
        38.58695926746288,
        38.51810024090245,
        38.329646887531034,
        38.60090129904823,
        38.5685684574474
      ],
      "mean": 38.45917487957872,
      "std": 0.10091461203211705
    },
    "30": {
      "widths": [
        38.4764790660411,
        38.39175251551545,
        38.38930077320284,
        38.4348382722735,
        38.43846930223976,
        38.37085092241367,
        38.53807651235287,
        38.5550538781019,
        38.398790663716206,
        38.45591229751463,
        38.389335957754305,
        38.34800041824023,
        38.53424716898531,
        38.36044486272347,
        38.36886700901066,
        38.500787756545755,
        38.37238842792526,
        38.462519687728204,
        38.4111607647125,
        38.52016064417367
      ],
      "mean": 38.43587184505856,
      "std": 0.06435828291090559
    },
    "50": {
      "widths": [
        38.524263419703715,
        38.40359586052886,
        38.47219487027184,
        38.43742411186833,
        38.41654819619975,
        38.45973684395708,
        38.49035572011377,
        38.49941553296078,
        38.42362291818085,
        38.488729045720085,
        38.37519982272985,
        38.438669213925365,
        38.44831212744505,
        38.481632627825576,
        38.48722406730619,
        38.50985557506229,
        38.534894024216776,
        38.4841723215952,
        38.48419540702297,
        38.595747265294705
      ],
      "mean": 38.47278944859645,
      "std": 0.048935449207654975
    },
    "75": {
      "widths": [
        38.346714052531354,
        38.4327672769437,
        38.37279329045232,
        38.485122932618324,
        38.480828860423465,
        38.491788636899734,
        38.42236512737648,
        38.40830006011317,
        38.52998320135154,
        38.40057142902236,
        38.49216930662981,
        38.48020561537898,
        38.49332026801715,
        38.428267670593186,
        38.4598235992646,
        38.43721506425976,
        38.49568696357478,
        38.56780195528891,
        38.404318038226904,
        38.53392458767233
      ],
      "mean": 38.458198396831946,
      "std": 0.055339523130294055
    },
    "100": {
      "widths": [
        38.43924602155367,
        38.45673777535207,
        38.43928765746271,
        38.42667396363945,
        38.478864003302164,
        38.484807248148655,
        38.48501545506917,
        38.52912633554214,
        38.44134674972811,
        38.45291347772433,
        38.43307068268151,
        38.44186909205874,
        38.46872389341714,
        38.422146825728674,
        38.4429491016425,
        38.47677014432949,
        38.48233715091651,
        38.436476384181574,
        38.44720146052486,
        38.483004253538134
      ],
      "mean": 38.458428383827076,
      "std": 0.026062805924297362
    },
    "150": {
      "widths": [
        38.462486375565746,
        38.47960535762493,
        38.48646299293882,
        38.48823025482104,
        38.464161201758884,
        38.477225264653875,
        38.46394959618258,
        38.486181986279504,
        38.45582783554355,
        38.37135145135565,
        38.466357427887516,
        38.440079606195795,
        38.452144815898734,
        38.49601755823154,
        38.49754876682189,
        38.468544427930865,
        38.48268960511536,
        38.559672392085076,
        38.45158812352431,
        38.47904819608308
      ],
      "mean": 38.47145866182494,
      "std": 0.03340283361315556
    },
    "200": {
      "widths": [
        38.46752917665158,
        38.42945770844301,
        38.455643641743634,
        38.44231070891269,
        38.46055185306549,
        38.461512747007234,
        38.46622359863612,
        38.4623096450565,
        38.47965047337212,
        38.50683425656978,
        38.43854031662356,
        38.43708766426224,
        38.49970526282863,
        38.454064269368956,
        38.43475800695777,
        38.41114188787227,
        38.44487514737535,
        38.448659840086954,
        38.465092989601956,
        38.4622873146184
      ],
      "mean": 38.45641182545272,
      "std": 0.02202293839342769
    },
    "300": {
      "widths": [
        38.42567393917693,
        38.470042771173425,
        38.485804995382686,
        38.480093925228395,
        38.47135461011056,
        38.518416040470925,
        38.48601786431686,
        38.464690722131245,
        38.46431086920232,
        38.4628132758768,
        38.4442418360166,
        38.419110056484655,
        38.437416064312494,
        38.454737876982,
        38.433159873215224,
        38.475190892078366,
        38.448611477171475,
        38.45789498592744,
        38.47974754440844,
        38.4283533787194
      ],
      "mean": 38.46038414991931,
      "std": 0.02402855561820354
    }
  }
}