{
  "model_path": "/lustre/fswork/projects/rech/aik/uhr51mx/ErrorVolumePolytopes/checkpoints/fashion_mlp_best.pth",
  "data_path": "/lustre/fswork/projects/rech/aik/uhr51mx/ErrorVolumePolytopes/data/fashionMNIST_correct_mlp.pt",
  "sample_idx": 25,
  "bits": 4,
  "n_replications": 20,
  "n_workers": 40,
  "elapsed_total_s": 7285.27,
  "n_directions_grid": [
    10,
    20,
    30,
    50,
    75,
    100,
    150,
    200,
    300
  ],
  "results": {
    "10": {
      "widths": [
        37.13630041585863,
        37.26380315344659,
        37.58883265657367,
        37.37735010476278,
        37.30232802921206,
        37.26941914407546,
        37.39293167259022,
        37.18980761516271,
        37.285786806850886,
        37.35597252320623,
        37.42516099559937,
        37.28869458473885,
        37.28157801286385,
        37.495903827418665,
        37.54065128382187,
        37.53623641081631,
        37.208113549664816,
        37.472603901957505,
        37.58233158349629,
        37.350897331709305
      ],
      "mean": 37.367235180191315,
      "std": 0.13056152947231867
    },
    "20": {
      "widths": [
        37.193834670059424,
        37.30669068399044,
        37.374050741565,
        37.38346939825792,
        37.519663561109084,
        37.425271684006916,
        37.45596447474108,
        37.366133271381884,
        37.332509097337024,
        37.3874021730001,
        37.2572365124502,
        37.403003187659344,
        37.48798183312472,
        37.50377748649552,
        37.462039495907604,
        37.38063615065688,
        37.338527260982495,
        37.45872973239614,
        37.28044042078234,
        37.31140112422941
      ],
      "mean": 37.38143814800667,
      "std": 0.08417674058518526
    },
    "30": {
      "widths": [
        37.34038566759842,
        37.36352142352252,
        37.49252964669928,
        37.372640480358655,
        37.21796627086137,
        37.4661252178399,
        37.328056224219864,
        37.266508256795746,
        37.480554295796544,
        37.36125758153766,
        37.49091116909836,
        37.48505143091044,
        37.491328395510045,
        37.41935412919857,
        37.283332701598276,
        37.39931443018058,
        37.54374124912649,
        37.215309196271875,
        37.41991175281399,
        37.47345077133272
      ],
      "mean": 37.395562514563565,
      "std": 0.09504874012904227
    },
    "50": {
      "widths": [
        37.28099784711014,
        37.44873413645786,
        37.21976520368866,
        37.4580211420031,
        37.47121193059515,
        37.39609432306072,
        37.4145188589803,
        37.28111176416349,
        37.38565281557207,
        37.355334077339315,
        37.365457066872466,
        37.448908854092345,
        37.301957573953295,
        37.50286281384393,
        37.460980018164825,
        37.502054007467,
        37.40420427297711,
        37.27880630404853,
        37.328060965321285,
        37.46487180910263
      ],
      "mean": 37.38848028924072,
      "std": 0.08165999366349284
    },
    "75": {
      "widths": [
        37.289131606258074,
        37.406109761732054,
        37.25798299328797,
        37.444458810265054,
        37.446473915460764,
        37.45926549437632,
        37.3311926324676,
        37.40718330270969,
        37.43875908656034,
        37.31855034150173,
        37.39232072318302,
        37.36189662237889,
        37.395532364871116,
        37.41615792825078,
        37.38508962036861,
        37.34240224828676,
        37.42058751492615,
        37.43202730651695,
        37.40834996097211,
        37.313272974592124
      ],
      "mean": 37.38333726044831,
      "std": 0.05562768624220106
    },
    "100": {
      "widths": [
        37.391382420088185,
        37.40644681183521,
        37.40818107618522,
        37.36961023706097,
        37.407714192212026,
        37.368827581298355,
        37.320704864924515,
        37.414334148634495,
        37.376230079911394,
        37.39710445695438,
        37.316984764804964,
        37.41882578900367,
        37.41288492644142,
        37.335516535989626,
        37.35713563933112,
        37.387295509292365,
        37.38596790256867,
        37.35656436673451,
        37.39607789673752,
        37.3173432546261
      ],
      "mean": 37.377256622731736,
      "std": 0.03267934023875913
    },
    "150": {
      "widths": [
        37.388671890230604,
        37.40469244060193,
        37.34959377839896,
        37.34798660612201,
        37.44672626181369,
        37.323348694215724,
        37.39788086714884,
        37.3809801536352,
        37.426835309602936,
        37.29088019608661,
        37.395104515286654,
        37.392635332889625,
        37.37623903819317,
        37.41615545700189,
        37.361543952794534,
        37.341979019256684,
        37.419003064008635,
        37.33954325137628,
        37.41775451777395,
        37.345242723692245
      ],
      "mean": 37.37813985350651,
      "std": 0.03871064925264425
    },
    "200": {
      "widths": [
        37.428277254327824,
        37.38736557963733,
        37.447545866405136,
        37.380925283146034,
        37.44564297912525,
        37.39853325243577,
        37.38259281089109,
        37.403898673826546,
        37.41695395278418,
        37.40089888932544,
        37.33722858467699,
        37.381481956475476,
        37.38355899404794,
        37.37868632662446,
        37.35481399840266,
        37.38016681634407,
        37.40279374495175,
        37.41705162686049,
        37.3315609707534,
        37.349300689932605
      ],
      "mean": 37.39046391254873,
      "std": 0.03118701290877329
    },
    "300": {
      "widths": [
        37.377482266042264,
        37.34000843897793,
        37.345652967419554,
        37.390339719402135,
        37.40769524008098,
        37.37708007956561,
        37.37019856559716,
        37.34889919193506,
        37.369038912878324,
        37.339124252692116,
        37.408283314480165,
        37.35444730748772,
        37.38518471790409,
        37.386593398916204,
        37.39659256018775,
        37.394142968117855,
        37.39426827234027,
        37.40161415831693,
        37.36132402208192,
        37.39881611844578
      ],
      "mean": 37.37733932364349,
      "std": 0.02208249519014645
    }
  }
}