{
  "model_path": "/lustre/fswork/projects/rech/aik/uhr51mx/ErrorVolumePolytopes/checkpoints/fashion_mlp_best.pth",
  "data_path": "/lustre/fswork/projects/rech/aik/uhr51mx/ErrorVolumePolytopes/data/fashionMNIST_correct_mlp.pt",
  "sample_idx": 43,
  "bits": 4,
  "n_replications": 20,
  "n_workers": 40,
  "elapsed_total_s": 6170.59,
  "n_directions_grid": [
    10,
    20,
    30,
    50,
    75,
    100,
    150,
    200,
    300
  ],
  "results": {
    "10": {
      "widths": [
        38.397840162660756,
        38.324287463327245,
        38.418824971442554,
        38.486277564871145,
        38.580040442241334,
        38.4255144795899,
        38.54772835589416,
        38.487723479156834,
        38.01803818588199,
        38.296859169267286,
        38.49975588222919,
        38.604944472724256,
        38.20957574719197,
        38.60767845984618,
        38.51155863163222,
        38.31489424160517,
        38.623819050654554,
        38.62448274783124,
        38.620125053880464,
        38.36268857362163
      ],
      "mean": 38.448132856777505,
      "std": 0.1561546477301403
    },
    "20": {
      "widths": [
        38.519427909013366,
        38.55860238467984,
        38.327041706450146,
        38.4107982698086,
        38.438414828407744,
        38.48321015086212,
        38.271045850624496,
        38.51751860740041,
        38.37939209622785,
        38.33266558552156,
        38.326162336829526,
        38.462258198253124,
        38.38812369189291,
        38.43510176669222,
        38.403238794687596,
        38.292505676461346,
        38.41124242324865,
        38.35692936316311,
        38.54764159009267,
        38.453967260881164
      ],
      "mean": 38.415764424559924,
      "std": 0.08143823075898993
    },
    "30": {
      "widths": [
        38.429256658108905,
        38.31078130257452,
        38.41475821308151,
        38.2815387771557,
        38.326666470666474,
        38.51029440484722,
        38.43693002718649,
        38.426483545840824,
        38.46974680273713,
        38.443120241010625,
        38.2879093836953,
        38.31024329083704,
        38.397712732609634,
        38.57973133235013,
        38.31102587187309,
        38.32479707983407,
        38.54569826918619,
        38.38525348368402,
        38.37540103446893,
        38.43791370523898
      ],
      "mean": 38.40026313134935,
      "std": 0.08348241827233609
    },
    "50": {
      "widths": [
        38.417533824431764,
        38.41658287586291,
        38.47903308296368,
        38.34039928382688,
        38.41860300898182,
        38.416634624742684,
        38.32590515592133,
        38.52710196782952,
        38.34694672816089,
        38.48704682562408,
        38.44669242917831,
        38.44515008651021,
        38.48022556945095,
        38.495810321368396,
        38.34912903314094,
        38.36575197651136,
        38.49689540684458,
        38.35454190239537,
        38.37149113746393,
        38.47132276565059
      ],
      "mean": 38.422639900343015,
      "std": 0.06072036021122195
    },
    "75": {
      "widths": [
        38.43933916455754,
        38.377827274178536,
        38.35058052436808,
        38.37055671183825,
        38.34669115825489,
        38.34882184504589,
        38.445067741132675,
        38.33587368054007,
        38.35090146503756,
        38.32223367865696,
        38.42744954029709,
        38.38494822886355,
        38.34159152595308,
        38.41623428129674,
        38.41368309568411,
        38.33522493005374,
        38.3099316202861,
        38.24144900312915,
        38.4528200573106,
        38.35789773650282
      ],
      "mean": 38.36845616314937,
      "std": 0.051167455479032314
    },
    "100": {
      "widths": [
        38.38118174710981,
        38.36793189930417,
        38.44794169740306,
        38.42542976096642,
        38.42312088069217,
        38.427774520460844,
        38.368388419391685,
        38.46075931020848,
        38.41607492191388,
        38.43306791749976,
        38.38711503950396,
        38.405175177947925,
        38.43101789478772,
        38.33388926957245,
        38.35077077410212,
        38.41024595461904,
        38.45326436275362,
        38.381308703714254,
        38.35553117131723,
        38.51686874501514
      ],
      "mean": 38.40884290841419,
      "std": 0.04300510436582492
    },
    "150": {
      "widths": [
        38.39533201116802,
        38.36585259332205,
        38.43952460003523,
        38.392563888955515,
        38.40007473798562,
        38.401226668641996,
        38.38151976858983,
        38.38457315185095,
        38.415905127866175,
        38.453195068273864,
        38.42417245652638,
        38.38401020947262,
        38.36314409248778,
        38.423909172889644,
        38.40704414502493,
        38.38211899569902,
        38.31724324818153,
        38.349877447731316,
        38.42262339961222,
        38.367192191235084
      ],
      "mean": 38.39355514877749,
      "std": 0.03140602406530444
    },
    "200": {
      "widths": [
        38.38166935359878,
        38.40224394277318,
        38.41066150901849,
        38.442943725221625,
        38.42126657759041,
        38.41285576885172,
        38.33067606758563,
        38.40489408036734,
        38.377166307884174,
        38.32841374920457,
        38.382155341552554,
        38.41889061728938,
        38.38468120228668,
        38.373498015883854,
        38.435495637320784,
        38.36145019120666,
        38.44482813652966,
        38.35389023673492,
        38.43277541856665,
        38.37320919464865
      ],
      "mean": 38.39368325370579,
      "std": 0.03382314552909634
    },
    "300": {
      "widths": [
        38.35578388193275,
        38.37299290335073,
        38.360314276838885,
        38.38067240421191,
        38.386113627237584,
        38.38619087648014,
        38.41837494360637,
        38.437737641176746,
        38.38686545418703,
        38.442059617318066,
        38.39390722728862,
        38.410697959211305,
        38.399753239210625,
        38.39344219691084,
        38.384821921946546,
        38.41140229707942,
        38.35446144445213,
        38.354925584822865,
        38.37543006808298,
        38.38754491781814
      ],
      "mean": 38.38967462415818,
      "std": 0.024501842957961685
    }
  }
}