{
  "model_path": "/lustre/fswork/projects/rech/aik/uhr51mx/ErrorVolumePolytopes/checkpoints/fashion_mlp_best.pth",
  "data_path": "/lustre/fswork/projects/rech/aik/uhr51mx/ErrorVolumePolytopes/data/fashionMNIST_correct_mlp.pt",
  "sample_idx": 47,
  "bits": 4,
  "n_replications": 20,
  "n_workers": 40,
  "elapsed_total_s": 5931.1,
  "n_directions_grid": [
    10,
    20,
    30,
    50,
    75,
    100,
    150,
    200,
    300
  ],
  "results": {
    "10": {
      "widths": [
        38.35068913902505,
        38.41328866892985,
        38.44811040548143,
        38.399176345762115,
        38.49758699158601,
        38.7244891262421,
        38.469905690193656,
        38.30305981666808,
        38.15345462152256,
        38.50924321972104,
        38.436134458882826,
        38.4363858911152,
        38.389125185414734,
        38.314761956573,
        38.358364438121654,
        38.34854321947383,
        38.46358182964032,
        38.260163465192264,
        38.33124127595745,
        38.26373944066203
      ],
      "mean": 38.393552259308265,
      "std": 0.11558495602695738
    },
    "20": {
      "widths": [
        38.336059639285594,
        38.415633966499556,
        38.31376588078008,
        38.351686802172935,
        38.28786938256724,
        38.39859710571039,
        38.40793429280641,
        38.334849883694446,
        38.42594751254142,
        38.37122534352348,
        38.40196860019043,
        38.488004215067605,
        38.40754645675273,
        38.466782546377615,
        38.35708268140475,
        38.318721325435945,
        38.34002280668005,
        38.3890474999189,
        38.4248271057264,
        38.52809754609624
      ],
      "mean": 38.388283529661614,
      "std": 0.05966487044509574
    },
    "30": {
      "widths": [
        38.37424108051865,
        38.4158168153067,
        38.30810397096925,
        38.40152002894301,
        38.44382102443762,
        38.35408513151304,
        38.545226047708454,
        38.48037899581084,
        38.49073272488555,
        38.40691275340144,
        38.55194213249403,
        38.364788753464516,
        38.39870459285187,
        38.29880710082479,
        38.43578453607881,
        38.389958909341885,
        38.482905886142476,
        38.44573974569946,
        38.26361924734621,
        38.39664888085396
      ],
      "mean": 38.41248691792963,
      "std": 0.07403654892408194
    },
    "50": {
      "widths": [
        38.42604804539266,
        38.44237320628847,
        38.4158812639689,
        38.38402818441345,
        38.357138670039205,
        38.317520388876325,
        38.34820480060127,
        38.401628986695954,
        38.31728063455138,
        38.391465763861945,
        38.33914288269189,
        38.40312113146003,
        38.32099670863065,
        38.34916920200968,
        38.4665644048499,
        38.420857035485355,
        38.337012263392154,
        38.30470241362448,
        38.504063350894484,
        38.35518077658222
      ],
      "mean": 38.380119005715514,
      "std": 0.053201697194408905
    },
    "75": {
      "widths": [
        38.36208720466223,
        38.42610679098458,
        38.336481607681634,
        38.43643167064245,
        38.43696052662855,
        38.34260611928099,
        38.38038517185894,
        38.34128544990816,
        38.419632867239585,
        38.407564771263026,
        38.34330305138184,
        38.45131483924932,
        38.44054806823738,
        38.559814620292336,
        38.42291194016066,
        38.38195491939929,
        38.347948249345386,
        38.347580720725496,
        38.40943970522127,
        38.297122209982575
      ],
      "mean": 38.39457402520729,
      "std": 0.0573760564851512
    },
    "100": {
      "widths": [
        38.407370255468166,
        38.36433258403753,
        38.40827510763832,
        38.452965112194434,
        38.406417740834016,
        38.39149238487084,
        38.41343560930938,
        38.370129076042986,
        38.33509646542243,
        38.45628063032138,
        38.31664602136496,
        38.36516083078266,
        38.333324510819295,
        38.37385985090073,
        38.38731336395767,
        38.378997640071255,
        38.27059519382545,
        38.51145398757917,
        38.37636095961016,
        38.37213523994822
      ],
      "mean": 38.384582128249946,
      "std": 0.051189773872450495
    },
    "150": {
      "widths": [
        38.379697815823235,
        38.40296413049041,
        38.38771992589684,
        38.39157170940009,
        38.452938903456264,
        38.427240209337505,
        38.4142282939085,
        38.40456286053263,
        38.41828084725428,
        38.44767850789215,
        38.378314529075006,
        38.38027854458149,
        38.45342949880877,
        38.445957866800875,
        38.421775280179645,
        38.328960075109144,
        38.39202775442434,
        38.39471928711846,
        38.39692592435932,
        38.40094216845294
      ],
      "mean": 38.4060107066451,
      "std": 0.029786008064614483
    },
    "200": {
      "widths": [
        38.42822138822986,
        38.42379264136892,
        38.35692618736535,
        38.39890777843387,
        38.403601694281186,
        38.470639197621274,
        38.361260333874455,
        38.4326845157672,
        38.386320899250784,
        38.4276653285655,
        38.31315785249175,
        38.358057108459555,
        38.38756167770645,
        38.43016595023686,
        38.39253446581091,
        38.38479912821171,
        38.38469047545548,
        38.36069604473031,
        38.3707581477803,
        38.362750308090696
      ],
      "mean": 38.391759556186614,
      "std": 0.03539735176919836
    },
    "300": {
      "widths": [
        38.43408312811815,
        38.36178355248551,
        38.37788193453663,
        38.39171404736438,
        38.33201040723152,
        38.435302295934996,
        38.41785589331625,
        38.40750942915057,
        38.41984468851607,
        38.38909931165278,
        38.38399346392278,
        38.43824171502901,
        38.40050549533391,
        38.42766068419531,
        38.40664228723981,
        38.3925026514465,
        38.39362562811652,
        38.38241480971873,
        38.411683299934246,
        38.42030686182954
      ],
      "mean": 38.401233079253664,
      "std": 0.025874106162618166
    }
  }
}