{
  "model_path": "/lustre/fswork/projects/rech/aik/uhr51mx/ErrorVolumePolytopes/checkpoints/fashion_mlp_best.pth",
  "data_path": "/lustre/fswork/projects/rech/aik/uhr51mx/ErrorVolumePolytopes/data/fashionMNIST_correct_mlp.pt",
  "sample_idx": 0,
  "bits": 4,
  "n_replications": 20,
  "n_workers": 40,
  "elapsed_total_s": 7194.53,
  "n_directions_grid": [
    10,
    20,
    30,
    50,
    75,
    100,
    150,
    200,
    300
  ],
  "results": {
    "10": {
      "widths": [
        37.1029228412556,
        37.498932785443856,
        37.586467467746765,
        37.05288865822713,
        37.29114325545519,
        37.31527643272201,
        37.437811861625335,
        37.35740377055755,
        37.346531395322344,
        37.277094939895804,
        37.289192990576296,
        37.445350668414264,
        37.464660111926975,
        37.32163924919084,
        37.32677565686554,
        37.51432280243548,
        37.43297195199293,
        37.33160082726821,
        37.28816027799373,
        37.37388236580536
      ],
      "mean": 37.352751515536056,
      "std": 0.12468574810311368
    },
    "20": {
      "widths": [
        37.28726445994109,
        37.26447811280461,
        37.45515387821272,
        37.27096343742391,
        37.33047348226317,
        37.355577891593114,
        37.50408413989753,
        37.36993662506109,
        37.46684016445492,
        37.23558455487527,
        37.218659275533355,
        37.39526148181354,
        37.39460135841263,
        37.168248055787075,
        37.32817825237799,
        37.35080518323553,
        37.497377106441924,
        37.304888900466736,
        37.19847977245908,
        37.30087850414557
      ],
      "mean": 37.334886731860045,
      "std": 0.09465863553693785
    },
    "30": {
      "widths": [
        37.34356429835372,
        37.30727453181326,
        37.34054050248451,
        37.2083335676489,
        37.322317945071106,
        37.41642888880323,
        37.35330891215245,
        37.32070718528424,
        37.29672310161277,
        37.367298587002274,
        37.29072264026144,
        37.4035020585375,
        37.27939166840462,
        37.155889249498244,
        37.264594811193696,
        37.36432521581418,
        37.30163928331531,
        37.33802813519459,
        37.39081985687701,
        37.287124776816675
      ],
      "mean": 37.31762676080699,
      "std": 0.06119341656163024
    },
    "50": {
      "widths": [
        37.3718451272326,
        37.38705964396024,
        37.35824172348328,
        37.33328608266932,
        37.396828545640375,
        37.30610933000075,
        37.394878271829704,
        37.18096991053256,
        37.439804842288005,
        37.35418795626529,
        37.39097112758291,
        37.273519169841116,
        37.35643794941198,
        37.320137994843854,
        37.4432690219993,
        37.290417281250996,
        37.38495856280359,
        37.42750671752795,
        37.29285296971119,
        37.37864740715911
      ],
      "mean": 37.354096481801704,
      "std": 0.061917471167836996
    },
    "75": {
      "widths": [
        37.395919850719196,
        37.324675838164815,
        37.38723787611797,
        37.32743828699553,
        37.33487271583179,
        37.35695967909245,
        37.215481227925494,
        37.3142419292865,
        37.26174955549137,
        37.27779431135904,
        37.277366836052344,
        37.402612756609784,
        37.31339327832191,
        37.31022396809404,
        37.362422148989914,
        37.38025057309787,
        37.31903741486253,
        37.309760513279635,
        37.33571802167643,
        37.352023747374126
      ],
      "mean": 37.32795902646714,
      "std": 0.04604552023460498
    },
    "100": {
      "widths": [
        37.25858756947493,
        37.36980073544352,
        37.34814128742787,
        37.35022262360354,
        37.33987626594839,
        37.33310345742307,
        37.37784138978627,
        37.34798044598444,
        37.35027360429096,
        37.37543980861071,
        37.38174147873728,
        37.33342813475595,
        37.4296227655804,
        37.3155908555075,
        37.317620935558196,
        37.31844333663956,
        37.24150682722617,
        37.334916276958914,
        37.34105603472305,
        37.296073884928084
      ],
      "mean": 37.33806338593044,
      "std": 0.040959169279710654
    },
    "150": {
      "widths": [
        37.36746859297891,
        37.35871073146176,
        37.370087153303245,
        37.36078161326712,
        37.39027323971172,
        37.31767426847838,
        37.37022564999679,
        37.39741517932039,
        37.303586167547216,
        37.302434746720884,
        37.36243103395355,
        37.34079986442312,
        37.30930390814523,
        37.29441516178974,
        37.281324144549906,
        37.29427652292104,
        37.3618142873013,
        37.361188636577886,
        37.38648909997216,
        37.3188452487442
      ],
      "mean": 37.34247726255823,
      "std": 0.0352726013747702
    },
    "200": {
      "widths": [
        37.3013907164739,
        37.37709390253161,
        37.3451591795712,
        37.351870827241584,
        37.3365855748176,
        37.308985182707914,
        37.35336913055008,
        37.30173417191958,
        37.39215463528873,
        37.290176103192174,
        37.24225153202181,
        37.343206856907216,
        37.3039859710249,
        37.351164843266844,
        37.32245003000934,
        37.34917641923957,
        37.3548670216092,
        37.38480890133683,
        37.33063860787907,
        37.33607558671471
      ],
      "mean": 37.333857259715195,
      "std": 0.03450321412994778
    },
    "300": {
      "widths": [
        37.3061607675596,
        37.34545841922113,
        37.29522112161324,
        37.31088818365145,
        37.35982768822769,
        37.3083707584806,
        37.32762675092849,
        37.35893810974075,
        37.36285606280248,
        37.319092657245285,
        37.363824291815284,
        37.334065736736555,
        37.33376171526602,
        37.33131759292838,
        37.30931128694347,
        37.32599991800483,
        37.357971601900644,
        37.31139944889955,
        37.324972432042884,
        37.382193359380096
      ],
      "mean": 37.33346289516942,
      "std": 0.02349431904738056
    }
  }
}