{
  "model_path": "/lustre/fswork/projects/rech/aik/uhr51mx/ErrorVolumePolytopes/checkpoints/fashion_mlp_best.pth",
  "data_path": "/lustre/fswork/projects/rech/aik/uhr51mx/ErrorVolumePolytopes/data/fashionMNIST_correct_mlp.pt",
  "sample_idx": 2,
  "bits": 4,
  "n_replications": 20,
  "n_workers": 40,
  "elapsed_total_s": 8287.15,
  "n_directions_grid": [
    10,
    20,
    30,
    50,
    75,
    100,
    150,
    200,
    300
  ],
  "results": {
    "10": {
      "widths": [
        36.36810295165951,
        36.18267474455779,
        36.64185640740936,
        36.56450374694625,
        36.48025670807742,
        36.25138316615209,
        36.332911574981765,
        36.23098868197754,
        36.244617002307834,
        36.49481952891115,
        36.21489752072159,
        36.29345981855548,
        36.31120124384232,
        36.21835381796761,
        36.55090618633828,
        36.39774904355668,
        36.422936060953596,
        36.44165056099986,
        36.56221831794511,
        36.463642014198456
      ],
      "mean": 36.38345645490299,
      "std": 0.1350844692098522
    },
    "20": {
      "widths": [
        36.44524479762681,
        36.29034851183667,
        36.464132815611855,
        36.347291129697794,
        36.54513788992957,
        36.37551534409484,
        36.55362978722082,
        36.46442969864409,
        36.45563241981484,
        36.374902696905416,
        36.178719715091376,
        36.37815723168782,
        36.3374013475918,
        36.59085367021677,
        36.33425162309602,
        36.4883056433727,
        36.497445714112,
        36.45280859399034,
        36.53058571677806,
        36.477823401538664
      ],
      "mean": 36.429130887442916,
      "std": 0.09859825121905083
    },
    "30": {
      "widths": [
        36.432072141859514,
        36.357867142811465,
        36.35025341393108,
        36.553511625268904,
        36.43132506718643,
        36.554140937965116,
        36.41119513622514,
        36.37840454390743,
        36.474894043521005,
        36.316577775551536,
        36.38006481319834,
        36.39491685209448,
        36.36186994861934,
        36.42825962067415,
        36.4524264292093,
        36.5361848495066,
        36.39175713128781,
        36.35995728834403,
        36.33084982001314,
        36.53817753635028
      ],
      "mean": 36.421735305876254,
      "std": 0.07307988213155141
    },
    "50": {
      "widths": [
        36.429554274665826,
        36.366213150423434,
        36.55000202270586,
        36.49953687661835,
        36.411670298163216,
        36.477065559405816,
        36.45359186373835,
        36.466597002949946,
        36.455152484906655,
        36.460666442927646,
        36.35665276506019,
        36.45038118530054,
        36.416038093173235,
        36.43535911678554,
        36.42244764896906,
        36.449659142333715,
        36.38577993649682,
        36.5531883114093,
        36.413635901234045,
        36.50470406332507
      ],
      "mean": 36.44789480702964,
      "std": 0.05116743114837149
    },
    "75": {
      "widths": [
        36.41981750142033,
        36.513739284879755,
        36.40588561778782,
        36.38404715312528,
        36.36895585560601,
        36.435147219049384,
        36.388680214526,
        36.42105952073935,
        36.408469924170305,
        36.33109885225521,
        36.4240768853147,
        36.448830668429245,
        36.471445221598735,
        36.43198893797979,
        36.377408431303486,
        36.37197215205968,
        36.3894223784563,
        36.48851850141089,
        36.37856140709206,
        36.43665016350038
      ],
      "mean": 36.414788794535234,
      "std": 0.04299545235079532
    },
    "100": {
      "widths": [
        36.42390273008348,
        36.41925158701212,
        36.41487363885864,
        36.441132030404155,
        36.38751979152828,
        36.49307244766527,
        36.37373688448966,
        36.37108504778831,
        36.376462400454606,
        36.39202028935921,
        36.410445505110914,
        36.37391629048669,
        36.41965786847001,
        36.418347785035856,
        36.47692464389722,
        36.44776179624342,
        36.42242782262853,
        36.458403303163,
        36.386233977754166,
        36.43945754883805
      ],
      "mean": 36.41733166946358,
      "std": 0.03404448568533995
    },
    "150": {
      "widths": [
        36.38085629264182,
        36.43633482017763,
        36.4222073123179,
        36.43594184645556,
        36.41798078800792,
        36.40604613409527,
        36.445687293180214,
        36.46815627765442,
        36.45080963759447,
        36.38178787518257,
        36.37632663263339,
        36.43000919674254,
        36.36960898053619,
        36.425948713201464,
        36.41719535765678,
        36.44406467802533,
        36.409654539778735,
        36.38178475905868,
        36.441331706464,
        36.432531426151044
      ],
      "mean": 36.41871321337779,
      "std": 0.02735021185595665
    },
    "200": {
      "widths": [
        36.47924041787019,
        36.45632207587801,
        36.43892523036543,
        36.436312628643265,
        36.47731560398286,
        36.47424515280595,
        36.44617468025848,
        36.44242703049499,
        36.46432429138628,
        36.4283789417675,
        36.44362512631882,
        36.385313846659926,
        36.421832236751506,
        36.49269689083115,
        36.43282671046937,
        36.457948000393074,
        36.4278650356171,
        36.38581641791265,
        36.48193691781161,
        36.43135035617086
      ],
      "mean": 36.44524387961945,
      "std": 0.02829125482363511
    },
    "300": {
      "widths": [
        36.411880993413334,
        36.41789052342939,
        36.38535181160256,
        36.426149137242696,
        36.37517089492375,
        36.43441400782549,
        36.44922814822094,
        36.42493461113036,
        36.384281590014695,
        36.44858548235579,
        36.41911669354432,
        36.43441556556698,
        36.42916552215121,
        36.40326009445618,
        36.47647788091802,
        36.42095400722394,
        36.412875899622705,
        36.4457051047647,
        36.4180351853303,
        36.46956854146229
      ],
      "mean": 36.42437308475998,
      "std": 0.025545125471941488
    }
  }
}