{
  "model_path": "/lustre/fswork/projects/rech/aik/uhr51mx/ErrorVolumePolytopes/checkpoints/fashion_mlp_best.pth",
  "data_path": "/lustre/fswork/projects/rech/aik/uhr51mx/ErrorVolumePolytopes/data/fashionMNIST_correct_mlp.pt",
  "sample_idx": 38,
  "bits": 4,
  "n_replications": 20,
  "n_workers": 40,
  "elapsed_total_s": 3578.45,
  "n_directions_grid": [
    10,
    20,
    30,
    50,
    75,
    100,
    150,
    200
  ],
  "results": {
    "10": {
      "widths": [
        39.03524166312773,
        39.03524166312773,
        39.03524166312773,
        39.03524166312773,
        39.03524166312773,
        39.03524166312773,
        39.03524166312773,
        39.03524166312773,
        39.03524166312773,
        39.03524166312773,
        39.03524166312773,
        39.03524166312773,
        39.03524166312773,
        39.03524166312773,
        39.03524166312773,
        39.03524166312773,
        39.03524166312773,
        39.03524166312773,
        39.03524166312773,
        39.03524166312773
      ],
      "mean": 39.035241663127735,
      "std": 7.105427357601002e-15
    },
    "20": {
      "widths": [
        39.05044564361789,
        39.05044564361789,
        39.05044564361789,
        39.05044564361789,
        39.05044564361789,
        39.05044564361789,
        39.05044564361789,
        39.05044564361789,
        39.05044564361789,
        39.05044564361789,
        39.05044564361789,
        39.05044564361789,
        39.05044564361789,
        39.05044564361789,
        39.05044564361789,
        39.05044564361789,
        39.05044564361789,
        39.05044564361789,
        39.05044564361789,
        39.05044564361789
      ],
      "mean": 39.05044564361789,
      "std": 0.0
    },
    "30": {
      "widths": [
        39.071722466874796,
        39.071722466874796,
        39.071722466874796,
        39.071722466874796,
        39.071722466874796,
        39.071722466874796,
        39.071722466874796,
        39.071722466874796,
        39.071722466874796,
        39.071722466874796,
        39.071722466874796,
        39.071722466874796,
        39.071722466874796,
        39.071722466874796,
        39.071722466874796,
        39.071722466874796,
        39.071722466874796,
        39.071722466874796,
        39.071722466874796,
        39.071722466874796
      ],
      "mean": 39.071722466874796,
      "std": 0.0
    },
    "50": {
      "widths": [
        39.02428679686495,
        39.02428679686495,
        39.02428679686495,
        39.02428679686495,
        39.02428679686495,
        39.02428679686495,
        39.02428679686495,
        39.02428679686495,
        39.02428679686495,
        39.02428679686495,
        39.02428679686495,
        39.02428679686495,
        39.02428679686495,
        39.02428679686495,
        39.02428679686495,
        39.02428679686495,
        39.02428679686495,
        39.02428679686495,
        39.02428679686495,
        39.02428679686495
      ],
      "mean": 39.024286796864956,
      "std": 7.105427357601002e-15
    },
    "75": {
      "widths": [
        39.04850312881984,
        39.04850312881984,
        39.04850312881984,
        39.04850312881984,
        39.04850312881984,
        39.04850312881984,
        39.04850312881984,
        39.04850312881984,
        39.04850312881984,
        39.04850312881984,
        39.04850312881984,
        39.04850312881984,
        39.04850312881984,
        39.04850312881984,
        39.04850312881984,
        39.04850312881984,
        39.04850312881984,
        39.04850312881984,
        39.04850312881984,
        39.04850312881984
      ],
      "mean": 39.04850312881983,
      "std": 7.105427357601002e-15
    },
    "100": {
      "widths": [
        38.99403045901798,
        38.99403045901798,
        38.99403045901798,
        38.99403045901798,
        38.99403045901798,
        38.99403045901798,
        38.99403045901798,
        38.99403045901798,
        38.99403045901798,
        38.99403045901798,
        38.99403045901798,
        38.99403045901798,
        38.99403045901798,
        38.99403045901798,
        38.99403045901798,
        38.99403045901798,
        38.99403045901798,
        38.99403045901798,
        38.99403045901798,
        38.99403045901798
      ],
      "mean": 38.99403045901797,
      "std": 7.105427357601002e-15
    },
    "150": {
      "widths": [
        38.92410536002834,
        38.92410536002834,
        38.92410536002834,
        38.92410536002834,
        38.92410536002834,
        38.92410536002834,
        38.92410536002834,
        38.92410536002834,
        38.92410536002834,
        38.92410536002834,
        38.92410536002834,
        38.92410536002834,
        38.92410536002834,
        38.92410536002834,
        38.92410536002834,
        38.92410536002834,
        38.92410536002834,
        38.92410536002834,
        38.92410536002834,
        38.92410536002834
      ],
      "mean": 38.924105360028335,
      "std": 7.105427357601002e-15
    },
    "200": {
      "widths": [
        39.00280947706347,
        39.00280947706347,
        39.00280947706347,
        39.00280947706347,
        39.00280947706347,
        39.00280947706347,
        39.00280947706347,
        39.00280947706347,
        39.00280947706347,
        39.00280947706347,
        39.00280947706347,
        39.00280947706347,
        39.00280947706347,
        39.00280947706347,
        39.00280947706347,
        39.00280947706347,
        39.00280947706347,
        39.00280947706347,
        39.00280947706347,
        39.00280947706347
      ],
      "mean": 39.00280947706347,
      "std": 0.0
    }
  }
}