{
  "model_path": "/lustre/fswork/projects/rech/aik/uhr51mx/ErrorVolumePolytopes/checkpoints/fashion_mlp_best.pth",
  "data_path": "/lustre/fswork/projects/rech/aik/uhr51mx/ErrorVolumePolytopes/data/fashionMNIST_correct_mlp.pt",
  "sample_idx": 29,
  "bits": 4,
  "n_replications": 20,
  "n_workers": 40,
  "elapsed_total_s": 7076.47,
  "n_directions_grid": [
    10,
    20,
    30,
    50,
    75,
    100,
    150,
    200,
    300
  ],
  "results": {
    "10": {
      "widths": [
        37.86096236665786,
        37.59158866944342,
        37.97910171754627,
        37.957287746307095,
        37.80560791720124,
        37.7431955415213,
        37.77941188789086,
        37.66847567450013,
        37.55431574276112,
        37.4218529751505,
        37.694027423105794,
        37.72995689366078,
        37.94139272312833,
        37.58731831724338,
        37.51259689686916,
        37.45049372783608,
        37.74446768876906,
        37.651172212301205,
        37.38695481808803,
        37.63154573217899
      ],
      "mean": 37.68458633360803,
      "std": 0.1691496997642779
    },
    "20": {
      "widths": [
        37.56308813531012,
        37.673188862252985,
        37.818699299394055,
        37.899652662998406,
        37.65403762334391,
        37.554399825801994,
        37.923188627681455,
        37.56070422795635,
        37.77261586900973,
        37.695958862897484,
        37.71393535323158,
        37.57407731280928,
        37.83937113202902,
        37.68995234278081,
        37.61700021292292,
        37.6787349292904,
        37.43980046708708,
        37.68373580037608,
        37.65965944037357,
        37.68064234721969
      ],
      "mean": 37.68462216673835,
      "std": 0.11819268704284719
    },
    "30": {
      "widths": [
        37.6557737914035,
        37.639118683972995,
        37.607124530937426,
        37.71184793668777,
        37.62113292851959,
        37.557593060244244,
        37.65167865857077,
        37.7624977971566,
        37.749693091277045,
        37.72214779311462,
        37.60070277639404,
        37.59292366421319,
        37.63395974770847,
        37.62448531271085,
        37.78823586775243,
        37.72915381078528,
        37.782355393834706,
        37.73712295159209,
        37.80397910765177,
        37.68544222825889
      ],
      "mean": 37.68284845663932,
      "std": 0.07192165882776934
    },
    "50": {
      "widths": [
        37.78802513678774,
        37.71327761823259,
        37.68803042898622,
        37.66974392059886,
        37.697440510900364,
        37.80008011281655,
        37.692855186790695,
        37.692264404220715,
        37.80142931629133,
        37.581165776292444,
        37.784762428481834,
        37.7419595018596,
        37.649215625578925,
        37.64806641912218,
        37.64426871879462,
        37.62423795844127,
        37.70300235373997,
        37.83166594856245,
        37.818067887932244,
        37.83300706022967
      ],
      "mean": 37.720128315733014,
      "std": 0.07330296966450509
    },
    "75": {
      "widths": [
        37.69969116817956,
        37.715542176182744,
        37.68177573156859,
        37.67912915471597,
        37.66346725222993,
        37.68968530499391,
        37.65491469773099,
        37.63189118617516,
        37.642600909943404,
        37.694882800336465,
        37.68514389327339,
        37.64617842266297,
        37.62360701100767,
        37.70999689561576,
        37.698334698475406,
        37.75888233904584,
        37.753520048537354,
        37.7159994048833,
        37.650876706130475,
        37.599207482141324
      ],
      "mean": 37.67976636419151,
      "std": 0.040293016354150904
    },
    "100": {
      "widths": [
        37.711862466755754,
        37.6278876563272,
        37.729890635746216,
        37.698873395054186,
        37.66393728049269,
        37.70891234232561,
        37.683965752027355,
        37.70056749505743,
        37.69232968043829,
        37.71887488250323,
        37.73005300093953,
        37.669596991437615,
        37.71733731803273,
        37.65109120605845,
        37.699159777416355,
        37.6005703667205,
        37.69507342569971,
        37.70088920971742,
        37.70287738826113,
        37.62883973706776
      ],
      "mean": 37.68662950040395,
      "std": 0.034797231781840916
    },
    "150": {
      "widths": [
        37.70305301480997,
        37.75256742132274,
        37.627149619411554,
        37.644343693255976,
        37.65333817320981,
        37.677868152467596,
        37.7405770172118,
        37.72942669220968,
        37.769693356425925,
        37.70074093575791,
        37.657487520957766,
        37.651895844207566,
        37.673461805001125,
        37.654964094602946,
        37.64646417576485,
        37.73787178599579,
        37.67734962848968,
        37.686249357912764,
        37.72769821051148,
        37.6159025955107
      ],
      "mean": 37.68640515475188,
      "std": 0.0431359552309127
    },
    "200": {
      "widths": [
        37.678557260744554,
        37.724471580820726,
        37.60920013551146,
        37.644659920814085,
        37.672095524581955,
        37.69475729848554,
        37.704192214797416,
        37.74334403234517,
        37.70706841908503,
        37.68921807166231,
        37.660684696982386,
        37.7114326861879,
        37.67338678437,
        37.66321471698599,
        37.69224009886673,
        37.701726874310154,
        37.68023162624988,
        37.70901389977593,
        37.713063091476734,
        37.69868969786628
      ],
      "mean": 37.68856243159602,
      "std": 0.029209147306959643
    },
    "300": {
      "widths": [
        37.693938297959654,
        37.70451555196616,
        37.70922239938013,
        37.63541511160991,
        37.71418988062469,
        37.65786619671144,
        37.70091475156338,
        37.65665379590834,
        37.676474214132774,
        37.67440393011655,
        37.735968750932656,
        37.72403520051253,
        37.72585505948828,
        37.69138227869543,
        37.71283542813971,
        37.70653902074051,
        37.70741954218971,
        37.68896479334855,
        37.70552838875448,
        37.73641716312164
      ],
      "mean": 37.697926987794816,
      "std": 0.02612250500447166
    }
  }
}