{
  "model_path": "/lustre/fswork/projects/rech/aik/uhr51mx/ErrorVolumePolytopes/checkpoints/fashion_mlp_best.pth",
  "data_path": "/lustre/fswork/projects/rech/aik/uhr51mx/ErrorVolumePolytopes/data/fashionMNIST_correct_mlp.pt",
  "sample_idx": 48,
  "bits": 4,
  "n_replications": 20,
  "n_workers": 40,
  "elapsed_total_s": 6632.11,
  "n_directions_grid": [
    10,
    20,
    30,
    50,
    75,
    100,
    150,
    200,
    300
  ],
  "results": {
    "10": {
      "widths": [
        37.84961546215585,
        38.03394394104087,
        37.90608526240622,
        37.695096066927796,
        37.992392421005064,
        37.61005917020422,
        37.852370835895655,
        37.943441181693096,
        37.68948565651293,
        37.656538016408575,
        37.64945646969039,
        37.8844150438513,
        37.73123325633911,
        37.75250056400794,
        37.78400048835342,
        37.83730535223208,
        37.90343166903532,
        37.78117426526619,
        37.9752062420138,
        37.767086450521234
      ],
      "mean": 37.814741890778045,
      "std": 0.11949145365541677
    },
    "20": {
      "widths": [
        37.76642679113774,
        37.75535771768693,
        37.777074138277825,
        37.90148868508496,
        37.79229604280935,
        37.961502730368395,
        37.807922147341955,
        37.73536139097513,
        37.80968523905963,
        37.81682461493489,
        37.78640819385357,
        37.92398828314478,
        37.82078229572568,
        37.94496899976674,
        37.859558994667694,
        37.95580445045352,
        37.73830109967059,
        37.91142210315062,
        37.9356085256233,
        37.92574281582763
      ],
      "mean": 37.846326262978046,
      "std": 0.0764964273787899
    },
    "30": {
      "widths": [
        37.76327902197129,
        37.86482082613146,
        37.824814238326276,
        37.89121337176227,
        37.81779691576383,
        37.80170275756468,
        37.7520683080406,
        37.86105684117425,
        37.73737409058143,
        37.931425864618596,
        37.97579566888261,
        37.92038670295181,
        37.84896738657921,
        37.87511257096435,
        37.91058807528557,
        37.86030341027719,
        37.84607033278839,
        37.856955365368634,
        37.748652164905316,
        37.74173750341824
      ],
      "mean": 37.841506070867794,
      "std": 0.06643455584526049
    },
    "50": {
      "widths": [
        37.91906645284734,
        37.852097481921376,
        37.78854106561293,
        37.86813692425888,
        37.72612215994771,
        37.861939155553216,
        37.904044427621855,
        37.92611858601586,
        37.8827037326043,
        37.8908078047144,
        37.74494833745633,
        37.97026679356775,
        37.96777198696785,
        37.90895664445557,
        37.89710316495428,
        37.891748837197994,
        37.81425535244266,
        37.768858815694216,
        37.83996446279488,
        37.73920375608948
      ],
      "mean": 37.85813279713595,
      "std": 0.07125364318911134
    },
    "75": {
      "widths": [
        37.87799908674765,
        37.889542692458036,
        37.97353590130937,
        37.853036175065995,
        37.88043856677981,
        37.84303960195095,
        37.86249401061239,
        37.8736572224547,
        37.976460297400514,
        37.86214103421089,
        37.86522769672744,
        37.814485112383714,
        37.82997455570206,
        37.83105938878578,
        37.887599218408596,
        37.85928017020505,
        37.846263235412714,
        37.823910901683476,
        37.906907769976115,
        37.84353439811748
      ],
      "mean": 37.87002935181964,
      "std": 0.04192399203522132
    },
    "100": {
      "widths": [
        37.81420079473366,
        37.86440276532833,
        37.87745678432684,
        37.890079435798526,
        37.8828030777269,
        37.84269274511201,
        37.86599087157355,
        37.845465471906415,
        37.91057119302409,
        37.83027939796747,
        37.878270273530525,
        37.853941301020015,
        37.89156489490319,
        37.827017320630226,
        37.90748228097062,
        37.84895368128999,
        37.839044231292355,
        37.833332501279045,
        37.89161984590417,
        37.78868155758077
      ],
      "mean": 37.859192521294936,
      "std": 0.03153456860611318
    },
    "150": {
      "widths": [
        37.86648453420832,
        37.91303323151376,
        37.83660708369462,
        37.820719673796845,
        37.88826358813377,
        37.85261716944712,
        37.81550993868919,
        37.935228054672976,
        37.78723045052822,
        37.88813568214882,
        37.8425197019533,
        37.858553957061844,
        37.858426046544224,
        37.90203475706091,
        37.82562296311741,
        37.83984533569155,
        37.889318563653454,
        37.88537088526995,
        37.84404834159816,
        37.85086314068811
      ],
      "mean": 37.86002165497363,
      "std": 0.0353765183867804
    },
    "200": {
      "widths": [
        37.88549002214118,
        37.874300520187546,
        37.86809500023138,
        37.86884389128816,
        37.87639152671097,
        37.86685269982779,
        37.87910368222933,
        37.91736383484318,
        37.86543384621781,
        37.87440004999575,
        37.85413289714693,
        37.91312348516129,
        37.84166834805151,
        37.88518641351529,
        37.83921727261846,
        37.809002176953726,
        37.848329905534435,
        37.868670440420146,
        37.908155025557754,
        37.93606983498915
      ],
      "mean": 37.87399154368109,
      "std": 0.028694372047289526
    },
    "300": {
      "widths": [
        37.91086496211938,
        37.92706462936297,
        37.90688336543123,
        37.89790787195377,
        37.914186326861405,
        37.90674060760031,
        37.857841417602906,
        37.92545179995682,
        37.87864559145422,
        37.838623560342235,
        37.864032614906975,
        37.89327028871203,
        37.899474079822255,
        37.876391509469066,
        37.88251181892899,
        37.868812148469914,
        37.896238962469326,
        37.84355438679856,
        37.894430226553546,
        37.88675587455116
      ],
      "mean": 37.888484102168356,
      "std": 0.024214321028351804
    }
  }
}