{
  "model_path": "/lustre/fswork/projects/rech/aik/uhr51mx/ErrorVolumePolytopes/checkpoints/fashion_mlp_best.pth",
  "data_path": "/lustre/fswork/projects/rech/aik/uhr51mx/ErrorVolumePolytopes/data/fashionMNIST_correct_mlp.pt",
  "sample_idx": 46,
  "bits": 4,
  "n_replications": 20,
  "n_workers": 40,
  "elapsed_total_s": 4424.75,
  "n_directions_grid": [
    10,
    20,
    30,
    50,
    75,
    100,
    150,
    200
  ],
  "results": {
    "10": {
      "widths": [
        38.20953607402555,
        38.20953607402555,
        38.20953607402555,
        38.20953607402555,
        38.20953607402555,
        38.20953607402555,
        38.20953607402555,
        38.20953607402555,
        38.20953607402555,
        38.20953607402555,
        38.20953607402555,
        38.20953607402555,
        38.20953607402555,
        38.20953607402555,
        38.20953607402555,
        38.20953607402555,
        38.20953607402555,
        38.20953607402555,
        38.20953607402555,
        38.20953607402555
      ],
      "mean": 38.20953607402555,
      "std": 0.0
    },
    "20": {
      "widths": [
        38.21385362932594,
        38.21385362932594,
        38.21385362932594,
        38.21385362932594,
        38.21385362932594,
        38.21385362932594,
        38.21385362932594,
        38.21385362932594,
        38.21385362932594,
        38.21385362932594,
        38.21385362932594,
        38.21385362932594,
        38.21385362932594,
        38.21385362932594,
        38.21385362932594,
        38.21385362932594,
        38.21385362932594,
        38.21385362932594,
        38.21385362932594,
        38.21385362932594
      ],
      "mean": 38.213853629325946,
      "std": 7.105427357601002e-15
    },
    "30": {
      "widths": [
        38.20401206257553,
        38.20401206257553,
        38.20401206257553,
        38.20401206257553,
        38.20401206257553,
        38.20401206257553,
        38.20401206257553,
        38.20401206257553,
        38.20401206257553,
        38.20401206257553,
        38.20401206257553,
        38.20401206257553,
        38.20401206257553,
        38.20401206257553,
        38.20401206257553,
        38.20401206257553,
        38.20401206257553,
        38.20401206257553,
        38.20401206257553,
        38.20401206257553
      ],
      "mean": 38.20401206257553,
      "std": 0.0
    },
    "50": {
      "widths": [
        38.07884498487798,
        38.07884498487798,
        38.07884498487798,
        38.07884498487798,
        38.07884498487798,
        38.07884498487798,
        38.07884498487798,
        38.07884498487798,
        38.07884498487798,
        38.07884498487798,
        38.07884498487798,
        38.07884498487798,
        38.07884498487798,
        38.07884498487798,
        38.07884498487798,
        38.07884498487798,
        38.07884498487798,
        38.07884498487798,
        38.07884498487798,
        38.07884498487798
      ],
      "mean": 38.078844984877975,
      "std": 7.105427357601002e-15
    },
    "75": {
      "widths": [
        38.126277259584135,
        38.126277259584135,
        38.126277259584135,
        38.126277259584135,
        38.126277259584135,
        38.126277259584135,
        38.126277259584135,
        38.126277259584135,
        38.126277259584135,
        38.126277259584135,
        38.126277259584135,
        38.126277259584135,
        38.126277259584135,
        38.126277259584135,
        38.126277259584135,
        38.126277259584135,
        38.126277259584135,
        38.126277259584135,
        38.126277259584135,
        38.126277259584135
      ],
      "mean": 38.12627725958414,
      "std": 7.105427357601002e-15
    },
    "100": {
      "widths": [
        38.142811170257104,
        38.142811170257104,
        38.142811170257104,
        38.142811170257104,
        38.142811170257104,
        38.142811170257104,
        38.142811170257104,
        38.142811170257104,
        38.142811170257104,
        38.142811170257104,
        38.142811170257104,
        38.142811170257104,
        38.142811170257104,
        38.142811170257104,
        38.142811170257104,
        38.142811170257104,
        38.142811170257104,
        38.142811170257104,
        38.142811170257104,
        38.142811170257104
      ],
      "mean": 38.142811170257104,
      "std": 0.0
    },
    "150": {
      "widths": [
        38.10922394066406,
        38.10922394066406,
        38.10922394066406,
        38.10922394066406,
        38.10922394066406,
        38.10922394066406,
        38.10922394066406,
        38.10922394066406,
        38.10922394066406,
        38.10922394066406,
        38.10922394066406,
        38.10922394066406,
        38.10922394066406,
        38.10922394066406,
        38.10922394066406,
        38.10922394066406,
        38.10922394066406,
        38.10922394066406,
        38.10922394066406,
        38.10922394066406
      ],
      "mean": 38.10922394066405,
      "std": 7.105427357601002e-15
    },
    "200": {
      "widths": [
        38.13935681042948,
        38.13935681042948,
        38.13935681042948,
        38.13935681042948,
        38.13935681042948,
        38.13935681042948,
        38.13935681042948,
        38.13935681042948,
        38.13935681042948,
        38.13935681042948,
        38.13935681042948,
        38.13935681042948,
        38.13935681042948,
        38.13935681042948,
        38.13935681042948,
        38.13935681042948,
        38.13935681042948,
        38.13935681042948,
        38.13935681042948,
        38.13935681042948
      ],
      "mean": 38.13935681042948,
      "std": 0.0
    }
  }
}