{
  "model_path": "/lustre/fswork/projects/rech/aik/uhr51mx/ErrorVolumePolytopes/checkpoints/fashion_mlp_best.pth",
  "data_path": "/lustre/fswork/projects/rech/aik/uhr51mx/ErrorVolumePolytopes/data/fashionMNIST_correct_mlp.pt",
  "sample_idx": 40,
  "bits": 4,
  "n_replications": 20,
  "n_workers": 40,
  "elapsed_total_s": 5478.8,
  "n_directions_grid": [
    10,
    20,
    30,
    50,
    75,
    100,
    150,
    200,
    300
  ],
  "results": {
    "10": {
      "widths": [
        39.148898903085595,
        38.99150475553858,
        38.912929116841646,
        38.90035041205599,
        38.963159641686026,
        38.91152039805468,
        38.88268039557192,
        38.95675379302006,
        38.97123480432715,
        38.859008087599086,
        38.98579162359698,
        39.0441004422094,
        38.914529169433905,
        39.147058654628744,
        38.93283663387915,
        38.98231932701946,
        39.14951295801396,
        38.7193938422476,
        38.87945901632962,
        38.926807414829156
      ],
      "mean": 38.95899246949843,
      "std": 0.10211052775760346
    },
    "20": {
      "widths": [
        38.92434354876858,
        38.93734308977004,
        39.073511771812015,
        39.0400543547493,
        38.788348331559355,
        38.8613850647942,
        39.00068523116398,
        38.85610222584306,
        38.945246950819865,
        39.08098368290679,
        38.92099442636414,
        38.89073245309953,
        38.957227172878305,
        38.99233201700924,
        38.886390222660715,
        39.00384950670314,
        39.05644371379621,
        39.093107118178,
        39.06645406766239,
        39.012537621403716
      ],
      "mean": 38.96940362859713,
      "std": 0.08415133245024611
    },
    "30": {
      "widths": [
        39.04683091510177,
        38.83359589835315,
        38.978989225215756,
        38.80075805219453,
        38.86150947854069,
        38.98051237075105,
        38.96156381565045,
        38.88607174458184,
        38.90325002503626,
        38.89391497895612,
        38.97588600253058,
        38.8794450680176,
        39.067327969377324,
        38.91986760338929,
        39.02385672342605,
        38.86459965967073,
        39.004438263622355,
        39.03017128938539,
        39.002204240815914,
        39.000239033754454
      ],
      "mean": 38.94575161791857,
      "std": 0.07473354173082936
    },
    "50": {
      "widths": [
        38.953542251053356,
        38.995253626571646,
        39.022191398505804,
        38.9344491100508,
        38.84010704221242,
        38.98223918626687,
        38.944903517499334,
        38.90629182020549,
        38.90401945788922,
        39.009365215417766,
        38.949624021460764,
        38.9869877694705,
        38.98541448413901,
        38.90569677191522,
        38.916635232263346,
        38.837317621223065,
        38.920642561519905,
        38.84323186298728,
        38.928487431411014,
        38.9101263115225
      ],
      "mean": 38.93382633467927,
      "std": 0.05276480039502602
    },
    "75": {
      "widths": [
        38.836508361110404,
        38.919410934885015,
        38.87296996545226,
        38.89533776925739,
        38.8722957081602,
        38.83017231186198,
        38.92400755846461,
        38.940924518458935,
        38.925331951935284,
        38.90533833005673,
        38.959689293474305,
        38.90129513362414,
        38.91714381205306,
        38.96372380981452,
        38.993093741368014,
        38.93386520018395,
        38.92906961923686,
        38.96594515139884,
        38.965831713132005,
        38.893135043211636
      ],
      "mean": 38.91725449635701,
      "std": 0.04187956839846025
    },
    "100": {
      "widths": [
        38.91295363255627,
        38.88876717178812,
        38.9347007583828,
        38.960874290962735,
        38.89846694726165,
        38.92279278536194,
        38.8609578717612,
        38.89431172022272,
        38.89133771673048,
        38.882641862246935,
        38.923402134138264,
        38.92352884192459,
        38.9209738379064,
        38.96413797874892,
        38.858286435998906,
        38.878195815279504,
        38.96698573857368,
        38.964097753215285,
        38.95897349800688,
        38.91379078067941
      ],
      "mean": 38.916008878587334,
      "std": 0.03366520415339
    },
    "150": {
      "widths": [
        38.92347837499453,
        38.898466088468986,
        39.00188328475318,
        38.96945407453494,
        38.91930731092842,
        38.901837208477104,
        38.96572122454781,
        38.91418207362186,
        38.93557846626051,
        38.93351757013357,
        38.97589182257432,
        38.93016394405426,
        38.93010557398427,
        38.89512945408619,
        38.92459067045202,
        38.94138670710184,
        38.94089206844293,
        38.987645103381645,
        38.92542075086987,
        38.94939711310949
      ],
      "mean": 38.93820244423888,
      "std": 0.02847113678041686
    },
    "200": {
      "widths": [
        38.956727249276064,
        38.9607046070179,
        38.968956758366076,
        38.88155238968295,
        38.896398259207814,
        38.891919734764436,
        38.93368657846386,
        38.899305443122174,
        38.91212183739478,
        38.90699722397002,
        38.90859990611135,
        38.9232640347815,
        38.957000515939995,
        38.92727464115259,
        38.96648824745452,
        38.933832047658484,
        38.94496872654654,
        38.9527528217443,
        38.9061299211337,
        38.86791501259566
      ],
      "mean": 38.92482979781924,
      "std": 0.029259985517550133
    },
    "300": {
      "widths": [
        38.93721772023006,
        38.98047180554984,
        38.974471439722635,
        38.90628327663153,
        38.90112232216911,
        38.88790882941962,
        38.91405473462191,
        38.91555624806919,
        38.92726352673534,
        38.95578555809342,
        38.93821059099539,
        38.89039043588438,
        38.919065795368795,
        38.89388437554013,
        38.948785805713854,
        38.91902961096608,
        38.97090999099124,
        38.93884798300362,
        38.90173271374449,
        38.9182893714115
      ],
      "mean": 38.9269641067431,
      "std": 0.027310965010967716
    }
  }
}