{
  "model_path": "/lustre/fswork/projects/rech/aik/uhr51mx/ErrorVolumePolytopes/checkpoints/fashion_mlp_best.pth",
  "data_path": "/lustre/fswork/projects/rech/aik/uhr51mx/ErrorVolumePolytopes/data/fashionMNIST_correct_mlp.pt",
  "sample_idx": 15,
  "bits": 4,
  "n_replications": 20,
  "n_workers": 40,
  "elapsed_total_s": 4262.95,
  "n_directions_grid": [
    10,
    20,
    30,
    50,
    75,
    100,
    150,
    200
  ],
  "results": {
    "10": {
      "widths": [
        38.06650990498373,
        38.06650990498373,
        38.06650990498373,
        38.06650990498373,
        38.06650990498373,
        38.06650990498373,
        38.06650990498373,
        38.06650990498373,
        38.06650990498373,
        38.06650990498373,
        38.06650990498373,
        38.06650990498373,
        38.06650990498373,
        38.06650990498373,
        38.06650990498373,
        38.06650990498373,
        38.06650990498373,
        38.06650990498373,
        38.06650990498373,
        38.06650990498373
      ],
      "mean": 38.06650990498373,
      "std": 0.0
    },
    "20": {
      "widths": [
        38.02632562314214,
        38.02632562314214,
        38.02632562314214,
        38.02632562314214,
        38.02632562314214,
        38.02632562314214,
        38.02632562314214,
        38.02632562314214,
        38.02632562314214,
        38.02632562314214,
        38.02632562314214,
        38.02632562314214,
        38.02632562314214,
        38.02632562314214,
        38.02632562314214,
        38.02632562314214,
        38.02632562314214,
        38.02632562314214,
        38.02632562314214,
        38.02632562314214
      ],
      "mean": 38.02632562314214,
      "std": 0.0
    },
    "30": {
      "widths": [
        38.10146210206437,
        38.10146210206437,
        38.10146210206437,
        38.10146210206437,
        38.10146210206437,
        38.10146210206437,
        38.10146210206437,
        38.10146210206437,
        38.10146210206437,
        38.10146210206437,
        38.10146210206437,
        38.10146210206437,
        38.10146210206437,
        38.10146210206437,
        38.10146210206437,
        38.10146210206437,
        38.10146210206437,
        38.10146210206437,
        38.10146210206437,
        38.10146210206437
      ],
      "mean": 38.10146210206437,
      "std": 0.0
    },
    "50": {
      "widths": [
        38.22084001922083,
        38.22084001922083,
        38.22084001922083,
        38.22084001922083,
        38.22084001922083,
        38.22084001922083,
        38.22084001922083,
        38.22084001922083,
        38.22084001922083,
        38.22084001922083,
        38.22084001922083,
        38.22084001922083,
        38.22084001922083,
        38.22084001922083,
        38.22084001922083,
        38.22084001922083,
        38.22084001922083,
        38.22084001922083,
        38.22084001922083,
        38.22084001922083
      ],
      "mean": 38.22084001922084,
      "std": 7.105427357601002e-15
    },
    "75": {
      "widths": [
        38.16979662313813,
        38.16979662313813,
        38.16979662313813,
        38.16979662313813,
        38.16979662313813,
        38.16979662313813,
        38.16979662313813,
        38.16979662313813,
        38.16979662313813,
        38.16979662313813,
        38.16979662313813,
        38.16979662313813,
        38.16979662313813,
        38.16979662313813,
        38.16979662313813,
        38.16979662313813,
        38.16979662313813,
        38.16979662313813,
        38.16979662313813,
        38.16979662313813
      ],
      "mean": 38.16979662313814,
      "std": 7.105427357601002e-15
    },
    "100": {
      "widths": [
        38.07580338079551,
        38.07580338079551,
        38.07580338079551,
        38.07580338079551,
        38.07580338079551,
        38.07580338079551,
        38.07580338079551,
        38.07580338079551,
        38.07580338079551,
        38.07580338079551,
        38.07580338079551,
        38.07580338079551,
        38.07580338079551,
        38.07580338079551,
        38.07580338079551,
        38.07580338079551,
        38.07580338079551,
        38.07580338079551,
        38.07580338079551,
        38.07580338079551
      ],
      "mean": 38.075803380795506,
      "std": 7.105427357601002e-15
    },
    "150": {
      "widths": [
        38.01031632708717,
        38.01031632708717,
        38.01031632708717,
        38.01031632708717,
        38.01031632708717,
        38.01031632708717,
        38.01031632708717,
        38.01031632708717,
        38.01031632708717,
        38.01031632708717,
        38.01031632708717,
        38.01031632708717,
        38.01031632708717,
        38.01031632708717,
        38.01031632708717,
        38.01031632708717,
        38.01031632708717,
        38.01031632708717,
        38.01031632708717,
        38.01031632708717
      ],
      "mean": 38.01031632708716,
      "std": 7.105427357601002e-15
    },
    "200": {
      "widths": [
        38.02885884887371,
        38.02885884887371,
        38.02885884887371,
        38.02885884887371,
        38.02885884887371,
        38.02885884887371,
        38.02885884887371,
        38.02885884887371,
        38.02885884887371,
        38.02885884887371,
        38.02885884887371,
        38.02885884887371,
        38.02885884887371,
        38.02885884887371,
        38.02885884887371,
        38.02885884887371,
        38.02885884887371,
        38.02885884887371,
        38.02885884887371,
        38.02885884887371
      ],
      "mean": 38.02885884887371,
      "std": 0.0
    }
  }
}