{
  "model_path": "/lustre/fswork/projects/rech/aik/uhr51mx/ErrorVolumePolytopes/checkpoints/fashion_mlp_best.pth",
  "data_path": "/lustre/fswork/projects/rech/aik/uhr51mx/ErrorVolumePolytopes/data/fashionMNIST_correct_mlp.pt",
  "sample_idx": 4,
  "bits": 4,
  "n_replications": 20,
  "n_workers": 40,
  "elapsed_total_s": 6173.2,
  "n_directions_grid": [
    10,
    20,
    30,
    50,
    75,
    100,
    150,
    200,
    300
  ],
  "results": {
    "10": {
      "widths": [
        38.59506795257975,
        38.6150001825869,
        38.26994684044932,
        38.52846193984167,
        38.60448072644792,
        38.428960289515835,
        38.64698542382153,
        38.51506935540554,
        38.32452930788607,
        38.51804682551155,
        38.552585050289665,
        38.23250835898054,
        38.4157070333795,
        38.62833479338964,
        38.63585049824225,
        38.569717521914356,
        38.37310132871729,
        38.704300656056816,
        38.549409228055,
        38.37693814740756
      ],
      "mean": 38.50425007302394,
      "std": 0.13061049919154866
    },
    "20": {
      "widths": [
        38.469958062569845,
        38.592106330676,
        38.52800419027437,
        38.45457982137766,
        38.26393621770289,
        38.43315528617204,
        38.46902891311073,
        38.30953069803728,
        38.52362334095663,
        38.57533857853195,
        38.43622656436911,
        38.484923749451866,
        38.59817694919492,
        38.52340008968973,
        38.59229832130944,
        38.34244990292028,
        38.45732514046548,
        38.42733971476804,
        38.54631354821832,
        38.51671008442096
      ],
      "mean": 38.47722127521088,
      "std": 0.09024090947996709
    },
    "30": {
      "widths": [
        38.43090305264658,
        38.584246365499865,
        38.52176178762553,
        38.55136959743082,
        38.416221366556336,
        38.514931057233724,
        38.52425296707564,
        38.62153490609176,
        38.39867518695529,
        38.50429777373169,
        38.4790222371598,
        38.45829272831962,
        38.45313287055533,
        38.442421883473685,
        38.426101619569145,
        38.53679180840847,
        38.55132327099367,
        38.44943571842502,
        38.49201206261019,
        38.46770649307676
      ],
      "mean": 38.49122173767194,
      "std": 0.057936368673080926
    },
    "50": {
      "widths": [
        38.52731273929791,
        38.46172004392233,
        38.48759918565663,
        38.56961568414724,
        38.477326148262435,
        38.59409902336436,
        38.41119480300579,
        38.470780157865136,
        38.44903513476502,
        38.50771684698083,
        38.47355418087501,
        38.55522228427097,
        38.45176354047815,
        38.469687371678276,
        38.48274085806847,
        38.46123682078465,
        38.585860492855694,
        38.58725185153684,
        38.52559322510097,
        38.40873426106941
      ],
      "mean": 38.4979022326993,
      "std": 0.055069785128070474
    },
    "75": {
      "widths": [
        38.454246046152825,
        38.38136279295115,
        38.49212390933236,
        38.46576750315561,
        38.41646229509431,
        38.501963068561345,
        38.491663188174215,
        38.4203212391735,
        38.56257552643071,
        38.45948241637049,
        38.50976233559706,
        38.477062192065844,
        38.57451307786127,
        38.54684324718346,
        38.55287746442403,
        38.54842678492912,
        38.48187424620882,
        38.47301281377943,
        38.52836338241921,
        38.51459031752098
      ],
      "mean": 38.49266469236929,
      "std": 0.050431774631755334
    },
    "100": {
      "widths": [
        38.44841903015236,
        38.458125300477896,
        38.44627894486365,
        38.47311397001059,
        38.54976339347269,
        38.491432085507284,
        38.51001521469269,
        38.401952629530136,
        38.5496414772244,
        38.44154347421275,
        38.519112164971325,
        38.48682410084548,
        38.50393551698557,
        38.59627138011365,
        38.56914857064028,
        38.477320825466265,
        38.525309996366545,
        38.4724399665313,
        38.551476345158136,
        38.475997071508885
      ],
      "mean": 38.49740607293659,
      "std": 0.047842286519552316
    },
    "150": {
      "widths": [
        38.44706937462545,
        38.507616137300815,
        38.493897363431,
        38.47021787252943,
        38.4881237344416,
        38.53378100670013,
        38.519737325035415,
        38.50327609665296,
        38.469233909164046,
        38.4758854208323,
        38.43931716740454,
        38.46953726963563,
        38.451486491179345,
        38.49844227233461,
        38.459738925806526,
        38.49181325572601,
        38.473743394507785,
        38.53498908956732,
        38.478826966622776,
        38.48854981340427
      ],
      "mean": 38.48476414434511,
      "std": 0.025980000046844445
    },
    "200": {
      "widths": [
        38.49410088664249,
        38.46975657475292,
        38.494272042811325,
        38.4753026692952,
        38.51276237848518,
        38.53221926175042,
        38.52436585491884,
        38.4704407604339,
        38.45653027942328,
        38.45059895150884,
        38.46176603984127,
        38.45176579745936,
        38.48445426604708,
        38.48079985561801,
        38.47713914199963,
        38.47598710207822,
        38.513386294227004,
        38.47721105150297,
        38.52290227737611,
        38.48595840178563
      ],
      "mean": 38.48558599439789,
      "std": 0.02382601622334993
    },
    "300": {
      "widths": [
        38.50696001297472,
        38.558269813978406,
        38.49765915248325,
        38.48059902317244,
        38.552113949804074,
        38.49325350135491,
        38.50694859752575,
        38.48211767929076,
        38.48656398515759,
        38.51721594812541,
        38.49190904325293,
        38.5208370642165,
        38.454623555700174,
        38.504285583466235,
        38.47646042582034,
        38.502054693676904,
        38.44820842438494,
        38.48320192201773,
        38.472289189737786,
        38.48350308120369
      ],
      "mean": 38.49595373236723,
      "std": 0.026687588633579413
    }
  }
}