{
  "model_path": "/lustre/fswork/projects/rech/aik/uhr51mx/ErrorVolumePolytopes/checkpoints/fashion_mlp_best.pth",
  "data_path": "/lustre/fswork/projects/rech/aik/uhr51mx/ErrorVolumePolytopes/data/fashionMNIST_correct_mlp.pt",
  "sample_idx": 1,
  "bits": 4,
  "n_replications": 20,
  "n_workers": 40,
  "elapsed_total_s": 6847.28,
  "n_directions_grid": [
    10,
    20,
    30,
    50,
    75,
    100,
    150,
    200,
    300
  ],
  "results": {
    "10": {
      "widths": [
        38.30911813331659,
        38.26767460249463,
        38.205966030755256,
        38.212216195010726,
        38.000432570346554,
        38.03891862109068,
        38.24396057694241,
        38.16786657512788,
        38.12670141944204,
        38.10648890512972,
        38.18570361927916,
        38.03343171744589,
        38.1452109616457,
        38.17305264613988,
        37.9525842785108,
        37.80420759570343,
        38.18136474154606,
        38.016344960335644,
        38.05189307173484,
        38.17615460480589
      ],
      "mean": 38.11996459134019,
      "std": 0.11780043221989439
    },
    "20": {
      "widths": [
        38.120347222006274,
        38.0965524694437,
        38.05338566812102,
        38.16375000366075,
        38.11432817513349,
        38.111482258056846,
        38.25210272237606,
        38.14501321833901,
        38.315915961152676,
        38.020659720767576,
        38.229625813719785,
        38.16887887196306,
        37.98427549754525,
        38.19976936164983,
        37.99863130214965,
        38.139147289468575,
        38.09636959448689,
        37.93051453126152,
        38.14638052475215,
        38.20008376240135
      ],
      "mean": 38.12436069842278,
      "std": 0.09241615296225347
    },
    "30": {
      "widths": [
        38.033700224501914,
        38.16285317466768,
        38.21580751724058,
        38.16989701005257,
        38.26897796042506,
        38.15445216573196,
        38.18562227584903,
        38.121757278803706,
        38.07115163999418,
        38.03067004421679,
        38.01800379166027,
        37.99497871451696,
        38.10759954453138,
        38.215148532287586,
        38.13772202047847,
        38.07523702648347,
        38.08594105773464,
        38.15400784200167,
        38.14120059235376,
        38.16851932623876
      ],
      "mean": 38.12566238698852,
      "std": 0.07107982685763932
    },
    "50": {
      "widths": [
        38.13901245566177,
        38.058279469158805,
        38.04848702357801,
        38.16890051694061,
        38.06660602764673,
        38.155318895745324,
        38.10700736976968,
        38.0959335209197,
        38.16779135044896,
        38.23075984796022,
        38.10658137497649,
        38.16796795713893,
        38.1152824049316,
        38.080843052185195,
        38.16887855557004,
        38.1022237115916,
        38.10647645536999,
        38.06190022577293,
        38.18309743849983,
        38.087212659652366
      ],
      "mean": 38.12092801567593,
      "std": 0.048173397160398805
    },
    "75": {
      "widths": [
        38.156542809117546,
        38.131791540075135,
        38.05100143319039,
        38.0776503988862,
        38.16027404260056,
        38.103782679231784,
        38.199236785187765,
        38.10910263401799,
        38.139392865682815,
        38.16207043914983,
        38.17995341527315,
        38.10704555910183,
        38.1101161097491,
        38.00557556483829,
        38.118018634994804,
        38.108594707392164,
        38.020065499609984,
        38.01519556418499,
        38.221469794129284,
        38.028714918808724
      ],
      "mean": 38.110279769761114,
      "std": 0.06052029186013872
    },
    "100": {
      "widths": [
        38.04604642128011,
        38.11495929360047,
        38.107144020456374,
        38.13363482035442,
        38.17947495949588,
        38.119458455909815,
        38.141633057442576,
        38.105859413828945,
        38.123350036625155,
        38.11034954957236,
        38.1006722365584,
        38.13374976582,
        38.06656054576741,
        38.1137221191636,
        38.05630526237362,
        38.12325468903259,
        38.10296173635919,
        38.08746610170011,
        38.17475648591417,
        38.12837129848607
      ],
      "mean": 38.113486513487054,
      "std": 0.03259570892901519
    },
    "150": {
      "widths": [
        38.149763610631034,
        38.16287364971761,
        38.09121980003245,
        38.11572792182162,
        38.040579080252904,
        38.096864802900456,
        38.092630705921366,
        38.14474478247107,
        38.106031350171335,
        38.12959938525877,
        38.140984626545034,
        38.138873135376066,
        38.06897848075832,
        38.1541890820283,
        38.13423851043178,
        38.112168972739894,
        38.12868048311714,
        38.04658324250819,
        38.191590030978176,
        38.114665261063216
      ],
      "mean": 38.11804934573624,
      "std": 0.037038970940299024
    },
    "200": {
      "widths": [
        38.12827076080775,
        38.085459588661955,
        38.0691605467781,
        38.14357786907969,
        38.08595716633817,
        38.13472837756243,
        38.05196758314366,
        38.127057788798005,
        38.09781737991127,
        38.119894935838495,
        38.17613849336397,
        38.12218841832803,
        38.11933111804898,
        38.139379764575985,
        38.155595984635454,
        38.06232019823773,
        38.144271352965774,
        38.0966360780389,
        38.11593613623531,
        38.07433717087709
      ],
      "mean": 38.11250133561134,
      "std": 0.032547280846107536
    },
    "300": {
      "widths": [
        38.13468362337625,
        38.108398444982846,
        38.12396144143856,
        38.09039113741857,
        38.12063581266803,
        38.10906555206542,
        38.076144102694585,
        38.184967707669784,
        38.10952841808862,
        38.13327118320528,
        38.076592944301375,
        38.12803434716192,
        38.14564823808681,
        38.14303799015804,
        38.12214094280729,
        38.09832315048759,
        38.106213949076725,
        38.097252186190325,
        38.151754817015245,
        38.13203087974025
      ],
      "mean": 38.11960384343167,
      "std": 0.02575046971976206
    }
  }
}