{
  "model_path": "/lustre/fswork/projects/rech/aik/uhr51mx/ErrorVolumePolytopes/checkpoints/fashion_mlp_best.pth",
  "data_path": "/lustre/fswork/projects/rech/aik/uhr51mx/ErrorVolumePolytopes/data/fashionMNIST_correct_mlp.pt",
  "sample_idx": 25,
  "bits": 4,
  "n_replications": 20,
  "n_workers": 40,
  "elapsed_total_s": 4657.75,
  "n_directions_grid": [
    10,
    20,
    30,
    50,
    75,
    100,
    150,
    200
  ],
  "results": {
    "10": {
      "widths": [
        37.38964975814386,
        37.38964975814386,
        37.38964975814386,
        37.38964975814386,
        37.38964975814386,
        37.38964975814386,
        37.38964975814386,
        37.38964975814386,
        37.38964975814386,
        37.38964975814386,
        37.38964975814386,
        37.38964975814386,
        37.38964975814386,
        37.38964975814386,
        37.38964975814386,
        37.38964975814386,
        37.38964975814386,
        37.38964975814386,
        37.38964975814386,
        37.38964975814386
      ],
      "mean": 37.389649758143854,
      "std": 7.105427357601002e-15
    },
    "20": {
      "widths": [
        37.38211117333959,
        37.38211117333959,
        37.38211117333959,
        37.38211117333959,
        37.38211117333959,
        37.38211117333959,
        37.38211117333959,
        37.38211117333959,
        37.38211117333959,
        37.38211117333959,
        37.38211117333959,
        37.38211117333959,
        37.38211117333959,
        37.38211117333959,
        37.38211117333959,
        37.38211117333959,
        37.38211117333959,
        37.38211117333959,
        37.38211117333959,
        37.38211117333959
      ],
      "mean": 37.38211117333959,
      "std": 0.0
    },
    "30": {
      "widths": [
        37.44380695678231,
        37.44380695678231,
        37.44380695678231,
        37.44380695678231,
        37.44380695678231,
        37.44380695678231,
        37.44380695678231,
        37.44380695678231,
        37.44380695678231,
        37.44380695678231,
        37.44380695678231,
        37.44380695678231,
        37.44380695678231,
        37.44380695678231,
        37.44380695678231,
        37.44380695678231,
        37.44380695678231,
        37.44380695678231,
        37.44380695678231,
        37.44380695678231
      ],
      "mean": 37.4438069567823,
      "std": 7.105427357601002e-15
    },
    "50": {
      "widths": [
        37.399599744786116,
        37.399599744786116,
        37.399599744786116,
        37.399599744786116,
        37.399599744786116,
        37.399599744786116,
        37.399599744786116,
        37.399599744786116,
        37.399599744786116,
        37.399599744786116,
        37.399599744786116,
        37.399599744786116,
        37.399599744786116,
        37.399599744786116,
        37.399599744786116,
        37.399599744786116,
        37.399599744786116,
        37.399599744786116,
        37.399599744786116,
        37.399599744786116
      ],
      "mean": 37.39959974478611,
      "std": 7.105427357601002e-15
    },
    "75": {
      "widths": [
        37.3459414108521,
        37.3459414108521,
        37.3459414108521,
        37.3459414108521,
        37.3459414108521,
        37.3459414108521,
        37.3459414108521,
        37.3459414108521,
        37.3459414108521,
        37.3459414108521,
        37.3459414108521,
        37.3459414108521,
        37.3459414108521,
        37.3459414108521,
        37.3459414108521,
        37.3459414108521,
        37.3459414108521,
        37.3459414108521,
        37.3459414108521,
        37.3459414108521
      ],
      "mean": 37.3459414108521,
      "std": 0.0
    },
    "100": {
      "widths": [
        37.412886738269634,
        37.412886738269634,
        37.412886738269634,
        37.412886738269634,
        37.412886738269634,
        37.412886738269634,
        37.412886738269634,
        37.412886738269634,
        37.412886738269634,
        37.412886738269634,
        37.412886738269634,
        37.412886738269634,
        37.412886738269634,
        37.412886738269634,
        37.412886738269634,
        37.412886738269634,
        37.412886738269634,
        37.412886738269634,
        37.412886738269634,
        37.412886738269634
      ],
      "mean": 37.41288673826964,
      "std": 7.105427357601002e-15
    },
    "150": {
      "widths": [
        37.433563871318775,
        37.433563871318775,
        37.433563871318775,
        37.433563871318775,
        37.433563871318775,
        37.433563871318775,
        37.433563871318775,
        37.433563871318775,
        37.433563871318775,
        37.433563871318775,
        37.433563871318775,
        37.433563871318775,
        37.433563871318775,
        37.433563871318775,
        37.433563871318775,
        37.433563871318775,
        37.433563871318775,
        37.433563871318775,
        37.433563871318775,
        37.433563871318775
      ],
      "mean": 37.43356387131878,
      "std": 7.105427357601002e-15
    },
    "200": {
      "widths": [
        37.40457288834785,
        37.40457288834785,
        37.40457288834785,
        37.40457288834785,
        37.40457288834785,
        37.40457288834785,
        37.40457288834785,
        37.40457288834785,
        37.40457288834785,
        37.40457288834785,
        37.40457288834785,
        37.40457288834785,
        37.40457288834785,
        37.40457288834785,
        37.40457288834785,
        37.40457288834785,
        37.40457288834785,
        37.40457288834785,
        37.40457288834785,
        37.40457288834785
      ],
      "mean": 37.40457288834785,
      "std": 0.0
    }
  }
}