{
  "model_path": "/lustre/fswork/projects/rech/aik/uhr51mx/ErrorVolumePolytopes/checkpoints/fashion_mlp_best.pth",
  "data_path": "/lustre/fswork/projects/rech/aik/uhr51mx/ErrorVolumePolytopes/data/fashionMNIST_correct_mlp.pt",
  "sample_idx": 15,
  "bits": 4,
  "n_replications": 20,
  "n_workers": 40,
  "elapsed_total_s": 6404.05,
  "n_directions_grid": [
    10,
    20,
    30,
    50,
    75,
    100,
    150,
    200,
    300
  ],
  "results": {
    "10": {
      "widths": [
        38.13513662571829,
        38.081397611582545,
        38.206410779583905,
        38.19119904435728,
        38.28602125166907,
        38.15079614716238,
        38.10499307449348,
        38.12288938054415,
        38.3213022393182,
        38.12754679179058,
        38.35842277732452,
        37.83530450029575,
        37.81452866553788,
        38.10488430670956,
        38.010536409908006,
        37.95375681069368,
        37.81562601739449,
        38.22621889400507,
        37.88907164323081,
        38.190194821384004
      ],
      "mean": 38.09631188963518,
      "std": 0.15899620366683562
    },
    "20": {
      "widths": [
        38.25902156569735,
        38.098363151785136,
        38.281196848970794,
        38.14743926421528,
        38.20461804263353,
        38.10967885082014,
        38.097469760861514,
        38.22131879127408,
        38.106771363758305,
        38.32613295919381,
        38.25096234499537,
        38.16454533809207,
        38.152093025882756,
        38.09719084666227,
        38.16314559544272,
        38.2932392979208,
        38.0540149191544,
        38.046477640890465,
        38.21096370314209,
        38.20343300606639
      ],
      "mean": 38.174403815872964,
      "std": 0.07924540812677285
    },
    "30": {
      "widths": [
        38.08934285161477,
        38.117698976304716,
        37.90770837422096,
        38.26943037704828,
        38.08855039553124,
        38.01801702339463,
        38.173144758917566,
        38.22890343306978,
        38.3081232746326,
        38.331580956704,
        38.182568191528134,
        38.21696428045223,
        38.219110795539585,
        38.00837203683004,
        38.0048223787746,
        38.026817200824745,
        38.05383968808995,
        37.92375958163267,
        38.135646476438254,
        38.14956786665484
      ],
      "mean": 38.12269844591018,
      "std": 0.1174699049844864
    },
    "50": {
      "widths": [
        38.17171122285738,
        38.13428801704554,
        38.057884527308254,
        38.17772007694279,
        38.134734537126576,
        38.13844922084748,
        38.042348560636626,
        38.07024085929608,
        38.274009574486634,
        38.188865762357224,
        38.19581386469845,
        38.110479327734105,
        38.08450237801547,
        38.22053581664081,
        38.11407453507048,
        38.19255248488977,
        38.18879463970593,
        38.108512151048714,
        38.15644167549421,
        38.141413836778604
      ],
      "mean": 38.145168653449055,
      "std": 0.05660374012861091
    },
    "75": {
      "widths": [
        38.15992464687198,
        38.10143952272871,
        38.084914997292735,
        38.15224676658213,
        38.177129120857444,
        38.123500105235756,
        38.154927928349785,
        38.069821896987676,
        38.16501370283792,
        38.17222454528844,
        38.143387060389756,
        38.0266415060989,
        38.094819832159544,
        38.10475068394146,
        38.08181381673579,
        38.1144463491662,
        38.125693545032426,
        38.078668041419014,
        38.13646948279866,
        38.05808322296949
      ],
      "mean": 38.11629583868719,
      "std": 0.0407224393616471
    },
    "100": {
      "widths": [
        38.129010303915976,
        38.076691419650786,
        38.11900030884928,
        38.128044122883296,
        38.10866394178127,
        38.105021667833256,
        38.11205025985891,
        38.03172331978833,
        38.13417306853299,
        38.086981666940474,
        38.118953988712114,
        38.10954707954346,
        38.21593732227938,
        38.17532746319578,
        38.111030909358576,
        38.114391985641355,
        38.090949731384946,
        38.09447597612371,
        38.1300382133386,
        38.172187996467244
      ],
      "mean": 38.11821003730398,
      "std": 0.03759352127937341
    },
    "150": {
      "widths": [
        38.166567929296214,
        38.173478581837735,
        38.193102943743156,
        38.18521328633032,
        38.23258319001858,
        38.155490566540806,
        38.18190674350492,
        38.13520194802654,
        38.174328796753635,
        38.08214295666562,
        38.137277386667705,
        38.081556970361916,
        38.15381459270326,
        38.18546803989586,
        38.09611188569371,
        38.16897175507568,
        38.09741362092638,
        38.172361681387116,
        38.13831141216843,
        38.18879606070523
      ],
      "mean": 38.15500501741514,
      "std": 0.03936751724754296
    },
    "200": {
      "widths": [
        38.12860438819729,
        38.14033721564412,
        38.14376761440322,
        38.12489310278131,
        38.10814678601996,
        38.10269316014852,
        38.10898100391933,
        38.15760599722576,
        38.11945209093125,
        38.17993594828288,
        38.12357788800363,
        38.12865515841579,
        38.08863448491086,
        38.077945427593775,
        38.14139591793868,
        38.140574847034834,
        38.1570703395489,
        38.10738485317613,
        38.15025501514999,
        38.13342071132673
      ],
      "mean": 38.12816659753265,
      "std": 0.024146350645933408
    },
    "300": {
      "widths": [
        38.152275834507904,
        38.150588376126265,
        38.109460240526566,
        38.13280502486813,
        38.13396711448779,
        38.10402731826215,
        38.10703004148559,
        38.094823159191805,
        38.087086030174696,
        38.1240550674077,
        38.0998433468734,
        38.093630826025276,
        38.124899541916896,
        38.133376018787665,
        38.150040026177365,
        38.11449012679939,
        38.10242199339818,
        38.14220545442331,
        38.09976227185047,
        38.11473642114087
      ],
      "mean": 38.11857621172157,
      "std": 0.02005070028281251
    }
  }
}