{
  "model_type": "mlp",
  "sample_idx": 0,
  "class_c": 6,
  "model_path": "checkpoints/fashion_mlp_best.pth",
  "data_path": "data/qmodel_qincorrect_mlp_b4.pt",
  "n_directions": 1,
  "n_directions_used": 1,
  "bits_grid": [
    4,
    6,
    8,
    10,
    12,
    16
  ],
  "width_base": 39.25393371728987,
  "widths_correct": {
    "4": 36.786251572590714,
    "6": 38.70268895055,
    "8": 39.11916947848314,
    "10": 39.1568975311613,
    "12": 39.24637844056545,
    "16": 39.253440596661264
  },
  "widths_both": {
    "4": [
      0.0,
      0.0,
      36.78625157259259,
      0.0,
      0.0,
      0.0,
      36.71329683166712,
      0.0,
      0.0,
      0.0
    ],
    "6": [
      0.0,
      0.0,
      0.0,
      0.0,
      0.0,
      0.0,
      38.70268895054234,
      0.0,
      0.0,
      0.0
    ],
    "8": [
      0.0,
      0.0,
      38.59259595204067,
      0.0,
      0.0,
      0.0,
      39.11916947854115,
      0.0,
      0.0,
      0.0
    ],
    "10": [
      0.0,
      0.0,
      38.45813634001502,
      0.0,
      0.0,
      0.0,
      39.156897531161746,
      0.0,
      0.0,
      0.0
    ],
    "12": [
      0.0,
      0.0,
      38.655936920778394,
      0.0,
      0.0,
      0.0,
      39.24637844055613,
      0.0,
      0.0,
      0.0
    ],
    "16": [
      0.0,
      0.0,
      38.610738523629465,
      0.0,
      0.0,
      0.0,
      39.253440596661456,
      0.0,
      0.0,
      0.0
    ]
  }
}