{
  "model_path": "/lustre/fswork/projects/rech/aik/uhr51mx/ErrorVolumePolytopes/checkpoints/fashion_mlp_best.pth",
  "data_path": "/lustre/fswork/projects/rech/aik/uhr51mx/ErrorVolumePolytopes/data/fashionMNIST_correct_mlp.pt",
  "sample_idx": 7,
  "bits": 4,
  "n_replications": 20,
  "n_workers": 40,
  "elapsed_total_s": 10468.89,
  "n_directions_grid": [
    10,
    20,
    30,
    50,
    75,
    100,
    150,
    200,
    300
  ],
  "results": {
    "10": {
      "widths": [
        35.52234961023346,
        35.41751225742736,
        35.41668657545514,
        35.43773143010421,
        35.60113669559297,
        35.37746011641794,
        35.55617885205491,
        35.42768486466859,
        35.28010440192958,
        35.57629500810176,
        35.62557879561619,
        35.335567790453375,
        35.35690286382017,
        35.58673117718624,
        35.299556517201964,
        35.19821088807032,
        35.289640374727895,
        35.55652618134872,
        35.69498211187745,
        35.43167933611896
      ],
      "mean": 35.44942579242037,
      "std": 0.13171292127037057
    },
    "20": {
      "widths": [
        35.44683829495146,
        35.5476947202971,
        35.541408080542496,
        35.65983458414621,
        35.54331001089294,
        35.4997009239065,
        35.598605145759166,
        35.36535651760378,
        35.4919035302287,
        35.487101070955056,
        35.51893518283474,
        35.58310839274956,
        35.512856615167436,
        35.60094840985796,
        35.53752055571416,
        35.43481341199309,
        35.21426877111753,
        35.487805158270376,
        35.385522590621164,
        35.608511975901365
      ],
      "mean": 35.50330219717553,
      "std": 0.09799328785339295
    },
    "30": {
      "widths": [
        35.515469524276405,
        35.446601642251466,
        35.39707533282695,
        35.48673649307035,
        35.51180240951059,
        35.41789381456294,
        35.56795729743512,
        35.501688359806664,
        35.58504664982677,
        35.475219793208616,
        35.55255343546063,
        35.449795004974696,
        35.604836870528324,
        35.41136155842449,
        35.411374349736086,
        35.59555123905981,
        35.569511669316164,
        35.516637944160365,
        35.747410504308654,
        35.48593223531493
      ],
      "mean": 35.512522806403005,
      "std": 0.08297755408143766
    },
    "50": {
      "widths": [
        35.6257395314869,
        35.50030941394448,
        35.58740099707831,
        35.384632534895836,
        35.522588793866156,
        35.352582775648976,
        35.51134005393146,
        35.52435770983306,
        35.39265926127813,
        35.59570425459076,
        35.615267670034086,
        35.55371275125923,
        35.57301815351222,
        35.54582501130212,
        35.5865545521298,
        35.462001802741845,
        35.423217149451936,
        35.54132449459451,
        35.53469174393126,
        35.57269171169132
      ],
      "mean": 35.520281018360116,
      "std": 0.07707392427401903
    },
    "75": {
      "widths": [
        35.61262417312316,
        35.52260961469726,
        35.575172290739474,
        35.52667290557264,
        35.538354893986785,
        35.513896618887905,
        35.56613769409442,
        35.55209078715052,
        35.53314976223328,
        35.414864072165315,
        35.596783653581234,
        35.417798948346366,
        35.46875679656669,
        35.47965083917174,
        35.43760117727465,
        35.54085145946235,
        35.48868767568822,
        35.49286698131292,
        35.5698499314479,
        35.48792325459485
      ],
      "mean": 35.51681717650489,
      "std": 0.05444296925275592
    },
    "100": {
      "widths": [
        35.477111656861354,
        35.571906415795226,
        35.49311083988923,
        35.552128640649045,
        35.545872375372,
        35.50910236446544,
        35.47169818479221,
        35.45325395302635,
        35.492161185663775,
        35.50206077567631,
        35.552083886218135,
        35.50866161625213,
        35.49442236507268,
        35.61786708790308,
        35.506139111027956,
        35.48404152922435,
        35.528140720764675,
        35.526321699381505,
        35.52361093499968,
        35.482901206737246
      ],
      "mean": 35.514629827488605,
      "std": 0.03791839168610264
    },
    "150": {
      "widths": [
        35.471860027904,
        35.52267283868576,
        35.5106458052679,
        35.580144270372095,
        35.46344200140625,
        35.49586357885137,
        35.53740560433903,
        35.50792408670367,
        35.516048863334625,
        35.55907572458643,
        35.53461300274928,
        35.53206191020116,
        35.49034023261694,
        35.51256541240216,
        35.519732255898624,
        35.48898470775588,
        35.434963258892495,
        35.50824435656894,
        35.495212481317864,
        35.55869030875571
      ],
      "mean": 35.5120245364305,
      "std": 0.03336673744045365
    },
    "200": {
      "widths": [
        35.480403749346294,
        35.543935905898095,
        35.5324314948397,
        35.45917966108611,
        35.52549237064105,
        35.50556458264322,
        35.541551602870356,
        35.48241994350902,
        35.5807976623612,
        35.56447722414043,
        35.52550668936079,
        35.434524377846834,
        35.51310691844595,
        35.4857752124481,
        35.55885808888675,
        35.47160006502906,
        35.485710215829876,
        35.43863993184005,
        35.464561811959555,
        35.47121451512537
      ],
      "mean": 35.503287601205386,
      "std": 0.04114282865537741
    },
    "300": {
      "widths": [
        35.521184270594645,
        35.517198116651215,
        35.49556748708097,
        35.5293451979796,
        35.53225640709974,
        35.51052022262912,
        35.50992040590325,
        35.47240934132665,
        35.47832800034454,
        35.47516032898048,
        35.507309369649874,
        35.460795888417195,
        35.483042754892026,
        35.5209650018561,
        35.49479169043196,
        35.464457507231444,
        35.49138623552088,
        35.52079458111149,
        35.503573342084294,
        35.56732081302301
      ],
      "mean": 35.50281634814042,
      "std": 0.025713353340132798
    }
  }
}