{
  "model_path": "/lustre/fswork/projects/rech/aik/uhr51mx/ErrorVolumePolytopes/checkpoints/fashion_mlp_best.pth",
  "data_path": "/lustre/fswork/projects/rech/aik/uhr51mx/ErrorVolumePolytopes/data/fashionMNIST_correct_mlp.pt",
  "sample_idx": 14,
  "bits": 4,
  "n_replications": 20,
  "n_workers": 40,
  "elapsed_total_s": 3865.29,
  "n_directions_grid": [
    10,
    20,
    30,
    50,
    75,
    100,
    150,
    200
  ],
  "results": {
    "10": {
      "widths": [
        38.57269391652466,
        38.57269391652466,
        38.57269391652466,
        38.57269391652466,
        38.57269391652466,
        38.57269391652466,
        38.57269391652466,
        38.57269391652466,
        38.57269391652466,
        38.57269391652466,
        38.57269391652466,
        38.57269391652466,
        38.57269391652466,
        38.57269391652466,
        38.57269391652466,
        38.57269391652466,
        38.57269391652466,
        38.57269391652466,
        38.57269391652466,
        38.57269391652466
      ],
      "mean": 38.57269391652467,
      "std": 7.105427357601002e-15
    },
    "20": {
      "widths": [
        38.68987553086093,
        38.68987553086093,
        38.68987553086093,
        38.68987553086093,
        38.68987553086093,
        38.68987553086093,
        38.68987553086093,
        38.68987553086093,
        38.68987553086093,
        38.68987553086093,
        38.68987553086093,
        38.68987553086093,
        38.68987553086093,
        38.68987553086093,
        38.68987553086093,
        38.68987553086093,
        38.68987553086093,
        38.68987553086093,
        38.68987553086093,
        38.68987553086093
      ],
      "mean": 38.68987553086093,
      "std": 0.0
    },
    "30": {
      "widths": [
        38.6747121998075,
        38.6747121998075,
        38.6747121998075,
        38.6747121998075,
        38.6747121998075,
        38.6747121998075,
        38.6747121998075,
        38.6747121998075,
        38.6747121998075,
        38.6747121998075,
        38.6747121998075,
        38.6747121998075,
        38.6747121998075,
        38.6747121998075,
        38.6747121998075,
        38.6747121998075,
        38.6747121998075,
        38.6747121998075,
        38.6747121998075,
        38.6747121998075
      ],
      "mean": 38.674712199807495,
      "std": 7.105427357601002e-15
    },
    "50": {
      "widths": [
        38.66866720336459,
        38.66866720336459,
        38.66866720336459,
        38.66866720336459,
        38.66866720336459,
        38.66866720336459,
        38.66866720336459,
        38.66866720336459,
        38.66866720336459,
        38.66866720336459,
        38.66866720336459,
        38.66866720336459,
        38.66866720336459,
        38.66866720336459,
        38.66866720336459,
        38.66866720336459,
        38.66866720336459,
        38.66866720336459,
        38.66866720336459,
        38.66866720336459
      ],
      "mean": 38.6686672033646,
      "std": 7.105427357601002e-15
    },
    "75": {
      "widths": [
        38.63083097900313,
        38.63083097900313,
        38.63083097900313,
        38.63083097900313,
        38.63083097900313,
        38.63083097900313,
        38.63083097900313,
        38.63083097900313,
        38.63083097900313,
        38.63083097900313,
        38.63083097900313,
        38.63083097900313,
        38.63083097900313,
        38.63083097900313,
        38.63083097900313,
        38.63083097900313,
        38.63083097900313,
        38.63083097900313,
        38.63083097900313,
        38.63083097900313
      ],
      "mean": 38.63083097900313,
      "std": 0.0
    },
    "100": {
      "widths": [
        38.605644635664795,
        38.605644635664795,
        38.605644635664795,
        38.605644635664795,
        38.605644635664795,
        38.605644635664795,
        38.605644635664795,
        38.605644635664795,
        38.605644635664795,
        38.605644635664795,
        38.605644635664795,
        38.605644635664795,
        38.605644635664795,
        38.605644635664795,
        38.605644635664795,
        38.605644635664795,
        38.605644635664795,
        38.605644635664795,
        38.605644635664795,
        38.605644635664795
      ],
      "mean": 38.6056446356648,
      "std": 7.105427357601002e-15
    },
    "150": {
      "widths": [
        38.70681839791016,
        38.70681839791016,
        38.70681839791016,
        38.70681839791016,
        38.70681839791016,
        38.70681839791016,
        38.70681839791016,
        38.70681839791016,
        38.70681839791016,
        38.70681839791016,
        38.70681839791016,
        38.70681839791016,
        38.70681839791016,
        38.70681839791016,
        38.70681839791016,
        38.70681839791016,
        38.70681839791016,
        38.70681839791016,
        38.70681839791016,
        38.70681839791016
      ],
      "mean": 38.70681839791017,
      "std": 7.105427357601002e-15
    },
    "200": {
      "widths": [
        38.66156509235712,
        38.66156509235712,
        38.66156509235712,
        38.66156509235712,
        38.66156509235712,
        38.66156509235712,
        38.66156509235712,
        38.66156509235712,
        38.66156509235712,
        38.66156509235712,
        38.66156509235712,
        38.66156509235712,
        38.66156509235712,
        38.66156509235712,
        38.66156509235712,
        38.66156509235712,
        38.66156509235712,
        38.66156509235712,
        38.66156509235712,
        38.66156509235712
      ],
      "mean": 38.66156509235712,
      "std": 0.0
    }
  }
}