{
  "model_path": "/lustre/fswork/projects/rech/aik/uhr51mx/ErrorVolumePolytopes/checkpoints/fashion_mlp_best.pth",
  "data_path": "/lustre/fswork/projects/rech/aik/uhr51mx/ErrorVolumePolytopes/data/fashionMNIST_correct_mlp.pt",
  "sample_idx": 9,
  "bits": 4,
  "n_replications": 20,
  "n_workers": 40,
  "elapsed_total_s": 4427.4,
  "n_directions_grid": [
    10,
    20,
    30,
    50,
    75,
    100,
    150,
    200
  ],
  "results": {
    "10": {
      "widths": [
        37.170691066822556,
        37.170691066822556,
        37.170691066822556,
        37.170691066822556,
        37.170691066822556,
        37.170691066822556,
        37.170691066822556,
        37.170691066822556,
        37.170691066822556,
        37.170691066822556,
        37.170691066822556,
        37.170691066822556,
        37.170691066822556,
        37.170691066822556,
        37.170691066822556,
        37.170691066822556,
        37.170691066822556,
        37.170691066822556,
        37.170691066822556,
        37.170691066822556
      ],
      "mean": 37.170691066822556,
      "std": 0.0
    },
    "20": {
      "widths": [
        37.21856883017409,
        37.21856883017409,
        37.21856883017409,
        37.21856883017409,
        37.21856883017409,
        37.21856883017409,
        37.21856883017409,
        37.21856883017409,
        37.21856883017409,
        37.21856883017409,
        37.21856883017409,
        37.21856883017409,
        37.21856883017409,
        37.21856883017409,
        37.21856883017409,
        37.21856883017409,
        37.21856883017409,
        37.21856883017409,
        37.21856883017409,
        37.21856883017409
      ],
      "mean": 37.21856883017408,
      "std": 1.4210854715202004e-14
    },
    "30": {
      "widths": [
        37.296241258127885,
        37.296241258127885,
        37.296241258127885,
        37.296241258127885,
        37.296241258127885,
        37.296241258127885,
        37.296241258127885,
        37.296241258127885,
        37.296241258127885,
        37.296241258127885,
        37.296241258127885,
        37.296241258127885,
        37.296241258127885,
        37.296241258127885,
        37.296241258127885,
        37.296241258127885,
        37.296241258127885,
        37.296241258127885,
        37.296241258127885,
        37.296241258127885
      ],
      "mean": 37.29624125812789,
      "std": 7.105427357601002e-15
    },
    "50": {
      "widths": [
        37.4435083504767,
        37.4435083504767,
        37.4435083504767,
        37.4435083504767,
        37.4435083504767,
        37.4435083504767,
        37.4435083504767,
        37.4435083504767,
        37.4435083504767,
        37.4435083504767,
        37.4435083504767,
        37.4435083504767,
        37.4435083504767,
        37.4435083504767,
        37.4435083504767,
        37.4435083504767,
        37.4435083504767,
        37.4435083504767,
        37.4435083504767,
        37.4435083504767
      ],
      "mean": 37.4435083504767,
      "std": 0.0
    },
    "75": {
      "widths": [
        37.497748058853865,
        37.497748058853865,
        37.497748058853865,
        37.497748058853865,
        37.497748058853865,
        37.497748058853865,
        37.497748058853865,
        37.497748058853865,
        37.497748058853865,
        37.497748058853865,
        37.497748058853865,
        37.497748058853865,
        37.497748058853865,
        37.497748058853865,
        37.497748058853865,
        37.497748058853865,
        37.497748058853865,
        37.497748058853865,
        37.497748058853865,
        37.497748058853865
      ],
      "mean": 37.497748058853865,
      "std": 0.0
    },
    "100": {
      "widths": [
        37.419287202027014,
        37.419287202027014,
        37.419287202027014,
        37.419287202027014,
        37.419287202027014,
        37.419287202027014,
        37.419287202027014,
        37.419287202027014,
        37.419287202027014,
        37.419287202027014,
        37.419287202027014,
        37.419287202027014,
        37.419287202027014,
        37.419287202027014,
        37.419287202027014,
        37.419287202027014,
        37.419287202027014,
        37.419287202027014,
        37.419287202027014,
        37.419287202027014
      ],
      "mean": 37.419287202027014,
      "std": 0.0
    },
    "150": {
      "widths": [
        37.427994647392616,
        37.427994647392616,
        37.427994647392616,
        37.427994647392616,
        37.427994647392616,
        37.427994647392616,
        37.427994647392616,
        37.427994647392616,
        37.427994647392616,
        37.427994647392616,
        37.427994647392616,
        37.427994647392616,
        37.427994647392616,
        37.427994647392616,
        37.427994647392616,
        37.427994647392616,
        37.427994647392616,
        37.427994647392616,
        37.427994647392616,
        37.427994647392616
      ],
      "mean": 37.42799464739262,
      "std": 7.105427357601002e-15
    },
    "200": {
      "widths": [
        37.44975740065147,
        37.44975740065147,
        37.44975740065147,
        37.44975740065147,
        37.44975740065147,
        37.44975740065147,
        37.44975740065147,
        37.44975740065147,
        37.44975740065147,
        37.44975740065147,
        37.44975740065147,
        37.44975740065147,
        37.44975740065147,
        37.44975740065147,
        37.44975740065147,
        37.44975740065147,
        37.44975740065147,
        37.44975740065147,
        37.44975740065147,
        37.44975740065147
      ],
      "mean": 37.44975740065148,
      "std": 7.105427357601002e-15
    }
  }
}