{
  "model_path": "/lustre/fswork/projects/rech/aik/uhr51mx/ErrorVolumePolytopes/checkpoints/fashion_mlp_best.pth",
  "data_path": "/lustre/fswork/projects/rech/aik/uhr51mx/ErrorVolumePolytopes/data/fashionMNIST_correct_mlp.pt",
  "sample_idx": 32,
  "bits": 4,
  "n_replications": 20,
  "n_workers": 40,
  "elapsed_total_s": 5561.97,
  "n_directions_grid": [
    10,
    20,
    30,
    50,
    75,
    100,
    150,
    200
  ],
  "results": {
    "10": {
      "widths": [
        37.04280957645615,
        37.04280957645615,
        37.04280957645615,
        37.04280957645615,
        37.04280957645615,
        37.04280957645615,
        37.04280957645615,
        37.04280957645615,
        37.04280957645615,
        37.04280957645615,
        37.04280957645615,
        37.04280957645615,
        37.04280957645615,
        37.04280957645615,
        37.04280957645615,
        37.04280957645615,
        37.04280957645615,
        37.04280957645615,
        37.04280957645615,
        37.04280957645615
      ],
      "mean": 37.04280957645616,
      "std": 7.105427357601002e-15
    },
    "20": {
      "widths": [
        36.929337641106045,
        36.929337641106045,
        36.929337641106045,
        36.929337641106045,
        36.929337641106045,
        36.929337641106045,
        36.929337641106045,
        36.929337641106045,
        36.929337641106045,
        36.929337641106045,
        36.929337641106045,
        36.929337641106045,
        36.929337641106045,
        36.929337641106045,
        36.929337641106045,
        36.929337641106045,
        36.929337641106045,
        36.929337641106045,
        36.929337641106045,
        36.929337641106045
      ],
      "mean": 36.929337641106045,
      "std": 0.0
    },
    "30": {
      "widths": [
        36.843341032283355,
        36.843341032283355,
        36.843341032283355,
        36.843341032283355,
        36.843341032283355,
        36.843341032283355,
        36.843341032283355,
        36.843341032283355,
        36.843341032283355,
        36.843341032283355,
        36.843341032283355,
        36.843341032283355,
        36.843341032283355,
        36.843341032283355,
        36.843341032283355,
        36.843341032283355,
        36.843341032283355,
        36.843341032283355,
        36.843341032283355,
        36.843341032283355
      ],
      "mean": 36.84334103228335,
      "std": 7.105427357601002e-15
    },
    "50": {
      "widths": [
        36.883335619799865,
        36.883335619799865,
        36.883335619799865,
        36.883335619799865,
        36.883335619799865,
        36.883335619799865,
        36.883335619799865,
        36.883335619799865,
        36.883335619799865,
        36.883335619799865,
        36.883335619799865,
        36.883335619799865,
        36.883335619799865,
        36.883335619799865,
        36.883335619799865,
        36.883335619799865,
        36.883335619799865,
        36.883335619799865,
        36.883335619799865,
        36.883335619799865
      ],
      "mean": 36.88333561979986,
      "std": 7.105427357601002e-15
    },
    "75": {
      "widths": [
        36.827693217821796,
        36.827693217821796,
        36.827693217821796,
        36.827693217821796,
        36.827693217821796,
        36.827693217821796,
        36.827693217821796,
        36.827693217821796,
        36.827693217821796,
        36.827693217821796,
        36.827693217821796,
        36.827693217821796,
        36.827693217821796,
        36.827693217821796,
        36.827693217821796,
        36.827693217821796,
        36.827693217821796,
        36.827693217821796,
        36.827693217821796,
        36.827693217821796
      ],
      "mean": 36.82769321782179,
      "std": 7.105427357601002e-15
    },
    "100": {
      "widths": [
        36.805681995576485,
        36.805681995576485,
        36.805681995576485,
        36.805681995576485,
        36.805681995576485,
        36.805681995576485,
        36.805681995576485,
        36.805681995576485,
        36.805681995576485,
        36.805681995576485,
        36.805681995576485,
        36.805681995576485,
        36.805681995576485,
        36.805681995576485,
        36.805681995576485,
        36.805681995576485,
        36.805681995576485,
        36.805681995576485,
        36.805681995576485,
        36.805681995576485
      ],
      "mean": 36.805681995576485,
      "std": 0.0
    },
    "150": {
      "widths": [
        36.784296580922344,
        36.784296580922344,
        36.784296580922344,
        36.784296580922344,
        36.784296580922344,
        36.784296580922344,
        36.784296580922344,
        36.784296580922344,
        36.784296580922344,
        36.784296580922344,
        36.784296580922344,
        36.784296580922344,
        36.784296580922344,
        36.784296580922344,
        36.784296580922344,
        36.784296580922344,
        36.784296580922344,
        36.784296580922344,
        36.784296580922344,
        36.784296580922344
      ],
      "mean": 36.78429658092235,
      "std": 7.105427357601002e-15
    },
    "200": {
      "widths": [
        36.80282413750501,
        36.80282413750501,
        36.80282413750501,
        36.80282413750501,
        36.80282413750501,
        36.80282413750501,
        36.80282413750501,
        36.80282413750501,
        36.80282413750501,
        36.80282413750501,
        36.80282413750501,
        36.80282413750501,
        36.80282413750501,
        36.80282413750501,
        36.80282413750501,
        36.80282413750501,
        36.80282413750501,
        36.80282413750501,
        36.80282413750501,
        36.80282413750501
      ],
      "mean": 36.80282413750501,
      "std": 0.0
    }
  }
}