{
  "model_path": "/lustre/fswork/projects/rech/aik/uhr51mx/ErrorVolumePolytopes/checkpoints/fashion_mlp_best.pth",
  "data_path": "/lustre/fswork/projects/rech/aik/uhr51mx/ErrorVolumePolytopes/data/fashionMNIST_correct_mlp.pt",
  "sample_idx": 26,
  "bits": 4,
  "n_replications": 20,
  "n_workers": 40,
  "elapsed_total_s": 5819.76,
  "n_directions_grid": [
    10,
    20,
    30,
    50,
    75,
    100,
    150,
    200,
    300
  ],
  "results": {
    "10": {
      "widths": [
        38.808802829926286,
        38.64129039219767,
        38.83586574437349,
        38.64039030328541,
        38.59862842666157,
        38.72569846820312,
        38.840938366322554,
        39.05497575424098,
        38.8403734410077,
        38.856342335212915,
        38.70627510749183,
        38.780057233689426,
        38.87470464993388,
        38.844185352161645,
        38.799227926690605,
        38.667405404843,
        38.973986133900254,
        38.73575102139739,
        38.69695141231058,
        38.91824062016859
      ],
      "mean": 38.79200454620094,
      "std": 0.11436993953749985
    },
    "20": {
      "widths": [
        38.80027728131047,
        38.6564285580804,
        38.80532056097532,
        38.705287129566514,
        38.758706892718195,
        38.91169187729409,
        38.76638790073694,
        38.88500653480522,
        38.837363345562615,
        38.83519125749456,
        38.72075547527901,
        38.89097339135282,
        38.907068073793745,
        38.90009717261412,
        38.72714842337207,
        38.94218549421215,
        38.861719820482634,
        38.861768600408844,
        38.82405960574978,
        38.836107158496404
      ],
      "mean": 38.82167722771529,
      "std": 0.07630674160468592
    },
    "30": {
      "widths": [
        38.74036805013818,
        38.72639165634209,
        38.63196033391383,
        38.65430823223383,
        38.87447020709039,
        38.778020658068144,
        38.828279715239916,
        38.694609153821894,
        38.748717870069775,
        38.72732789997561,
        38.96915749374941,
        38.76854353360781,
        38.663875119012864,
        38.81470976596855,
        38.68010710391715,
        38.72725485885814,
        38.92356695171597,
        38.81564275620272,
        38.834868218203354,
        38.67909753128765
      ],
      "mean": 38.764063855470866,
      "std": 0.08883112967865531
    },
    "50": {
      "widths": [
        38.73232801188637,
        38.713149949769665,
        38.784266376884915,
        38.81869962400771,
        38.89437506926502,
        38.69000645488913,
        38.84029888389615,
        38.70742314653623,
        38.84880514347467,
        38.782559943973595,
        38.71915639740493,
        38.73373424880498,
        38.79713446211014,
        38.77872822536222,
        38.83124206604294,
        38.75506452530356,
        38.746245378400296,
        38.72827745278649,
        38.78705382304068,
        38.80922170163406
      ],
      "mean": 38.774888544273686,
      "std": 0.053227286467254366
    },
    "75": {
      "widths": [
        38.7313298809705,
        38.75916048802713,
        38.80663056601848,
        38.775709736688974,
        38.83165634823282,
        38.69218601603327,
        38.786297901077,
        38.75103768232259,
        38.778288321373296,
        38.86987240210061,
        38.81585782375644,
        38.76860201836203,
        38.729953478466676,
        38.83453316225083,
        38.817986964774775,
        38.79364574514071,
        38.827395273539565,
        38.76584678205154,
        38.659403233146215,
        38.75605285966931
      ],
      "mean": 38.777572334200144,
      "std": 0.049415597046600986
    },
    "100": {
      "widths": [
        38.84656571134687,
        38.723559160009415,
        38.80004257257036,
        38.766748795606176,
        38.74066617328594,
        38.803760952389354,
        38.772431048150914,
        38.82742589162931,
        38.75852834111332,
        38.75835762961156,
        38.71251628791625,
        38.696327377402575,
        38.778274903157005,
        38.83350123724858,
        38.818708668472674,
        38.76028297532125,
        38.75578070197565,
        38.74937517001508,
        38.79216043556536,
        38.71945906520281
      ],
      "mean": 38.770723654899534,
      "std": 0.04090579814237225
    },
    "150": {
      "widths": [
        38.77843168347055,
        38.777789735730444,
        38.77378476943453,
        38.75123819538462,
        38.79899172141247,
        38.78928077657716,
        38.815251825120555,
        38.7502140278555,
        38.825859626642576,
        38.81233130422088,
        38.82996302135361,
        38.75900941158925,
        38.76597076273924,
        38.76310087697299,
        38.77823748106851,
        38.73778233604631,
        38.794422427906106,
        38.80248185820654,
        38.827461401505246,
        38.817150936444314
      ],
      "mean": 38.78743770898407,
      "std": 0.027425280443913215
    },
    "200": {
      "widths": [
        38.810514831284834,
        38.780663680367034,
        38.759610520336906,
        38.806339020863504,
        38.78234046016349,
        38.78634428177724,
        38.752960771734045,
        38.78760699155781,
        38.80212538544575,
        38.80506935021901,
        38.761760223528256,
        38.7526456213372,
        38.757350368042715,
        38.76119019973187,
        38.72117618454754,
        38.73173441656577,
        38.75622630266616,
        38.764046803278696,
        38.80746997734121,
        38.778965363899054
      ],
      "mean": 38.7733070377344,
      "std": 0.024910651610699303
    },
    "300": {
      "widths": [
        38.80286864076491,
        38.73610606680817,
        38.819454522277695,
        38.75563024180564,
        38.766506996044164,
        38.728593036985465,
        38.762346139350775,
        38.751716133207374,
        38.7409900701294,
        38.78192723187685,
        38.74154737468084,
        38.78707567168119,
        38.79254867556477,
        38.7992472840102,
        38.70249632784363,
        38.78313173432772,
        38.75178244392944,
        38.77567310332553,
        38.77720302424968,
        38.75442397006944
      ],
      "mean": 38.76556343444664,
      "std": 0.027788399001885653
    }
  }
}