{
  "model_path": "/lustre/fswork/projects/rech/aik/uhr51mx/ErrorVolumePolytopes/checkpoints/fashion_mlp_best.pth",
  "data_path": "/lustre/fswork/projects/rech/aik/uhr51mx/ErrorVolumePolytopes/data/fashionMNIST_correct_mlp.pt",
  "sample_idx": 32,
  "bits": 4,
  "n_replications": 20,
  "n_workers": 40,
  "elapsed_total_s": 8423.52,
  "n_directions_grid": [
    10,
    20,
    30,
    50,
    75,
    100,
    150,
    200,
    300
  ],
  "results": {
    "10": {
      "widths": [
        36.8594183298147,
        36.907485721371884,
        36.70865548050466,
        36.99552477361117,
        36.69418561590534,
        37.104214093154404,
        36.75914003838645,
        36.68267264905894,
        36.79404677149821,
        36.97092862796564,
        37.045871553014585,
        36.91854739425397,
        37.01137099100213,
        36.92389903670217,
        36.880784770630406,
        36.676578819163495,
        36.96189947478461,
        37.10540394288493,
        36.78103430390183,
        36.72705363329739
      ],
      "mean": 36.875435801045334,
      "std": 0.13742894011177584
    },
    "20": {
      "widths": [
        36.929677353989966,
        36.94946691084631,
        36.84381882702458,
        36.77414794016032,
        36.80474971387277,
        36.911631170401904,
        36.74511693803514,
        36.80721558787734,
        36.783363848327305,
        36.85524770673167,
        36.794204579364276,
        36.70853770495692,
        36.82701980756184,
        37.0057977851866,
        36.755824777576514,
        36.83199403724603,
        36.793213291319546,
        36.764017806740995,
        36.81800032360169,
        36.720532215380636
      ],
      "mean": 36.821178916310124,
      "std": 0.07552752795146914
    },
    "30": {
      "widths": [
        36.89368238797811,
        36.90020122354097,
        36.833788067211465,
        36.92463186660491,
        36.918344815407195,
        36.79479172517473,
        36.791128043699814,
        36.83738615974963,
        36.71766062507234,
        36.823975735177676,
        36.95357189248958,
        36.7375884549843,
        36.826917839246484,
        36.83883814099799,
        36.764100269456655,
        36.88129381586055,
        36.90686790028471,
        36.730937960702164,
        36.922080884128235,
        36.84848433066971
      ],
      "mean": 36.84231360692186,
      "std": 0.0684108946422418
    },
    "50": {
      "widths": [
        36.761535300916314,
        36.83712801957064,
        36.85651027992495,
        36.68376601148328,
        36.74673516549764,
        36.842905646620146,
        36.81857084892774,
        36.84660157936608,
        36.87494381706205,
        36.73707637544311,
        36.88501438802476,
        36.697435939319035,
        36.7347155312802,
        36.763595808880694,
        36.772950980109634,
        36.70166348172937,
        36.84285906586541,
        36.892367817454144,
        36.75718116755405,
        36.81712781740968
      ],
      "mean": 36.793534252121944,
      "std": 0.06392481661166485
    },
    "75": {
      "widths": [
        36.73835909484964,
        36.81970658460017,
        36.78846531602771,
        36.837745821687946,
        36.85613768235021,
        36.77092655633029,
        36.79907151637792,
        36.805945650060636,
        36.879730992244006,
        36.796619922224515,
        36.79392446693218,
        36.80452958846479,
        36.717041089922446,
        36.75977483537246,
        36.816843030426945,
        36.7675678803424,
        36.81219841166918,
        36.86371198416025,
        36.78444489111178,
        36.7462295310729
      ],
      "mean": 36.79794874231142,
      "std": 0.04080282696224325
    },
    "100": {
      "widths": [
        36.80764834026183,
        36.811559464738494,
        36.83866802072219,
        36.81757370731625,
        36.80859439141702,
        36.84517793925924,
        36.88698047763211,
        36.770853604367964,
        36.8649468046048,
        36.81404223603915,
        36.86284890344851,
        36.828239692342855,
        36.797180633156444,
        36.90654405292777,
        36.766175789167136,
        36.773366725722795,
        36.89773767334034,
        36.82739903463259,
        36.86632959409483,
        36.82544963836782
      ],
      "mean": 36.830865836178,
      "std": 0.039495940577471994
    },
    "150": {
      "widths": [
        36.808575056650895,
        36.79697095613676,
        36.859710822078085,
        36.838887996503566,
        36.79218309559921,
        36.85765917626515,
        36.77520751496931,
        36.84767521909523,
        36.8228262590402,
        36.83314924057873,
        36.85366681352572,
        36.83301008482565,
        36.87038605332747,
        36.8182100712048,
        36.81969085018172,
        36.87152718579602,
        36.80205279842301,
        36.769205909499625,
        36.777883781502446,
        36.79429860251417
      ],
      "mean": 36.822138874385885,
      "std": 0.031212614001315878
    },
    "200": {
      "widths": [
        36.8063829619119,
        36.795456253196726,
        36.815780957462145,
        36.839971208089025,
        36.8523028653425,
        36.81804471719096,
        36.76387967235567,
        36.80608054921481,
        36.81150041662412,
        36.8222968170867,
        36.850793367069016,
        36.84398278406779,
        36.83008037425247,
        36.79558297247988,
        36.85060652025147,
        36.87125846624992,
        36.81158828043024,
        36.78491292505139,
        36.77012277006718,
        36.841221587387516
      ],
      "mean": 36.81909232328907,
      "std": 0.028001253255969614
    },
    "300": {
      "widths": [
        36.80065998975497,
        36.80927781558899,
        36.802443240228875,
        36.86503661498302,
        36.82055464099277,
        36.80171805426688,
        36.813992579250105,
        36.83364516471191,
        36.817491873115806,
        36.81554385328586,
        36.85278856826939,
        36.81275303188497,
        36.78918273717501,
        36.801506781822475,
        36.84082531244141,
        36.830443244584906,
        36.779566039134224,
        36.78190487871142,
        36.79966009648733,
        36.83775368312549
      ],
      "mean": 36.81533740999079,
      "std": 0.02208033346135736
    }
  }
}