{
  "model_path": "/lustre/fswork/projects/rech/aik/uhr51mx/ErrorVolumePolytopes/checkpoints/fashion_mlp_best.pth",
  "data_path": "/lustre/fswork/projects/rech/aik/uhr51mx/ErrorVolumePolytopes/data/fashionMNIST_correct_mlp.pt",
  "sample_idx": 10,
  "bits": 4,
  "n_replications": 20,
  "n_workers": 40,
  "elapsed_total_s": 6373.04,
  "n_directions_grid": [
    10,
    20,
    30,
    50,
    75,
    100,
    150,
    200,
    300
  ],
  "results": {
    "10": {
      "widths": [
        38.117707240878545,
        38.42304787882928,
        38.198294753238585,
        38.26704301727194,
        38.61299002910582,
        38.44943125008157,
        38.493729925670294,
        38.17653768109326,
        38.091526368264496,
        38.126259389493306,
        38.26847218995677,
        38.358797260659614,
        38.16279231916578,
        38.31346163790716,
        38.454980169765406,
        38.17915073539926,
        38.245490811537294,
        38.14091236788008,
        38.365099332322416,
        38.02825709223898
      ],
      "mean": 38.273699072537994,
      "std": 0.15184275646839476
    },
    "20": {
      "widths": [
        38.310145691369144,
        38.24607038414221,
        38.25701440074231,
        38.27181729635163,
        38.2835600855434,
        38.428185367836655,
        38.24233102420918,
        38.27573956274895,
        38.4728815718227,
        38.29117836306807,
        38.52793012458652,
        38.431188639548246,
        38.137933897826684,
        38.36476156105055,
        38.31602190078974,
        38.334560141034295,
        38.32480664924283,
        38.26948109962642,
        38.37714781858038,
        38.09434120533548
      ],
      "mean": 38.312854839272774,
      "std": 0.10094493817556598
    },
    "30": {
      "widths": [
        38.306647580992575,
        38.40804959411492,
        38.252439003161506,
        38.28992226292668,
        38.40419941943323,
        38.26046834574029,
        38.316322697785616,
        38.22139738270585,
        38.354788118517064,
        38.30944722639523,
        38.33323340871582,
        38.27127768346661,
        38.32658289161986,
        38.386873612164656,
        38.33262370247645,
        38.235805771202614,
        38.32843821680435,
        38.20972557337321,
        38.38907649474836,
        38.39045356150954
      ],
      "mean": 38.31638862739272,
      "std": 0.05962793652811874
    },
    "50": {
      "widths": [
        38.279932807952406,
        38.320738257795185,
        38.33106144121192,
        38.3325758925497,
        38.27754054505464,
        38.28840717505543,
        38.32479470691502,
        38.289025272951875,
        38.275794812931494,
        38.29696395714493,
        38.31038510780491,
        38.34729484462848,
        38.29937979710081,
        38.29645219654717,
        38.285850094896794,
        38.27881243699179,
        38.27426180516452,
        38.22282602724971,
        38.33402845084195,
        38.26281078793234
      ],
      "mean": 38.29644682093606,
      "std": 0.028932184480806655
    },
    "75": {
      "widths": [
        38.288003714630236,
        38.31607601422146,
        38.317565093660775,
        38.33043483697274,
        38.30825836196903,
        38.38491529409626,
        38.342174113221056,
        38.36641320500426,
        38.339410252326786,
        38.28568666814619,
        38.2627763757938,
        38.389805447632845,
        38.29744678255098,
        38.25041183841382,
        38.21520481157424,
        38.304767399070755,
        38.30698553927806,
        38.35686963010845,
        38.35652791298614,
        38.27368589997875
      ],
      "mean": 38.31467095958183,
      "std": 0.044078622589875376
    },
    "100": {
      "widths": [
        38.273651203228525,
        38.36220932094716,
        38.28971531913228,
        38.33938088690138,
        38.28288307078979,
        38.33397291177968,
        38.307200293698195,
        38.317705801355096,
        38.27106820716287,
        38.411411873200905,
        38.37375246480856,
        38.28685395252824,
        38.334313379377846,
        38.337098820134486,
        38.33636015592495,
        38.31482265019932,
        38.30346674500793,
        38.28939753382704,
        38.3337521800737,
        38.342155900891456
      ],
      "mean": 38.322058633548465,
      "std": 0.034856757115384135
    },
    "150": {
      "widths": [
        38.306220483321106,
        38.31704995950876,
        38.316438777576536,
        38.286471998534964,
        38.309584182431735,
        38.318222719111496,
        38.342149863140314,
        38.33091452967596,
        38.27223623080135,
        38.31869355790688,
        38.33598826720814,
        38.35526513054997,
        38.35107649681072,
        38.34111163713773,
        38.305460724627785,
        38.32212464835558,
        38.344628532648564,
        38.264499747977865,
        38.31219719911556,
        38.287551317532696
      ],
      "mean": 38.31689430019868,
      "std": 0.02457051825394879
    },
    "200": {
      "widths": [
        38.30411266106041,
        38.37437366581944,
        38.373504528498216,
        38.293102281208114,
        38.31955862331989,
        38.26196093838226,
        38.339439765755436,
        38.32437557872102,
        38.350586261760334,
        38.29956848324858,
        38.33151665363688,
        38.31278892372983,
        38.32286347150191,
        38.32837822385208,
        38.31636903089074,
        38.330373465425076,
        38.34905437241712,
        38.32941883824892,
        38.31913344285945,
        38.25522126710922
      ],
      "mean": 38.321785023872245,
      "std": 0.029465122308292842
    },
    "300": {
      "widths": [
        38.31613754202183,
        38.34730048670328,
        38.352172076380874,
        38.37393408705974,
        38.295071197773844,
        38.34055826798315,
        38.29837942636698,
        38.3642293870665,
        38.32631450986213,
        38.34608341121655,
        38.336697373237826,
        38.299838278485225,
        38.2921701959717,
        38.30351523943101,
        38.25495959149848,
        38.30928201414714,
        38.31531023128938,
        38.376644744533905,
        38.35744099457644,
        38.29346230974014
      ],
      "mean": 38.32497506826731,
      "std": 0.03147260777382849
    }
  }
}