{
  "model_path": "/lustre/fswork/projects/rech/aik/uhr51mx/ErrorVolumePolytopes/checkpoints/fashion_mlp_best.pth",
  "data_path": "/lustre/fswork/projects/rech/aik/uhr51mx/ErrorVolumePolytopes/data/fashionMNIST_correct_mlp.pt",
  "sample_idx": 1,
  "bits": 4,
  "n_replications": 20,
  "n_workers": 40,
  "elapsed_total_s": 4393.78,
  "n_directions_grid": [
    10,
    20,
    30,
    50,
    75,
    100,
    150,
    200
  ],
  "results": {
    "10": {
      "widths": [
        38.06784959883774,
        38.06784959883774,
        38.06784959883774,
        38.06784959883774,
        38.06784959883774,
        38.06784959883774,
        38.06784959883774,
        38.06784959883774,
        38.06784959883774,
        38.06784959883774,
        38.06784959883774,
        38.06784959883774,
        38.06784959883774,
        38.06784959883774,
        38.06784959883774,
        38.06784959883774,
        38.06784959883774,
        38.06784959883774,
        38.06784959883774,
        38.06784959883774
      ],
      "mean": 38.06784959883773,
      "std": 7.105427357601002e-15
    },
    "20": {
      "widths": [
        38.07137340058565,
        38.07137340058565,
        38.07137340058565,
        38.07137340058565,
        38.07137340058565,
        38.07137340058565,
        38.07137340058565,
        38.07137340058565,
        38.07137340058565,
        38.07137340058565,
        38.07137340058565,
        38.07137340058565,
        38.07137340058565,
        38.07137340058565,
        38.07137340058565,
        38.07137340058565,
        38.07137340058565,
        38.07137340058565,
        38.07137340058565,
        38.07137340058565
      ],
      "mean": 38.07137340058566,
      "std": 7.105427357601002e-15
    },
    "30": {
      "widths": [
        38.16348463161624,
        38.16348463161624,
        38.16348463161624,
        38.16348463161624,
        38.16348463161624,
        38.16348463161624,
        38.16348463161624,
        38.16348463161624,
        38.16348463161624,
        38.16348463161624,
        38.16348463161624,
        38.16348463161624,
        38.16348463161624,
        38.16348463161624,
        38.16348463161624,
        38.16348463161624,
        38.16348463161624,
        38.16348463161624,
        38.16348463161624,
        38.16348463161624
      ],
      "mean": 38.16348463161624,
      "std": 0.0
    },
    "50": {
      "widths": [
        38.14919296336847,
        38.14919296336847,
        38.14919296336847,
        38.14919296336847,
        38.14919296336847,
        38.14919296336847,
        38.14919296336847,
        38.14919296336847,
        38.14919296336847,
        38.14919296336847,
        38.14919296336847,
        38.14919296336847,
        38.14919296336847,
        38.14919296336847,
        38.14919296336847,
        38.14919296336847,
        38.14919296336847,
        38.14919296336847,
        38.14919296336847,
        38.14919296336847
      ],
      "mean": 38.14919296336847,
      "std": 0.0
    },
    "75": {
      "widths": [
        38.11480022165578,
        38.11480022165578,
        38.11480022165578,
        38.11480022165578,
        38.11480022165578,
        38.11480022165578,
        38.11480022165578,
        38.11480022165578,
        38.11480022165578,
        38.11480022165578,
        38.11480022165578,
        38.11480022165578,
        38.11480022165578,
        38.11480022165578,
        38.11480022165578,
        38.11480022165578,
        38.11480022165578,
        38.11480022165578,
        38.11480022165578,
        38.11480022165578
      ],
      "mean": 38.11480022165577,
      "std": 7.105427357601002e-15
    },
    "100": {
      "widths": [
        38.106675747851675,
        38.106675747851675,
        38.106675747851675,
        38.106675747851675,
        38.106675747851675,
        38.106675747851675,
        38.106675747851675,
        38.106675747851675,
        38.106675747851675,
        38.106675747851675,
        38.106675747851675,
        38.106675747851675,
        38.106675747851675,
        38.106675747851675,
        38.106675747851675,
        38.106675747851675,
        38.106675747851675,
        38.106675747851675,
        38.106675747851675,
        38.106675747851675
      ],
      "mean": 38.106675747851675,
      "std": 0.0
    },
    "150": {
      "widths": [
        38.12704038818465,
        38.12704038818465,
        38.12704038818465,
        38.12704038818465,
        38.12704038818465,
        38.12704038818465,
        38.12704038818465,
        38.12704038818465,
        38.12704038818465,
        38.12704038818465,
        38.12704038818465,
        38.12704038818465,
        38.12704038818465,
        38.12704038818465,
        38.12704038818465,
        38.12704038818465,
        38.12704038818465,
        38.12704038818465,
        38.12704038818465,
        38.12704038818465
      ],
      "mean": 38.12704038818466,
      "std": 7.105427357601002e-15
    },
    "200": {
      "widths": [
        38.09094380435981,
        38.09094380435981,
        38.09094380435981,
        38.09094380435981,
        38.09094380435981,
        38.09094380435981,
        38.09094380435981,
        38.09094380435981,
        38.09094380435981,
        38.09094380435981,
        38.09094380435981,
        38.09094380435981,
        38.09094380435981,
        38.09094380435981,
        38.09094380435981,
        38.09094380435981,
        38.09094380435981,
        38.09094380435981,
        38.09094380435981,
        38.09094380435981
      ],
      "mean": 38.0909438043598,
      "std": 7.105427357601002e-15
    }
  }
}