{
  "model_path": "/lustre/fswork/projects/rech/aik/uhr51mx/ErrorVolumePolytopes/checkpoints/fashion_mlp_best.pth",
  "data_path": "/lustre/fswork/projects/rech/aik/uhr51mx/ErrorVolumePolytopes/data/fashionMNIST_correct_mlp.pt",
  "sample_idx": 22,
  "bits": 4,
  "n_replications": 20,
  "n_workers": 40,
  "elapsed_total_s": 4636.15,
  "n_directions_grid": [
    10,
    20,
    30,
    50,
    75,
    100,
    150,
    200
  ],
  "results": {
    "10": {
      "widths": [
        37.84040029461887,
        37.84040029461887,
        37.84040029461887,
        37.84040029461887,
        37.84040029461887,
        37.84040029461887,
        37.84040029461887,
        37.84040029461887,
        37.84040029461887,
        37.84040029461887,
        37.84040029461887,
        37.84040029461887,
        37.84040029461887,
        37.84040029461887,
        37.84040029461887,
        37.84040029461887,
        37.84040029461887,
        37.84040029461887,
        37.84040029461887,
        37.84040029461887
      ],
      "mean": 37.840400294618874,
      "std": 7.105427357601002e-15
    },
    "20": {
      "widths": [
        37.76575574379079,
        37.76575574379079,
        37.76575574379079,
        37.76575574379079,
        37.76575574379079,
        37.76575574379079,
        37.76575574379079,
        37.76575574379079,
        37.76575574379079,
        37.76575574379079,
        37.76575574379079,
        37.76575574379079,
        37.76575574379079,
        37.76575574379079,
        37.76575574379079,
        37.76575574379079,
        37.76575574379079,
        37.76575574379079,
        37.76575574379079,
        37.76575574379079
      ],
      "mean": 37.76575574379079,
      "std": 0.0
    },
    "30": {
      "widths": [
        37.78468546162433,
        37.78468546162433,
        37.78468546162433,
        37.78468546162433,
        37.78468546162433,
        37.78468546162433,
        37.78468546162433,
        37.78468546162433,
        37.78468546162433,
        37.78468546162433,
        37.78468546162433,
        37.78468546162433,
        37.78468546162433,
        37.78468546162433,
        37.78468546162433,
        37.78468546162433,
        37.78468546162433,
        37.78468546162433,
        37.78468546162433,
        37.78468546162433
      ],
      "mean": 37.784685461624335,
      "std": 7.105427357601002e-15
    },
    "50": {
      "widths": [
        37.84063502311727,
        37.84063502311727,
        37.84063502311727,
        37.84063502311727,
        37.84063502311727,
        37.84063502311727,
        37.84063502311727,
        37.84063502311727,
        37.84063502311727,
        37.84063502311727,
        37.84063502311727,
        37.84063502311727,
        37.84063502311727,
        37.84063502311727,
        37.84063502311727,
        37.84063502311727,
        37.84063502311727,
        37.84063502311727,
        37.84063502311727,
        37.84063502311727
      ],
      "mean": 37.84063502311729,
      "std": 1.4210854715202004e-14
    },
    "75": {
      "widths": [
        37.796317246754306,
        37.796317246754306,
        37.796317246754306,
        37.796317246754306,
        37.796317246754306,
        37.796317246754306,
        37.796317246754306,
        37.796317246754306,
        37.796317246754306,
        37.796317246754306,
        37.796317246754306,
        37.796317246754306,
        37.796317246754306,
        37.796317246754306,
        37.796317246754306,
        37.796317246754306,
        37.796317246754306,
        37.796317246754306,
        37.796317246754306,
        37.796317246754306
      ],
      "mean": 37.7963172467543,
      "std": 7.105427357601002e-15
    },
    "100": {
      "widths": [
        37.799881208855346,
        37.799881208855346,
        37.799881208855346,
        37.799881208855346,
        37.799881208855346,
        37.799881208855346,
        37.799881208855346,
        37.799881208855346,
        37.799881208855346,
        37.799881208855346,
        37.799881208855346,
        37.799881208855346,
        37.799881208855346,
        37.799881208855346,
        37.799881208855346,
        37.799881208855346,
        37.799881208855346,
        37.799881208855346,
        37.799881208855346,
        37.799881208855346
      ],
      "mean": 37.79988120885535,
      "std": 7.105427357601002e-15
    },
    "150": {
      "widths": [
        37.794753515630084,
        37.794753515630084,
        37.794753515630084,
        37.794753515630084,
        37.794753515630084,
        37.794753515630084,
        37.794753515630084,
        37.794753515630084,
        37.794753515630084,
        37.794753515630084,
        37.794753515630084,
        37.794753515630084,
        37.794753515630084,
        37.794753515630084,
        37.794753515630084,
        37.794753515630084,
        37.794753515630084,
        37.794753515630084,
        37.794753515630084,
        37.794753515630084
      ],
      "mean": 37.794753515630084,
      "std": 0.0
    },
    "200": {
      "widths": [
        37.811797269187984,
        37.811797269187984,
        37.811797269187984,
        37.811797269187984,
        37.811797269187984,
        37.811797269187984,
        37.811797269187984,
        37.811797269187984,
        37.811797269187984,
        37.811797269187984,
        37.811797269187984,
        37.811797269187984,
        37.811797269187984,
        37.811797269187984,
        37.811797269187984,
        37.811797269187984,
        37.811797269187984,
        37.811797269187984,
        37.811797269187984,
        37.811797269187984
      ],
      "mean": 37.811797269187984,
      "std": 0.0
    }
  }
}