{
  "model_path": "/lustre/fswork/projects/rech/aik/uhr51mx/ErrorVolumePolytopes/checkpoints/fashion_mlp_best.pth",
  "data_path": "/lustre/fswork/projects/rech/aik/uhr51mx/ErrorVolumePolytopes/data/fashionMNIST_correct_mlp.pt",
  "sample_idx": 24,
  "bits": 4,
  "n_replications": 20,
  "n_workers": 40,
  "elapsed_total_s": 4084.37,
  "n_directions_grid": [
    10,
    20,
    30,
    50,
    75,
    100,
    150,
    200
  ],
  "results": {
    "10": {
      "widths": [
        38.1121629828341,
        38.1121629828341,
        38.1121629828341,
        38.1121629828341,
        38.1121629828341,
        38.1121629828341,
        38.1121629828341,
        38.1121629828341,
        38.1121629828341,
        38.1121629828341,
        38.1121629828341,
        38.1121629828341,
        38.1121629828341,
        38.1121629828341,
        38.1121629828341,
        38.1121629828341,
        38.1121629828341,
        38.1121629828341,
        38.1121629828341,
        38.1121629828341
      ],
      "mean": 38.1121629828341,
      "std": 0.0
    },
    "20": {
      "widths": [
        38.13089894305602,
        38.13089894305602,
        38.13089894305602,
        38.13089894305602,
        38.13089894305602,
        38.13089894305602,
        38.13089894305602,
        38.13089894305602,
        38.13089894305602,
        38.13089894305602,
        38.13089894305602,
        38.13089894305602,
        38.13089894305602,
        38.13089894305602,
        38.13089894305602,
        38.13089894305602,
        38.13089894305602,
        38.13089894305602,
        38.13089894305602,
        38.13089894305602
      ],
      "mean": 38.13089894305601,
      "std": 7.105427357601002e-15
    },
    "30": {
      "widths": [
        38.1039644674375,
        38.1039644674375,
        38.1039644674375,
        38.1039644674375,
        38.1039644674375,
        38.1039644674375,
        38.1039644674375,
        38.1039644674375,
        38.1039644674375,
        38.1039644674375,
        38.1039644674375,
        38.1039644674375,
        38.1039644674375,
        38.1039644674375,
        38.1039644674375,
        38.1039644674375,
        38.1039644674375,
        38.1039644674375,
        38.1039644674375,
        38.1039644674375
      ],
      "mean": 38.10396446743751,
      "std": 7.105427357601002e-15
    },
    "50": {
      "widths": [
        38.215715512739116,
        38.215715512739116,
        38.215715512739116,
        38.215715512739116,
        38.215715512739116,
        38.215715512739116,
        38.215715512739116,
        38.215715512739116,
        38.215715512739116,
        38.215715512739116,
        38.215715512739116,
        38.215715512739116,
        38.215715512739116,
        38.215715512739116,
        38.215715512739116,
        38.215715512739116,
        38.215715512739116,
        38.215715512739116,
        38.215715512739116,
        38.215715512739116
      ],
      "mean": 38.21571551273912,
      "std": 7.105427357601002e-15
    },
    "75": {
      "widths": [
        38.35845544982644,
        38.35845544982644,
        38.35845544982644,
        38.35845544982644,
        38.35845544982644,
        38.35845544982644,
        38.35845544982644,
        38.35845544982644,
        38.35845544982644,
        38.35845544982644,
        38.35845544982644,
        38.35845544982644,
        38.35845544982644,
        38.35845544982644,
        38.35845544982644,
        38.35845544982644,
        38.35845544982644,
        38.35845544982644,
        38.35845544982644,
        38.35845544982644
      ],
      "mean": 38.358455449826444,
      "std": 7.105427357601002e-15
    },
    "100": {
      "widths": [
        38.37759523483039,
        38.37759523483039,
        38.37759523483039,
        38.37759523483039,
        38.37759523483039,
        38.37759523483039,
        38.37759523483039,
        38.37759523483039,
        38.37759523483039,
        38.37759523483039,
        38.37759523483039,
        38.37759523483039,
        38.37759523483039,
        38.37759523483039,
        38.37759523483039,
        38.37759523483039,
        38.37759523483039,
        38.37759523483039,
        38.37759523483039,
        38.37759523483039
      ],
      "mean": 38.377595234830395,
      "std": 7.105427357601002e-15
    },
    "150": {
      "widths": [
        38.337363969423194,
        38.337363969423194,
        38.337363969423194,
        38.337363969423194,
        38.337363969423194,
        38.337363969423194,
        38.337363969423194,
        38.337363969423194,
        38.337363969423194,
        38.337363969423194,
        38.337363969423194,
        38.337363969423194,
        38.337363969423194,
        38.337363969423194,
        38.337363969423194,
        38.337363969423194,
        38.337363969423194,
        38.337363969423194,
        38.337363969423194,
        38.337363969423194
      ],
      "mean": 38.3373639694232,
      "std": 7.105427357601002e-15
    },
    "200": {
      "widths": [
        38.35103751171221,
        38.35103751171221,
        38.35103751171221,
        38.35103751171221,
        38.35103751171221,
        38.35103751171221,
        38.35103751171221,
        38.35103751171221,
        38.35103751171221,
        38.35103751171221,
        38.35103751171221,
        38.35103751171221,
        38.35103751171221,
        38.35103751171221,
        38.35103751171221,
        38.35103751171221,
        38.35103751171221,
        38.35103751171221,
        38.35103751171221,
        38.35103751171221
      ],
      "mean": 38.35103751171221,
      "std": 0.0
    }
  }
}