{
  "model_path": "/lustre/fswork/projects/rech/aik/uhr51mx/ErrorVolumePolytopes/checkpoints/fashion_mlp_best.pth",
  "data_path": "/lustre/fswork/projects/rech/aik/uhr51mx/ErrorVolumePolytopes/data/fashionMNIST_correct_mlp.pt",
  "sample_idx": 6,
  "bits": 4,
  "n_replications": 20,
  "n_workers": 40,
  "elapsed_total_s": 5527.97,
  "n_directions_grid": [
    10,
    20,
    30,
    50,
    75,
    100,
    150,
    200
  ],
  "results": {
    "10": {
      "widths": [
        36.13340584122053,
        36.13340584122053,
        36.13340584122053,
        36.13340584122053,
        36.13340584122053,
        36.13340584122053,
        36.13340584122053,
        36.13340584122053,
        36.13340584122053,
        36.13340584122053,
        36.13340584122053,
        36.13340584122053,
        36.13340584122053,
        36.13340584122053,
        36.13340584122053,
        36.13340584122053,
        36.13340584122053,
        36.13340584122053,
        36.13340584122053,
        36.13340584122053
      ],
      "mean": 36.13340584122054,
      "std": 7.105427357601002e-15
    },
    "20": {
      "widths": [
        36.22531266049113,
        36.22531266049113,
        36.22531266049113,
        36.22531266049113,
        36.22531266049113,
        36.22531266049113,
        36.22531266049113,
        36.22531266049113,
        36.22531266049113,
        36.22531266049113,
        36.22531266049113,
        36.22531266049113,
        36.22531266049113,
        36.22531266049113,
        36.22531266049113,
        36.22531266049113,
        36.22531266049113,
        36.22531266049113,
        36.22531266049113,
        36.22531266049113
      ],
      "mean": 36.22531266049113,
      "std": 0.0
    },
    "30": {
      "widths": [
        36.221287174612826,
        36.221287174612826,
        36.221287174612826,
        36.221287174612826,
        36.221287174612826,
        36.221287174612826,
        36.221287174612826,
        36.221287174612826,
        36.221287174612826,
        36.221287174612826,
        36.221287174612826,
        36.221287174612826,
        36.221287174612826,
        36.221287174612826,
        36.221287174612826,
        36.221287174612826,
        36.221287174612826,
        36.221287174612826,
        36.221287174612826,
        36.221287174612826
      ],
      "mean": 36.221287174612826,
      "std": 0.0
    },
    "50": {
      "widths": [
        36.25644976555041,
        36.25644976555041,
        36.25644976555041,
        36.25644976555041,
        36.25644976555041,
        36.25644976555041,
        36.25644976555041,
        36.25644976555041,
        36.25644976555041,
        36.25644976555041,
        36.25644976555041,
        36.25644976555041,
        36.25644976555041,
        36.25644976555041,
        36.25644976555041,
        36.25644976555041,
        36.25644976555041,
        36.25644976555041,
        36.25644976555041,
        36.25644976555041
      ],
      "mean": 36.256449765550414,
      "std": 7.105427357601002e-15
    },
    "75": {
      "widths": [
        36.22615063254859,
        36.22615063254859,
        36.22615063254859,
        36.22615063254859,
        36.22615063254859,
        36.22615063254859,
        36.22615063254859,
        36.22615063254859,
        36.22615063254859,
        36.22615063254859,
        36.22615063254859,
        36.22615063254859,
        36.22615063254859,
        36.22615063254859,
        36.22615063254859,
        36.22615063254859,
        36.22615063254859,
        36.22615063254859,
        36.22615063254859,
        36.22615063254859
      ],
      "mean": 36.226150632548595,
      "std": 7.105427357601002e-15
    },
    "100": {
      "widths": [
        36.19966451249633,
        36.19966451249633,
        36.19966451249633,
        36.19966451249633,
        36.19966451249633,
        36.19966451249633,
        36.19966451249633,
        36.19966451249633,
        36.19966451249633,
        36.19966451249633,
        36.19966451249633,
        36.19966451249633,
        36.19966451249633,
        36.19966451249633,
        36.19966451249633,
        36.19966451249633,
        36.19966451249633,
        36.19966451249633,
        36.19966451249633,
        36.19966451249633
      ],
      "mean": 36.19966451249634,
      "std": 1.4210854715202004e-14
    },
    "150": {
      "widths": [
        36.14694370183949,
        36.14694370183949,
        36.14694370183949,
        36.14694370183949,
        36.14694370183949,
        36.14694370183949,
        36.14694370183949,
        36.14694370183949,
        36.14694370183949,
        36.14694370183949,
        36.14694370183949,
        36.14694370183949,
        36.14694370183949,
        36.14694370183949,
        36.14694370183949,
        36.14694370183949,
        36.14694370183949,
        36.14694370183949,
        36.14694370183949,
        36.14694370183949
      ],
      "mean": 36.1469437018395,
      "std": 7.105427357601002e-15
    },
    "200": {
      "widths": [
        36.113336285361896,
        36.113336285361896,
        36.113336285361896,
        36.113336285361896,
        36.113336285361896,
        36.113336285361896,
        36.113336285361896,
        36.113336285361896,
        36.113336285361896,
        36.113336285361896,
        36.113336285361896,
        36.113336285361896,
        36.113336285361896,
        36.113336285361896,
        36.113336285361896,
        36.113336285361896,
        36.113336285361896,
        36.113336285361896,
        36.113336285361896,
        36.113336285361896
      ],
      "mean": 36.1133362853619,
      "std": 7.105427357601002e-15
    }
  }
}