{
  "model_path": "/lustre/fswork/projects/rech/aik/uhr51mx/ErrorVolumePolytopes/checkpoints/fashion_mlp_best.pth",
  "data_path": "/lustre/fswork/projects/rech/aik/uhr51mx/ErrorVolumePolytopes/data/fashionMNIST_correct_mlp.pt",
  "sample_idx": 37,
  "bits": 4,
  "n_replications": 20,
  "n_workers": 40,
  "elapsed_total_s": 6145.77,
  "n_directions_grid": [
    10,
    20,
    30,
    50,
    75,
    100,
    150,
    200,
    300
  ],
  "results": {
    "10": {
      "widths": [
        38.09929693591396,
        38.03497226227654,
        38.12253164067128,
        38.07565255589027,
        38.389871928839504,
        38.17195181139809,
        38.19309885685489,
        38.00800851360131,
        38.10885571902299,
        38.0347432856282,
        38.197699094743115,
        38.14646302966804,
        38.26930196526865,
        38.14486643201856,
        38.06272812212943,
        38.18921356778337,
        38.137649792075464,
        38.137655794580155,
        38.00674176443405,
        38.131103705169465
      ],
      "mean": 38.133120338898365,
      "std": 0.08896298810485115
    },
    "20": {
      "widths": [
        38.072683619952784,
        38.10947441385795,
        38.06557095490183,
        38.10831384012495,
        38.047533829732814,
        38.01403645040081,
        38.104324360208736,
        38.070518772309256,
        38.03373279719308,
        38.265329007065546,
        38.118646534143735,
        38.00424073776363,
        37.97731495531027,
        38.01356975831868,
        38.1193942497068,
        38.009141128772654,
        38.231792962550024,
        38.02683721120659,
        38.11384989402731,
        37.91977724012263
      ],
      "mean": 38.0713041358835,
      "std": 0.07888020080205312
    },
    "30": {
      "widths": [
        37.99646509574828,
        38.086049248654916,
        37.91480597965176,
        38.1907343088765,
        37.993760947589045,
        38.100672242040076,
        37.92381504284033,
        38.04800656188636,
        37.99571523329789,
        37.99784610133251,
        37.900612276429186,
        38.05265992693247,
        37.939541708132715,
        38.12236301710992,
        38.09275046838757,
        38.07279058224253,
        38.149632135483536,
        37.95659504969132,
        38.17954767509007,
        37.97359777478029
      ],
      "mean": 38.034398068809864,
      "std": 0.08604761923482422
    },
    "50": {
      "widths": [
        38.0712397161773,
        37.93585785165059,
        38.011206318695734,
        38.09656654231356,
        38.09318812613952,
        38.13301154538059,
        38.229997001822206,
        38.03528814393472,
        38.06829275260107,
        38.18732645201185,
        37.94902144473477,
        37.91059653404541,
        38.085703787378286,
        38.113359344466666,
        37.971495401824065,
        38.000123814384104,
        38.026901189616765,
        38.079039198432554,
        38.0972706067525,
        38.169547854507954
      ],
      "mean": 38.063251681343516,
      "std": 0.08236451726248846
    },
    "75": {
      "widths": [
        38.02893002355202,
        38.0676699160288,
        38.13480850797134,
        38.03787253503821,
        38.11237521036243,
        38.02855065860318,
        37.997485391317845,
        38.05519636739249,
        38.08476681757734,
        37.986246813517475,
        38.08759180328612,
        38.04013389234881,
        38.03165557507951,
        38.1043158943449,
        38.09064491650045,
        38.17272485612069,
        38.08590189199393,
        38.04847733768768,
        38.11016902299396,
        38.03448485236713
      ],
      "mean": 38.06700011420422,
      "std": 0.045490269050166975
    },
    "100": {
      "widths": [
        38.0801150405551,
        38.07190441357217,
        38.07787964273123,
        38.11567235110157,
        38.0455839616484,
        38.08268070555175,
        38.03660565880689,
        37.98036222870462,
        38.03139210207898,
        38.025767302854526,
        38.12433847470128,
        38.07220017236074,
        38.01752754087313,
        38.04157110662911,
        38.05506826197279,
        38.060220152385135,
        38.05915466166931,
        38.06956135498114,
        38.06387172546767,
        38.00819280194099
      ],
      "mean": 38.05598348302933,
      "std": 0.03353510688707352
    },
    "150": {
      "widths": [
        38.0218380756265,
        38.066423612563554,
        38.09225378056978,
        38.03604325829613,
        38.04636362476945,
        38.02966392161684,
        38.0306307397484,
        38.06135370214055,
        38.041692274013954,
        37.99658468332139,
        38.0466270000373,
        38.04410187041745,
        37.993089836980204,
        38.06666273848336,
        38.080542043490404,
        38.058307608063984,
        38.087121302595165,
        38.076773733396436,
        38.05235359622167,
        38.06928503642658
      ],
      "mean": 38.04988562193895,
      "std": 0.026393650527400496
    },
    "200": {
      "widths": [
        38.03661729390521,
        38.061142041857174,
        38.07146222669119,
        38.03130296831019,
        38.06996353775946,
        38.02397528677712,
        38.06193185809282,
        38.04684965014352,
        38.08219280756467,
        38.12332360997775,
        38.0574653281297,
        38.10350630793464,
        38.109063986253396,
        37.997416830719295,
        38.05992313877699,
        38.063287268020375,
        38.050820678642715,
        38.03966089553662,
        38.094602639202456,
        38.06441267981502
      ],
      "mean": 38.06244605170552,
      "std": 0.029502649842600197
    },
    "300": {
      "widths": [
        38.04965539797518,
        38.065753709480084,
        38.111654022668816,
        38.096481805329205,
        38.042895073539874,
        38.06998755118853,
        38.02759979389998,
        38.06185184575603,
        38.0321409754713,
        38.0580187587519,
        38.05641785563029,
        38.07804342627092,
        38.02414141552305,
        38.02040443128369,
        38.02483903401302,
        38.073529470335984,
        38.048314564149166,
        38.0755592635546,
        38.07293462336551,
        38.0739167735981
      ],
      "mean": 38.058206989589266,
      "std": 0.024136556037777472
    }
  }
}