{
  "model_path": "/lustre/fswork/projects/rech/aik/uhr51mx/ErrorVolumePolytopes/checkpoints/fashion_mlp_best.pth",
  "data_path": "/lustre/fswork/projects/rech/aik/uhr51mx/ErrorVolumePolytopes/data/fashionMNIST_correct_mlp.pt",
  "sample_idx": 47,
  "bits": 4,
  "n_replications": 20,
  "n_workers": 40,
  "elapsed_total_s": 3919.21,
  "n_directions_grid": [
    10,
    20,
    30,
    50,
    75,
    100,
    150,
    200
  ],
  "results": {
    "10": {
      "widths": [
        38.423699776964924,
        38.423699776964924,
        38.423699776964924,
        38.423699776964924,
        38.423699776964924,
        38.423699776964924,
        38.423699776964924,
        38.423699776964924,
        38.423699776964924,
        38.423699776964924,
        38.423699776964924,
        38.423699776964924,
        38.423699776964924,
        38.423699776964924,
        38.423699776964924,
        38.423699776964924,
        38.423699776964924,
        38.423699776964924,
        38.423699776964924,
        38.423699776964924
      ],
      "mean": 38.42369977696492,
      "std": 7.105427357601002e-15
    },
    "20": {
      "widths": [
        38.45506663375291,
        38.45506663375291,
        38.45506663375291,
        38.45506663375291,
        38.45506663375291,
        38.45506663375291,
        38.45506663375291,
        38.45506663375291,
        38.45506663375291,
        38.45506663375291,
        38.45506663375291,
        38.45506663375291,
        38.45506663375291,
        38.45506663375291,
        38.45506663375291,
        38.45506663375291,
        38.45506663375291,
        38.45506663375291,
        38.45506663375291,
        38.45506663375291
      ],
      "mean": 38.455066633752914,
      "std": 7.105427357601002e-15
    },
    "30": {
      "widths": [
        38.46238952820825,
        38.46238952820825,
        38.46238952820825,
        38.46238952820825,
        38.46238952820825,
        38.46238952820825,
        38.46238952820825,
        38.46238952820825,
        38.46238952820825,
        38.46238952820825,
        38.46238952820825,
        38.46238952820825,
        38.46238952820825,
        38.46238952820825,
        38.46238952820825,
        38.46238952820825,
        38.46238952820825,
        38.46238952820825,
        38.46238952820825,
        38.46238952820825
      ],
      "mean": 38.462389528208256,
      "std": 7.105427357601002e-15
    },
    "50": {
      "widths": [
        38.464313733228856,
        38.464313733228856,
        38.464313733228856,
        38.464313733228856,
        38.464313733228856,
        38.464313733228856,
        38.464313733228856,
        38.464313733228856,
        38.464313733228856,
        38.464313733228856,
        38.464313733228856,
        38.464313733228856,
        38.464313733228856,
        38.464313733228856,
        38.464313733228856,
        38.464313733228856,
        38.464313733228856,
        38.464313733228856,
        38.464313733228856,
        38.464313733228856
      ],
      "mean": 38.46431373322886,
      "std": 7.105427357601002e-15
    },
    "75": {
      "widths": [
        38.40687624740695,
        38.40687624740695,
        38.40687624740695,
        38.40687624740695,
        38.40687624740695,
        38.40687624740695,
        38.40687624740695,
        38.40687624740695,
        38.40687624740695,
        38.40687624740695,
        38.40687624740695,
        38.40687624740695,
        38.40687624740695,
        38.40687624740695,
        38.40687624740695,
        38.40687624740695,
        38.40687624740695,
        38.40687624740695,
        38.40687624740695,
        38.40687624740695
      ],
      "mean": 38.40687624740694,
      "std": 7.105427357601002e-15
    },
    "100": {
      "widths": [
        38.36785962176315,
        38.36785962176315,
        38.36785962176315,
        38.36785962176315,
        38.36785962176315,
        38.36785962176315,
        38.36785962176315,
        38.36785962176315,
        38.36785962176315,
        38.36785962176315,
        38.36785962176315,
        38.36785962176315,
        38.36785962176315,
        38.36785962176315,
        38.36785962176315,
        38.36785962176315,
        38.36785962176315,
        38.36785962176315,
        38.36785962176315,
        38.36785962176315
      ],
      "mean": 38.36785962176315,
      "std": 0.0
    },
    "150": {
      "widths": [
        38.35484730526119,
        38.35484730526119,
        38.35484730526119,
        38.35484730526119,
        38.35484730526119,
        38.35484730526119,
        38.35484730526119,
        38.35484730526119,
        38.35484730526119,
        38.35484730526119,
        38.35484730526119,
        38.35484730526119,
        38.35484730526119,
        38.35484730526119,
        38.35484730526119,
        38.35484730526119,
        38.35484730526119,
        38.35484730526119,
        38.35484730526119,
        38.35484730526119
      ],
      "mean": 38.35484730526118,
      "std": 7.105427357601002e-15
    },
    "200": {
      "widths": [
        38.36826581403353,
        38.36826581403353,
        38.36826581403353,
        38.36826581403353,
        38.36826581403353,
        38.36826581403353,
        38.36826581403353,
        38.36826581403353,
        38.36826581403353,
        38.36826581403353,
        38.36826581403353,
        38.36826581403353,
        38.36826581403353,
        38.36826581403353,
        38.36826581403353,
        38.36826581403353,
        38.36826581403353,
        38.36826581403353,
        38.36826581403353,
        38.36826581403353
      ],
      "mean": 38.36826581403353,
      "std": 0.0
    }
  }
}