{
  "model_path": "/lustre/fswork/projects/rech/aik/uhr51mx/ErrorVolumePolytopes/checkpoints/fashion_mlp_best.pth",
  "data_path": "/lustre/fswork/projects/rech/aik/uhr51mx/ErrorVolumePolytopes/data/fashionMNIST_correct_mlp.pt",
  "sample_idx": 18,
  "bits": 4,
  "n_replications": 20,
  "n_workers": 40,
  "elapsed_total_s": 4551.71,
  "n_directions_grid": [
    10,
    20,
    30,
    50,
    75,
    100,
    150,
    200
  ],
  "results": {
    "10": {
      "widths": [
        38.038255510609645,
        38.038255510609645,
        38.038255510609645,
        38.038255510609645,
        38.038255510609645,
        38.038255510609645,
        38.038255510609645,
        38.038255510609645,
        38.038255510609645,
        38.038255510609645,
        38.038255510609645,
        38.038255510609645,
        38.038255510609645,
        38.038255510609645,
        38.038255510609645,
        38.038255510609645,
        38.038255510609645,
        38.038255510609645,
        38.038255510609645,
        38.038255510609645
      ],
      "mean": 38.03825551060963,
      "std": 1.4210854715202004e-14
    },
    "20": {
      "widths": [
        37.85811792460709,
        37.85811792460709,
        37.85811792460709,
        37.85811792460709,
        37.85811792460709,
        37.85811792460709,
        37.85811792460709,
        37.85811792460709,
        37.85811792460709,
        37.85811792460709,
        37.85811792460709,
        37.85811792460709,
        37.85811792460709,
        37.85811792460709,
        37.85811792460709,
        37.85811792460709,
        37.85811792460709,
        37.85811792460709,
        37.85811792460709,
        37.85811792460709
      ],
      "mean": 37.85811792460709,
      "std": 0.0
    },
    "30": {
      "widths": [
        37.78886435855975,
        37.78886435855975,
        37.78886435855975,
        37.78886435855975,
        37.78886435855975,
        37.78886435855975,
        37.78886435855975,
        37.78886435855975,
        37.78886435855975,
        37.78886435855975,
        37.78886435855975,
        37.78886435855975,
        37.78886435855975,
        37.78886435855975,
        37.78886435855975,
        37.78886435855975,
        37.78886435855975,
        37.78886435855975,
        37.78886435855975,
        37.78886435855975
      ],
      "mean": 37.78886435855975,
      "std": 0.0
    },
    "50": {
      "widths": [
        37.898804543925515,
        37.898804543925515,
        37.898804543925515,
        37.898804543925515,
        37.898804543925515,
        37.898804543925515,
        37.898804543925515,
        37.898804543925515,
        37.898804543925515,
        37.898804543925515,
        37.898804543925515,
        37.898804543925515,
        37.898804543925515,
        37.898804543925515,
        37.898804543925515,
        37.898804543925515,
        37.898804543925515,
        37.898804543925515,
        37.898804543925515,
        37.898804543925515
      ],
      "mean": 37.898804543925515,
      "std": 0.0
    },
    "75": {
      "widths": [
        37.85984867496834,
        37.85984867496834,
        37.85984867496834,
        37.85984867496834,
        37.85984867496834,
        37.85984867496834,
        37.85984867496834,
        37.85984867496834,
        37.85984867496834,
        37.85984867496834,
        37.85984867496834,
        37.85984867496834,
        37.85984867496834,
        37.85984867496834,
        37.85984867496834,
        37.85984867496834,
        37.85984867496834,
        37.85984867496834,
        37.85984867496834,
        37.85984867496834
      ],
      "mean": 37.85984867496835,
      "std": 7.105427357601002e-15
    },
    "100": {
      "widths": [
        37.86676162944429,
        37.86676162944429,
        37.86676162944429,
        37.86676162944429,
        37.86676162944429,
        37.86676162944429,
        37.86676162944429,
        37.86676162944429,
        37.86676162944429,
        37.86676162944429,
        37.86676162944429,
        37.86676162944429,
        37.86676162944429,
        37.86676162944429,
        37.86676162944429,
        37.86676162944429,
        37.86676162944429,
        37.86676162944429,
        37.86676162944429,
        37.86676162944429
      ],
      "mean": 37.8667616294443,
      "std": 7.105427357601002e-15
    },
    "150": {
      "widths": [
        37.921808911009094,
        37.921808911009094,
        37.921808911009094,
        37.921808911009094,
        37.921808911009094,
        37.921808911009094,
        37.921808911009094,
        37.921808911009094,
        37.921808911009094,
        37.921808911009094,
        37.921808911009094,
        37.921808911009094,
        37.921808911009094,
        37.921808911009094,
        37.921808911009094,
        37.921808911009094,
        37.921808911009094,
        37.921808911009094,
        37.921808911009094,
        37.921808911009094
      ],
      "mean": 37.92180891100909,
      "std": 7.105427357601002e-15
    },
    "200": {
      "widths": [
        37.936843573122786,
        37.936843573122786,
        37.936843573122786,
        37.936843573122786,
        37.936843573122786,
        37.936843573122786,
        37.936843573122786,
        37.936843573122786,
        37.936843573122786,
        37.936843573122786,
        37.936843573122786,
        37.936843573122786,
        37.936843573122786,
        37.936843573122786,
        37.936843573122786,
        37.936843573122786,
        37.936843573122786,
        37.936843573122786,
        37.936843573122786,
        37.936843573122786
      ],
      "mean": 37.93684357312279,
      "std": 7.105427357601002e-15
    }
  }
}