{
  "model_path": "/lustre/fswork/projects/rech/aik/uhr51mx/ErrorVolumePolytopes/checkpoints/fashion_mlp_best.pth",
  "data_path": "/lustre/fswork/projects/rech/aik/uhr51mx/ErrorVolumePolytopes/data/fashionMNIST_correct_mlp.pt",
  "sample_idx": 8,
  "bits": 4,
  "n_replications": 20,
  "n_workers": 40,
  "elapsed_total_s": 6498.32,
  "n_directions_grid": [
    10,
    20,
    30,
    50,
    75,
    100,
    150,
    200
  ],
  "results": {
    "10": {
      "widths": [
        36.20509620202832,
        36.20509620202832,
        36.20509620202832,
        36.20509620202832,
        36.20509620202832,
        36.20509620202832,
        36.20509620202832,
        36.20509620202832,
        36.20509620202832,
        36.20509620202832,
        36.20509620202832,
        36.20509620202832,
        36.20509620202832,
        36.20509620202832,
        36.20509620202832,
        36.20509620202832,
        36.20509620202832,
        36.20509620202832,
        36.20509620202832,
        36.20509620202832
      ],
      "mean": 36.20509620202833,
      "std": 7.105427357601002e-15
    },
    "20": {
      "widths": [
        36.32046163918123,
        36.32046163918123,
        36.32046163918123,
        36.32046163918123,
        36.32046163918123,
        36.32046163918123,
        36.32046163918123,
        36.32046163918123,
        36.32046163918123,
        36.32046163918123,
        36.32046163918123,
        36.32046163918123,
        36.32046163918123,
        36.32046163918123,
        36.32046163918123,
        36.32046163918123,
        36.32046163918123,
        36.32046163918123,
        36.32046163918123,
        36.32046163918123
      ],
      "mean": 36.320461639181225,
      "std": 7.105427357601002e-15
    },
    "30": {
      "widths": [
        36.289224248871705,
        36.289224248871705,
        36.289224248871705,
        36.289224248871705,
        36.289224248871705,
        36.289224248871705,
        36.289224248871705,
        36.289224248871705,
        36.289224248871705,
        36.289224248871705,
        36.289224248871705,
        36.289224248871705,
        36.289224248871705,
        36.289224248871705,
        36.289224248871705,
        36.289224248871705,
        36.289224248871705,
        36.289224248871705,
        36.289224248871705,
        36.289224248871705
      ],
      "mean": 36.28922424887171,
      "std": 7.105427357601002e-15
    },
    "50": {
      "widths": [
        36.15468465150007,
        36.15468465150007,
        36.15468465150007,
        36.15468465150007,
        36.15468465150007,
        36.15468465150007,
        36.15468465150007,
        36.15468465150007,
        36.15468465150007,
        36.15468465150007,
        36.15468465150007,
        36.15468465150007,
        36.15468465150007,
        36.15468465150007,
        36.15468465150007,
        36.15468465150007,
        36.15468465150007,
        36.15468465150007,
        36.15468465150007,
        36.15468465150007
      ],
      "mean": 36.15468465150006,
      "std": 7.105427357601002e-15
    },
    "75": {
      "widths": [
        36.114526475793916,
        36.114526475793916,
        36.114526475793916,
        36.114526475793916,
        36.114526475793916,
        36.114526475793916,
        36.114526475793916,
        36.114526475793916,
        36.114526475793916,
        36.114526475793916,
        36.114526475793916,
        36.114526475793916,
        36.114526475793916,
        36.114526475793916,
        36.114526475793916,
        36.114526475793916,
        36.114526475793916,
        36.114526475793916,
        36.114526475793916,
        36.114526475793916
      ],
      "mean": 36.114526475793916,
      "std": 0.0
    },
    "100": {
      "widths": [
        36.14702087807625,
        36.14702087807625,
        36.14702087807625,
        36.14702087807625,
        36.14702087807625,
        36.14702087807625,
        36.14702087807625,
        36.14702087807625,
        36.14702087807625,
        36.14702087807625,
        36.14702087807625,
        36.14702087807625,
        36.14702087807625,
        36.14702087807625,
        36.14702087807625,
        36.14702087807625,
        36.14702087807625,
        36.14702087807625,
        36.14702087807625,
        36.14702087807625
      ],
      "mean": 36.14702087807624,
      "std": 7.105427357601002e-15
    },
    "150": {
      "widths": [
        36.098036114715505,
        36.098036114715505,
        36.098036114715505,
        36.098036114715505,
        36.098036114715505,
        36.098036114715505,
        36.098036114715505,
        36.098036114715505,
        36.098036114715505,
        36.098036114715505,
        36.098036114715505,
        36.098036114715505,
        36.098036114715505,
        36.098036114715505,
        36.098036114715505,
        36.098036114715505,
        36.098036114715505,
        36.098036114715505,
        36.098036114715505,
        36.098036114715505
      ],
      "mean": 36.0980361147155,
      "std": 7.105427357601002e-15
    },
    "200": {
      "widths": [
        36.102827419834604,
        36.102827419834604,
        36.102827419834604,
        36.102827419834604,
        36.102827419834604,
        36.102827419834604,
        36.102827419834604,
        36.102827419834604,
        36.102827419834604,
        36.102827419834604,
        36.102827419834604,
        36.102827419834604,
        36.102827419834604,
        36.102827419834604,
        36.102827419834604,
        36.102827419834604,
        36.102827419834604,
        36.102827419834604,
        36.102827419834604,
        36.102827419834604
      ],
      "mean": 36.10282741983461,
      "std": 7.105427357601002e-15
    }
  }
}