{
  "model_path": "/lustre/fswork/projects/rech/aik/uhr51mx/ErrorVolumePolytopes/checkpoints/fashion_mlp_best.pth",
  "data_path": "/lustre/fswork/projects/rech/aik/uhr51mx/ErrorVolumePolytopes/data/fashionMNIST_correct_mlp.pt",
  "sample_idx": 33,
  "bits": 4,
  "n_replications": 20,
  "n_workers": 40,
  "elapsed_total_s": 4339.88,
  "n_directions_grid": [
    10,
    20,
    30,
    50,
    75,
    100,
    150,
    200
  ],
  "results": {
    "10": {
      "widths": [
        38.58172062084535,
        38.58172062084535,
        38.58172062084535,
        38.58172062084535,
        38.58172062084535,
        38.58172062084535,
        38.58172062084535,
        38.58172062084535,
        38.58172062084535,
        38.58172062084535,
        38.58172062084535,
        38.58172062084535,
        38.58172062084535,
        38.58172062084535,
        38.58172062084535,
        38.58172062084535,
        38.58172062084535,
        38.58172062084535,
        38.58172062084535,
        38.58172062084535
      ],
      "mean": 38.581720620845346,
      "std": 7.105427357601002e-15
    },
    "20": {
      "widths": [
        38.42257000521012,
        38.42257000521012,
        38.42257000521012,
        38.42257000521012,
        38.42257000521012,
        38.42257000521012,
        38.42257000521012,
        38.42257000521012,
        38.42257000521012,
        38.42257000521012,
        38.42257000521012,
        38.42257000521012,
        38.42257000521012,
        38.42257000521012,
        38.42257000521012,
        38.42257000521012,
        38.42257000521012,
        38.42257000521012,
        38.42257000521012,
        38.42257000521012
      ],
      "mean": 38.42257000521012,
      "std": 0.0
    },
    "30": {
      "widths": [
        38.421808119228864,
        38.421808119228864,
        38.421808119228864,
        38.421808119228864,
        38.421808119228864,
        38.421808119228864,
        38.421808119228864,
        38.421808119228864,
        38.421808119228864,
        38.421808119228864,
        38.421808119228864,
        38.421808119228864,
        38.421808119228864,
        38.421808119228864,
        38.421808119228864,
        38.421808119228864,
        38.421808119228864,
        38.421808119228864,
        38.421808119228864,
        38.421808119228864
      ],
      "mean": 38.42180811922887,
      "std": 7.105427357601002e-15
    },
    "50": {
      "widths": [
        38.39777903254576,
        38.39777903254576,
        38.39777903254576,
        38.39777903254576,
        38.39777903254576,
        38.39777903254576,
        38.39777903254576,
        38.39777903254576,
        38.39777903254576,
        38.39777903254576,
        38.39777903254576,
        38.39777903254576,
        38.39777903254576,
        38.39777903254576,
        38.39777903254576,
        38.39777903254576,
        38.39777903254576,
        38.39777903254576,
        38.39777903254576,
        38.39777903254576
      ],
      "mean": 38.397779032545756,
      "std": 7.105427357601002e-15
    },
    "75": {
      "widths": [
        38.32091580458459,
        38.32091580458459,
        38.32091580458459,
        38.32091580458459,
        38.32091580458459,
        38.32091580458459,
        38.32091580458459,
        38.32091580458459,
        38.32091580458459,
        38.32091580458459,
        38.32091580458459,
        38.32091580458459,
        38.32091580458459,
        38.32091580458459,
        38.32091580458459,
        38.32091580458459,
        38.32091580458459,
        38.32091580458459,
        38.32091580458459,
        38.32091580458459
      ],
      "mean": 38.320915804584594,
      "std": 7.105427357601002e-15
    },
    "100": {
      "widths": [
        38.3236165392776,
        38.3236165392776,
        38.3236165392776,
        38.3236165392776,
        38.3236165392776,
        38.3236165392776,
        38.3236165392776,
        38.3236165392776,
        38.3236165392776,
        38.3236165392776,
        38.3236165392776,
        38.3236165392776,
        38.3236165392776,
        38.3236165392776,
        38.3236165392776,
        38.3236165392776,
        38.3236165392776,
        38.3236165392776,
        38.3236165392776,
        38.3236165392776
      ],
      "mean": 38.32361653927761,
      "std": 7.105427357601002e-15
    },
    "150": {
      "widths": [
        38.366548829297,
        38.366548829297,
        38.366548829297,
        38.366548829297,
        38.366548829297,
        38.366548829297,
        38.366548829297,
        38.366548829297,
        38.366548829297,
        38.366548829297,
        38.366548829297,
        38.366548829297,
        38.366548829297,
        38.366548829297,
        38.366548829297,
        38.366548829297,
        38.366548829297,
        38.366548829297,
        38.366548829297,
        38.366548829297
      ],
      "mean": 38.366548829297,
      "std": 0.0
    },
    "200": {
      "widths": [
        38.36823847784564,
        38.36823847784564,
        38.36823847784564,
        38.36823847784564,
        38.36823847784564,
        38.36823847784564,
        38.36823847784564,
        38.36823847784564,
        38.36823847784564,
        38.36823847784564,
        38.36823847784564,
        38.36823847784564,
        38.36823847784564,
        38.36823847784564,
        38.36823847784564,
        38.36823847784564,
        38.36823847784564,
        38.36823847784564,
        38.36823847784564,
        38.36823847784564
      ],
      "mean": 38.36823847784562,
      "std": 1.4210854715202004e-14
    }
  }
}