{
  "model_path": "/lustre/fswork/projects/rech/aik/uhr51mx/ErrorVolumePolytopes/checkpoints/fashion_mlp_best.pth",
  "data_path": "/lustre/fswork/projects/rech/aik/uhr51mx/ErrorVolumePolytopes/data/fashionMNIST_correct_mlp.pt",
  "sample_idx": 28,
  "bits": 4,
  "n_replications": 20,
  "n_workers": 40,
  "elapsed_total_s": 9161.45,
  "n_directions_grid": [
    10,
    20,
    30,
    50,
    75,
    100,
    150,
    200,
    300
  ],
  "results": {
    "10": {
      "widths": [
        36.44670308348917,
        36.491437944376266,
        36.56456895692064,
        36.170648052710376,
        36.38832920179909,
        36.296587824681744,
        36.46323394882789,
        36.74956814057729,
        36.52914053212222,
        36.27171074045324,
        36.497033352639804,
        36.457362708168795,
        36.41668454825914,
        36.36464276353241,
        36.55797707747045,
        36.61843974854075,
        36.383443998111865,
        36.318646834936054,
        36.33984370667879,
        36.90684715620227
      ],
      "mean": 36.46164251602492,
      "std": 0.16411975051016722
    },
    "20": {
      "widths": [
        36.3656783161784,
        36.297408757308595,
        36.29770791568449,
        36.35177493555411,
        36.38513950131469,
        36.35668827938644,
        36.26543100761423,
        36.46747850458077,
        36.331593247543296,
        36.465603140341514,
        36.42886359948915,
        36.379682519705675,
        36.36613091499107,
        36.52213523566297,
        36.28908386029427,
        36.57237041908975,
        36.22487344480566,
        36.35411671857587,
        36.81260407493697,
        36.49257801956533
      ],
      "mean": 36.401347120631165,
      "std": 0.12827889910599594
    },
    "30": {
      "widths": [
        36.39599866167617,
        36.366702206171304,
        36.57615174000762,
        36.403035061272554,
        36.35456466176837,
        36.43582126075636,
        36.601923383416434,
        36.4352049651877,
        36.5167133571051,
        36.203646898447715,
        36.39078238953543,
        36.361054168611055,
        36.42541542894779,
        36.35501470031345,
        36.447467416259045,
        36.348523567746184,
        36.48217457507885,
        36.52549208645677,
        36.50648504876043,
        36.33107474283794
      ],
      "mean": 36.42316231601781,
      "std": 0.09130582942121249
    },
    "50": {
      "widths": [
        36.41738009684454,
        36.358000008247906,
        36.48010319054668,
        36.438181113282916,
        36.462673832042,
        36.398333186942715,
        36.45302312145843,
        36.450210401049,
        36.34812099612294,
        36.42234208536955,
        36.46556405891021,
        36.49198113827079,
        36.485171533424264,
        36.49144893813444,
        36.42833151318459,
        36.35244469858981,
        36.40008634803561,
        36.37510134805015,
        36.34096711300044,
        36.380552748984904
      ],
      "mean": 36.422000873524595,
      "std": 0.04931380282599903
    },
    "75": {
      "widths": [
        36.48472827586902,
        36.439432054909254,
        36.43961249591925,
        36.45566237153118,
        36.443777862608236,
        36.39380433208226,
        36.403307787965325,
        36.52599801911175,
        36.37524625378205,
        36.45324387315588,
        36.34535308166039,
        36.35580975728515,
        36.42742891930739,
        36.44389876932608,
        36.35963530188533,
        36.441771550306306,
        36.37690156909294,
        36.48274627566048,
        36.41224035976502,
        36.48883657183027
      ],
      "mean": 36.427471774152686,
      "std": 0.04796413558768084
    },
    "100": {
      "widths": [
        36.50479670610364,
        36.46753340909336,
        36.48727522555006,
        36.460361782425096,
        36.39145565055318,
        36.41180397941973,
        36.5028464274712,
        36.48808601244579,
        36.41430909302957,
        36.4119882016185,
        36.47203532321478,
        36.45349601729639,
        36.398651789587774,
        36.35702598522731,
        36.42990848219466,
        36.45509638801886,
        36.46680750960592,
        36.40430029839941,
        36.41823865017242,
        36.45964494452995
      ],
      "mean": 36.44278309379788,
      "std": 0.039556685179251996
    },
    "150": {
      "widths": [
        36.38893486413845,
        36.46049587242676,
        36.46545366650329,
        36.46205954594249,
        36.51523979006381,
        36.466765719702195,
        36.38298808688856,
        36.42658513849545,
        36.40407434300682,
        36.42551091743084,
        36.43903515299788,
        36.512781263612794,
        36.434724532323685,
        36.451458833497284,
        36.42358844560674,
        36.38812137804735,
        36.44292692728475,
        36.4794037586317,
        36.41771307497128,
        36.35392432843191
      ],
      "mean": 36.4370892820002,
      "std": 0.04073449977500065
    },
    "200": {
      "widths": [
        36.46890984200623,
        36.44930557200624,
        36.39605929522912,
        36.46802676562669,
        36.37988436100877,
        36.455425334060294,
        36.45504694713215,
        36.44853300282176,
        36.47610569533186,
        36.407975880751685,
        36.437406426102115,
        36.473434226973744,
        36.426954962203965,
        36.49988907031568,
        36.46160347373227,
        36.39560904931257,
        36.441301336923196,
        36.43612511561793,
        36.45832546938859,
        36.4035767181704
      ],
      "mean": 36.44197492723576,
      "std": 0.03085350157187079
    },
    "300": {
      "widths": [
        36.4010709428016,
        36.414098012406825,
        36.42796492286691,
        36.43744405597404,
        36.45983867324498,
        36.442620227637164,
        36.44392384802697,
        36.4432930681398,
        36.428912409825486,
        36.44170281522861,
        36.45773618722986,
        36.43881815038088,
        36.40949682395002,
        36.39895109129292,
        36.418166185024276,
        36.46767688230284,
        36.43177335986818,
        36.39110892257405,
        36.42422897961534,
        36.41230718336068
      ],
      "mean": 36.42955663708757,
      "std": 0.020441111470564544
    }
  }
}