{
  "model_path": "/lustre/fswork/projects/rech/aik/uhr51mx/ErrorVolumePolytopes/checkpoints/fashion_mlp_best.pth",
  "data_path": "/lustre/fswork/projects/rech/aik/uhr51mx/ErrorVolumePolytopes/data/fashionMNIST_correct_mlp.pt",
  "sample_idx": 27,
  "bits": 4,
  "n_replications": 20,
  "n_workers": 40,
  "elapsed_total_s": 3770.94,
  "n_directions_grid": [
    10,
    20,
    30,
    50,
    75,
    100,
    150,
    200
  ],
  "results": {
    "10": {
      "widths": [
        38.73518688454045,
        38.73518688454045,
        38.73518688454045,
        38.73518688454045,
        38.73518688454045,
        38.73518688454045,
        38.73518688454045,
        38.73518688454045,
        38.73518688454045,
        38.73518688454045,
        38.73518688454045,
        38.73518688454045,
        38.73518688454045,
        38.73518688454045,
        38.73518688454045,
        38.73518688454045,
        38.73518688454045,
        38.73518688454045,
        38.73518688454045,
        38.73518688454045
      ],
      "mean": 38.73518688454045,
      "std": 0.0
    },
    "20": {
      "widths": [
        38.6904193075476,
        38.6904193075476,
        38.6904193075476,
        38.6904193075476,
        38.6904193075476,
        38.6904193075476,
        38.6904193075476,
        38.6904193075476,
        38.6904193075476,
        38.6904193075476,
        38.6904193075476,
        38.6904193075476,
        38.6904193075476,
        38.6904193075476,
        38.6904193075476,
        38.6904193075476,
        38.6904193075476,
        38.6904193075476,
        38.6904193075476,
        38.6904193075476
      ],
      "mean": 38.6904193075476,
      "std": 0.0
    },
    "30": {
      "widths": [
        38.54886600797429,
        38.54886600797429,
        38.54886600797429,
        38.54886600797429,
        38.54886600797429,
        38.54886600797429,
        38.54886600797429,
        38.54886600797429,
        38.54886600797429,
        38.54886600797429,
        38.54886600797429,
        38.54886600797429,
        38.54886600797429,
        38.54886600797429,
        38.54886600797429,
        38.54886600797429,
        38.54886600797429,
        38.54886600797429,
        38.54886600797429,
        38.54886600797429
      ],
      "mean": 38.5488660079743,
      "std": 7.105427357601002e-15
    },
    "50": {
      "widths": [
        38.57933591562928,
        38.57933591562928,
        38.57933591562928,
        38.57933591562928,
        38.57933591562928,
        38.57933591562928,
        38.57933591562928,
        38.57933591562928,
        38.57933591562928,
        38.57933591562928,
        38.57933591562928,
        38.57933591562928,
        38.57933591562928,
        38.57933591562928,
        38.57933591562928,
        38.57933591562928,
        38.57933591562928,
        38.57933591562928,
        38.57933591562928,
        38.57933591562928
      ],
      "mean": 38.57933591562927,
      "std": 7.105427357601002e-15
    },
    "75": {
      "widths": [
        38.58692775255237,
        38.58692775255237,
        38.58692775255237,
        38.58692775255237,
        38.58692775255237,
        38.58692775255237,
        38.58692775255237,
        38.58692775255237,
        38.58692775255237,
        38.58692775255237,
        38.58692775255237,
        38.58692775255237,
        38.58692775255237,
        38.58692775255237,
        38.58692775255237,
        38.58692775255237,
        38.58692775255237,
        38.58692775255237,
        38.58692775255237,
        38.58692775255237
      ],
      "mean": 38.58692775255237,
      "std": 0.0
    },
    "100": {
      "widths": [
        38.588804357358214,
        38.588804357358214,
        38.588804357358214,
        38.588804357358214,
        38.588804357358214,
        38.588804357358214,
        38.588804357358214,
        38.588804357358214,
        38.588804357358214,
        38.588804357358214,
        38.588804357358214,
        38.588804357358214,
        38.588804357358214,
        38.588804357358214,
        38.588804357358214,
        38.588804357358214,
        38.588804357358214,
        38.588804357358214,
        38.588804357358214,
        38.588804357358214
      ],
      "mean": 38.58880435735821,
      "std": 7.105427357601002e-15
    },
    "150": {
      "widths": [
        38.60901837711399,
        38.60901837711399,
        38.60901837711399,
        38.60901837711399,
        38.60901837711399,
        38.60901837711399,
        38.60901837711399,
        38.60901837711399,
        38.60901837711399,
        38.60901837711399,
        38.60901837711399,
        38.60901837711399,
        38.60901837711399,
        38.60901837711399,
        38.60901837711399,
        38.60901837711399,
        38.60901837711399,
        38.60901837711399,
        38.60901837711399,
        38.60901837711399
      ],
      "mean": 38.609018377114,
      "std": 7.105427357601002e-15
    },
    "200": {
      "widths": [
        38.56321480024577,
        38.56321480024577,
        38.56321480024577,
        38.56321480024577,
        38.56321480024577,
        38.56321480024577,
        38.56321480024577,
        38.56321480024577,
        38.56321480024577,
        38.56321480024577,
        38.56321480024577,
        38.56321480024577,
        38.56321480024577,
        38.56321480024577,
        38.56321480024577,
        38.56321480024577,
        38.56321480024577,
        38.56321480024577,
        38.56321480024577,
        38.56321480024577
      ],
      "mean": 38.56321480024577,
      "std": 0.0
    }
  }
}