{
  "model_path": "/lustre/fswork/projects/rech/aik/uhr51mx/ErrorVolumePolytopes/checkpoints/fashion_mlp_best.pth",
  "data_path": "/lustre/fswork/projects/rech/aik/uhr51mx/ErrorVolumePolytopes/data/fashionMNIST_correct_mlp.pt",
  "sample_idx": 33,
  "bits": 4,
  "n_replications": 20,
  "n_workers": 40,
  "elapsed_total_s": 6559.32,
  "n_directions_grid": [
    10,
    20,
    30,
    50,
    75,
    100,
    150,
    200,
    300
  ],
  "results": {
    "10": {
      "widths": [
        38.28471417136866,
        38.52404238841716,
        38.50918716445665,
        38.41674916106,
        38.28782227920805,
        38.1061794953238,
        38.151763576346966,
        38.48714064047278,
        38.4175248657297,
        38.35080876382893,
        38.307602006914706,
        38.33929051545163,
        38.41258527880857,
        38.539295381484884,
        38.37014685548526,
        38.45829979643327,
        38.469892242127344,
        38.200556585843536,
        38.172086925527374,
        38.44193868522696
      ],
      "mean": 38.36238133897582,
      "std": 0.12607002021051433
    },
    "20": {
      "widths": [
        38.21994911083216,
        38.42846771845573,
        38.31242081130714,
        38.40295275051234,
        38.459650804999384,
        38.27832561571339,
        38.28145144908303,
        38.40125039516297,
        38.32182679174288,
        38.40085097883265,
        38.41333967820621,
        38.26741907193437,
        38.36981874801912,
        38.24442366891414,
        38.47874047247276,
        38.42199808627761,
        38.26420373870076,
        38.4767698286894,
        38.43777464104006,
        38.364243202861495
      ],
      "mean": 38.362293878187884,
      "std": 0.0798738815145402
    },
    "30": {
      "widths": [
        38.37618829044285,
        38.3355756513118,
        38.17197718476008,
        38.429148934481574,
        38.537413246547885,
        38.38540490271251,
        38.28474638443857,
        38.38275563164892,
        38.226035804573186,
        38.299130490117214,
        38.18238153803168,
        38.290582960325615,
        38.39283191187728,
        38.395104426233246,
        38.25976871230715,
        38.31580267440922,
        38.24432128230185,
        38.355081072285,
        38.34510437207711,
        38.28826233387807
      ],
      "mean": 38.324880890238035,
      "std": 0.08536098964583537
    },
    "50": {
      "widths": [
        38.35586361025466,
        38.295659372038955,
        38.38769379256752,
        38.336283662131294,
        38.43624045500405,
        38.27613769787038,
        38.4694256358176,
        38.333892808865215,
        38.340494505587195,
        38.284485542855556,
        38.26215802645804,
        38.412922112742976,
        38.268784733701324,
        38.35260347441281,
        38.32037542316274,
        38.28898189883798,
        38.28814214408161,
        38.24340485757215,
        38.31673333828844,
        38.2803308268018
      ],
      "mean": 38.32753069595262,
      "std": 0.05929782506593285
    },
    "75": {
      "widths": [
        38.303583109528084,
        38.38419070271523,
        38.33534453462671,
        38.33743246524428,
        38.32533209384861,
        38.38986990464281,
        38.293266150012855,
        38.22064042693948,
        38.349681459086554,
        38.3280760508058,
        38.242072989758,
        38.38844331694614,
        38.281335394868314,
        38.38196419540442,
        38.4295417338049,
        38.35297096801924,
        38.37947600714004,
        38.37963683720812,
        38.31273266667457,
        38.41731952700996
      ],
      "mean": 38.3416455267142,
      "std": 0.053757858844939395
    },
    "100": {
      "widths": [
        38.37042305337417,
        38.37160089093789,
        38.4026181771326,
        38.40569577851349,
        38.34133618259802,
        38.36168960892148,
        38.4480562960182,
        38.33460461711572,
        38.354952588962284,
        38.33730571206042,
        38.34774362548349,
        38.337860625087146,
        38.3152605748594,
        38.34756871558171,
        38.34682311876639,
        38.37314754936638,
        38.26436513733705,
        38.38842401755075,
        38.326135971108755,
        38.363938992829475
      ],
      "mean": 38.35697756168024,
      "std": 0.03709091508384728
    },
    "150": {
      "widths": [
        38.32174621047937,
        38.351575120183604,
        38.335588385678335,
        38.38252956718739,
        38.36528238693156,
        38.36255579440955,
        38.331449218091365,
        38.35760914296218,
        38.380317951093176,
        38.45060302692281,
        38.36386300613122,
        38.35128729734404,
        38.38946617016144,
        38.36509411241054,
        38.292859120069295,
        38.40381274928573,
        38.383152056675,
        38.358331022051594,
        38.370537731016945,
        38.369717041932574
      ],
      "mean": 38.36436885555089,
      "std": 0.03153560672881336
    },
    "200": {
      "widths": [
        38.38110592379554,
        38.36565496602991,
        38.321187604226836,
        38.37594801263357,
        38.319694421607394,
        38.36348292197093,
        38.35674761703809,
        38.36100112051056,
        38.34808609899896,
        38.39537359023384,
        38.36410236013945,
        38.388003650962126,
        38.34366088890401,
        38.35667595512793,
        38.382217258964914,
        38.355498020843754,
        38.29279602972068,
        38.42712974686462,
        38.34461560104086,
        38.380533581815236
      ],
      "mean": 38.361175768571464,
      "std": 0.02874545361105863
    },
    "300": {
      "widths": [
        38.33914727629468,
        38.32722958307256,
        38.33210472779759,
        38.37175010920894,
        38.36030212114915,
        38.38120273717243,
        38.33682383177771,
        38.297164974232274,
        38.33421995716703,
        38.32973400771574,
        38.32910376029721,
        38.38094004972958,
        38.36377125928801,
        38.3375107776755,
        38.356786586240254,
        38.35093434920454,
        38.31789604125817,
        38.34076727188094,
        38.34394488236932,
        38.322719616334425
      ],
      "mean": 38.34270269599331,
      "std": 0.020919457936683268
    }
  }
}