{
  "model_path": "/lustre/fswork/projects/rech/aik/uhr51mx/ErrorVolumePolytopes/checkpoints/fashion_mlp_best.pth",
  "data_path": "/lustre/fswork/projects/rech/aik/uhr51mx/ErrorVolumePolytopes/data/fashionMNIST_correct_mlp.pt",
  "sample_idx": 5,
  "bits": 4,
  "n_replications": 20,
  "n_workers": 40,
  "elapsed_total_s": 4089.81,
  "n_directions_grid": [
    10,
    20,
    30,
    50,
    75,
    100,
    150,
    200
  ],
  "results": {
    "10": {
      "widths": [
        38.16432839840843,
        38.16432839840843,
        38.16432839840843,
        38.16432839840843,
        38.16432839840843,
        38.16432839840843,
        38.16432839840843,
        38.16432839840843,
        38.16432839840843,
        38.16432839840843,
        38.16432839840843,
        38.16432839840843,
        38.16432839840843,
        38.16432839840843,
        38.16432839840843,
        38.16432839840843,
        38.16432839840843,
        38.16432839840843,
        38.16432839840843,
        38.16432839840843
      ],
      "mean": 38.16432839840843,
      "std": 0.0
    },
    "20": {
      "widths": [
        38.29383552688516,
        38.29383552688516,
        38.29383552688516,
        38.29383552688516,
        38.29383552688516,
        38.29383552688516,
        38.29383552688516,
        38.29383552688516,
        38.29383552688516,
        38.29383552688516,
        38.29383552688516,
        38.29383552688516,
        38.29383552688516,
        38.29383552688516,
        38.29383552688516,
        38.29383552688516,
        38.29383552688516,
        38.29383552688516,
        38.29383552688516,
        38.29383552688516
      ],
      "mean": 38.293835526885154,
      "std": 7.105427357601002e-15
    },
    "30": {
      "widths": [
        38.334311698213,
        38.334311698213,
        38.334311698213,
        38.334311698213,
        38.334311698213,
        38.334311698213,
        38.334311698213,
        38.334311698213,
        38.334311698213,
        38.334311698213,
        38.334311698213,
        38.334311698213,
        38.334311698213,
        38.334311698213,
        38.334311698213,
        38.334311698213,
        38.334311698213,
        38.334311698213,
        38.334311698213,
        38.334311698213
      ],
      "mean": 38.334311698213,
      "std": 0.0
    },
    "50": {
      "widths": [
        38.17904551195258,
        38.17904551195258,
        38.17904551195258,
        38.17904551195258,
        38.17904551195258,
        38.17904551195258,
        38.17904551195258,
        38.17904551195258,
        38.17904551195258,
        38.17904551195258,
        38.17904551195258,
        38.17904551195258,
        38.17904551195258,
        38.17904551195258,
        38.17904551195258,
        38.17904551195258,
        38.17904551195258,
        38.17904551195258,
        38.17904551195258,
        38.17904551195258
      ],
      "mean": 38.17904551195259,
      "std": 7.105427357601002e-15
    },
    "75": {
      "widths": [
        38.20672013652763,
        38.20672013652763,
        38.20672013652763,
        38.20672013652763,
        38.20672013652763,
        38.20672013652763,
        38.20672013652763,
        38.20672013652763,
        38.20672013652763,
        38.20672013652763,
        38.20672013652763,
        38.20672013652763,
        38.20672013652763,
        38.20672013652763,
        38.20672013652763,
        38.20672013652763,
        38.20672013652763,
        38.20672013652763,
        38.20672013652763,
        38.20672013652763
      ],
      "mean": 38.206720136527636,
      "std": 7.105427357601002e-15
    },
    "100": {
      "widths": [
        38.23278645953769,
        38.23278645953769,
        38.23278645953769,
        38.23278645953769,
        38.23278645953769,
        38.23278645953769,
        38.23278645953769,
        38.23278645953769,
        38.23278645953769,
        38.23278645953769,
        38.23278645953769,
        38.23278645953769,
        38.23278645953769,
        38.23278645953769,
        38.23278645953769,
        38.23278645953769,
        38.23278645953769,
        38.23278645953769,
        38.23278645953769,
        38.23278645953769
      ],
      "mean": 38.23278645953769,
      "std": 0.0
    },
    "150": {
      "widths": [
        38.29310685508478,
        38.29310685508478,
        38.29310685508478,
        38.29310685508478,
        38.29310685508478,
        38.29310685508478,
        38.29310685508478,
        38.29310685508478,
        38.29310685508478,
        38.29310685508478,
        38.29310685508478,
        38.29310685508478,
        38.29310685508478,
        38.29310685508478,
        38.29310685508478,
        38.29310685508478,
        38.29310685508478,
        38.29310685508478,
        38.29310685508478,
        38.29310685508478
      ],
      "mean": 38.29310685508479,
      "std": 7.105427357601002e-15
    },
    "200": {
      "widths": [
        38.28580517979984,
        38.28580517979984,
        38.28580517979984,
        38.28580517979984,
        38.28580517979984,
        38.28580517979984,
        38.28580517979984,
        38.28580517979984,
        38.28580517979984,
        38.28580517979984,
        38.28580517979984,
        38.28580517979984,
        38.28580517979984,
        38.28580517979984,
        38.28580517979984,
        38.28580517979984,
        38.28580517979984,
        38.28580517979984,
        38.28580517979984,
        38.28580517979984
      ],
      "mean": 38.28580517979983,
      "std": 7.105427357601002e-15
    }
  }
}