{
  "model_path": "/lustre/fswork/projects/rech/aik/uhr51mx/ErrorVolumePolytopes/checkpoints/fashion_mlp_best.pth",
  "data_path": "/lustre/fswork/projects/rech/aik/uhr51mx/ErrorVolumePolytopes/data/fashionMNIST_correct_mlp.pt",
  "sample_idx": 34,
  "bits": 4,
  "n_replications": 20,
  "n_workers": 40,
  "elapsed_total_s": 11768.77,
  "n_directions_grid": [
    10,
    20,
    30,
    50,
    75,
    100,
    150,
    200,
    300
  ],
  "results": {
    "10": {
      "widths": [
        34.72572484300588,
        34.816291098615906,
        34.57360079070217,
        34.58470901699134,
        34.58372004314227,
        34.382001383464015,
        34.674997516844265,
        34.315051880150854,
        34.53531084766071,
        34.39855089483566,
        34.46176108511265,
        34.58529343569971,
        34.47281345129783,
        34.73269244481623,
        34.515741949443985,
        34.33693881940058,
        34.6329066530554,
        34.55603851936378,
        34.40566059865212,
        34.43028027000436
      ],
      "mean": 34.536004277112994,
      "std": 0.13416106262260744
    },
    "20": {
      "widths": [
        34.58707393560401,
        34.700115346763624,
        34.45699327687854,
        34.56164052383745,
        34.40430984497942,
        34.600612425930194,
        34.43635969300631,
        34.456336658731274,
        34.6156281773125,
        34.42690518951527,
        34.42544321256355,
        34.56529045489585,
        34.653221529002124,
        34.42461228302814,
        34.57525820027274,
        34.34445660373549,
        34.562608650803654,
        34.4094421620965,
        34.572973007482,
        34.45037746739994
      ],
      "mean": 34.511482932191925,
      "std": 0.09574341681018701
    },
    "30": {
      "widths": [
        34.516300654706804,
        34.52504749343636,
        34.613356981027216,
        34.56926809882937,
        34.544576325318936,
        34.722939259027854,
        34.539076824802805,
        34.51223734770035,
        34.44672177681589,
        34.52891129742777,
        34.46272726822718,
        34.41116704390442,
        34.578152966526325,
        34.48219227599295,
        34.45508332011515,
        34.440334525168055,
        34.45649438288055,
        34.59047690173772,
        34.445223425043764,
        34.56748411146725
      ],
      "mean": 34.52038861400784,
      "std": 0.07286412429718735
    },
    "50": {
      "widths": [
        34.37574973678788,
        34.50353747725736,
        34.47571997207167,
        34.62166305516526,
        34.5068216772435,
        34.417995299499786,
        34.50406532213074,
        34.49157188686532,
        34.44957386950347,
        34.60831667451293,
        34.51149428063942,
        34.39686125271533,
        34.58866096221809,
        34.5386130811866,
        34.55106214578982,
        34.55126665908652,
        34.59650764045967,
        34.52169043247832,
        34.61038049599317,
        34.529692473734315
      ],
      "mean": 34.51756221976696,
      "std": 0.06856178137235847
    },
    "75": {
      "widths": [
        34.57652026907789,
        34.526054808439895,
        34.4148810055516,
        34.62619163554259,
        34.52378378368045,
        34.50003063555122,
        34.57164103403101,
        34.604558440500284,
        34.4415771456062,
        34.56672356648822,
        34.57592894595905,
        34.492825951199045,
        34.52996130120201,
        34.61037374745009,
        34.486836702915014,
        34.50249609760192,
        34.467477534706354,
        34.44427012065434,
        34.499617332923044,
        34.443162224050845
      ],
      "mean": 34.52024561415656,
      "std": 0.060196488875774654
    },
    "100": {
      "widths": [
        34.54522848702456,
        34.525881229178474,
        34.44412327455911,
        34.57578376637595,
        34.60263405569165,
        34.49057624674271,
        34.45477989330702,
        34.5559165876559,
        34.567176938056434,
        34.477847147777204,
        34.5390928814772,
        34.392807379066326,
        34.5058234744933,
        34.54501721488655,
        34.57791937963948,
        34.57512613082966,
        34.53827091023416,
        34.50540133974628,
        34.533912700786765,
        34.48389737884115
      ],
      "mean": 34.521860820818496,
      "std": 0.051243557185323564
    },
    "150": {
      "widths": [
        34.53157780524212,
        34.489394376187875,
        34.578475881865316,
        34.540722035285235,
        34.55007782233974,
        34.573083363622416,
        34.48834754305635,
        34.47707764784908,
        34.52041968136403,
        34.55576206573487,
        34.4918810778096,
        34.50881502797874,
        34.539570781975776,
        34.47639371805628,
        34.49156639467267,
        34.50633313234735,
        34.48350740062871,
        34.53427764063174,
        34.494580333879156,
        34.524573148969964
      ],
      "mean": 34.51782184397485,
      "std": 0.030877749737322657
    },
    "200": {
      "widths": [
        34.51918789356377,
        34.52998138043765,
        34.463986937726794,
        34.56802757293572,
        34.51096288876293,
        34.54795970336624,
        34.5077735413652,
        34.50549211214049,
        34.51643540757001,
        34.516169099174434,
        34.54299455867803,
        34.54407211806434,
        34.54598626219782,
        34.525167592083704,
        34.558523062775556,
        34.50470642609119,
        34.488306068048914,
        34.54796150253863,
        34.56047988153568,
        34.45612303811081
      ],
      "mean": 34.5230148523584,
      "std": 0.0297041558626642
    },
    "300": {
      "widths": [
        34.529596025020425,
        34.520436677560866,
        34.54404447409704,
        34.53392064785428,
        34.53239144037626,
        34.52762530447379,
        34.51207267975003,
        34.58046537694123,
        34.51953349866682,
        34.47375772416452,
        34.52113369758042,
        34.536288828851745,
        34.518500911853565,
        34.50042135240899,
        34.52268497152208,
        34.52318128770998,
        34.56391006539097,
        34.523665321989064,
        34.52023539552219,
        34.54616763873132
      ],
      "mean": 34.52750166602327,
      "std": 0.021335064342256124
    }
  }
}