{
  "model_path": "/lustre/fswork/projects/rech/aik/uhr51mx/ErrorVolumePolytopes/checkpoints/fashion_mlp_best.pth",
  "data_path": "/lustre/fswork/projects/rech/aik/uhr51mx/ErrorVolumePolytopes/data/fashionMNIST_correct_mlp.pt",
  "sample_idx": 10,
  "bits": 4,
  "n_replications": 20,
  "n_workers": 40,
  "elapsed_total_s": 4220.75,
  "n_directions_grid": [
    10,
    20,
    30,
    50,
    75,
    100,
    150,
    200
  ],
  "results": {
    "10": {
      "widths": [
        38.41271532263788,
        38.41271532263788,
        38.41271532263788,
        38.41271532263788,
        38.41271532263788,
        38.41271532263788,
        38.41271532263788,
        38.41271532263788,
        38.41271532263788,
        38.41271532263788,
        38.41271532263788,
        38.41271532263788,
        38.41271532263788,
        38.41271532263788,
        38.41271532263788,
        38.41271532263788,
        38.41271532263788,
        38.41271532263788,
        38.41271532263788,
        38.41271532263788
      ],
      "mean": 38.41271532263787,
      "std": 7.105427357601002e-15
    },
    "20": {
      "widths": [
        38.300180028569955,
        38.300180028569955,
        38.300180028569955,
        38.300180028569955,
        38.300180028569955,
        38.300180028569955,
        38.300180028569955,
        38.300180028569955,
        38.300180028569955,
        38.300180028569955,
        38.300180028569955,
        38.300180028569955,
        38.300180028569955,
        38.300180028569955,
        38.300180028569955,
        38.300180028569955,
        38.300180028569955,
        38.300180028569955,
        38.300180028569955,
        38.300180028569955
      ],
      "mean": 38.30018002856995,
      "std": 7.105427357601002e-15
    },
    "30": {
      "widths": [
        38.40578907283031,
        38.40578907283031,
        38.40578907283031,
        38.40578907283031,
        38.40578907283031,
        38.40578907283031,
        38.40578907283031,
        38.40578907283031,
        38.40578907283031,
        38.40578907283031,
        38.40578907283031,
        38.40578907283031,
        38.40578907283031,
        38.40578907283031,
        38.40578907283031,
        38.40578907283031,
        38.40578907283031,
        38.40578907283031,
        38.40578907283031,
        38.40578907283031
      ],
      "mean": 38.40578907283031,
      "std": 0.0
    },
    "50": {
      "widths": [
        38.45403090348855,
        38.45403090348855,
        38.45403090348855,
        38.45403090348855,
        38.45403090348855,
        38.45403090348855,
        38.45403090348855,
        38.45403090348855,
        38.45403090348855,
        38.45403090348855,
        38.45403090348855,
        38.45403090348855,
        38.45403090348855,
        38.45403090348855,
        38.45403090348855,
        38.45403090348855,
        38.45403090348855,
        38.45403090348855,
        38.45403090348855,
        38.45403090348855
      ],
      "mean": 38.454030903488544,
      "std": 7.105427357601002e-15
    },
    "75": {
      "widths": [
        38.34257323056352,
        38.34257323056352,
        38.34257323056352,
        38.34257323056352,
        38.34257323056352,
        38.34257323056352,
        38.34257323056352,
        38.34257323056352,
        38.34257323056352,
        38.34257323056352,
        38.34257323056352,
        38.34257323056352,
        38.34257323056352,
        38.34257323056352,
        38.34257323056352,
        38.34257323056352,
        38.34257323056352,
        38.34257323056352,
        38.34257323056352,
        38.34257323056352
      ],
      "mean": 38.34257323056352,
      "std": 0.0
    },
    "100": {
      "widths": [
        38.36664365880933,
        38.36664365880933,
        38.36664365880933,
        38.36664365880933,
        38.36664365880933,
        38.36664365880933,
        38.36664365880933,
        38.36664365880933,
        38.36664365880933,
        38.36664365880933,
        38.36664365880933,
        38.36664365880933,
        38.36664365880933,
        38.36664365880933,
        38.36664365880933,
        38.36664365880933,
        38.36664365880933,
        38.36664365880933,
        38.36664365880933,
        38.36664365880933
      ],
      "mean": 38.36664365880934,
      "std": 7.105427357601002e-15
    },
    "150": {
      "widths": [
        38.34979930178762,
        38.34979930178762,
        38.34979930178762,
        38.34979930178762,
        38.34979930178762,
        38.34979930178762,
        38.34979930178762,
        38.34979930178762,
        38.34979930178762,
        38.34979930178762,
        38.34979930178762,
        38.34979930178762,
        38.34979930178762,
        38.34979930178762,
        38.34979930178762,
        38.34979930178762,
        38.34979930178762,
        38.34979930178762,
        38.34979930178762,
        38.34979930178762
      ],
      "mean": 38.34979930178761,
      "std": 7.105427357601002e-15
    },
    "200": {
      "widths": [
        38.31265517599904,
        38.31265517599904,
        38.31265517599904,
        38.31265517599904,
        38.31265517599904,
        38.31265517599904,
        38.31265517599904,
        38.31265517599904,
        38.31265517599904,
        38.31265517599904,
        38.31265517599904,
        38.31265517599904,
        38.31265517599904,
        38.31265517599904,
        38.31265517599904,
        38.31265517599904,
        38.31265517599904,
        38.31265517599904,
        38.31265517599904,
        38.31265517599904
      ],
      "mean": 38.31265517599903,
      "std": 7.105427357601002e-15
    }
  }
}