{
  "model_path": "/lustre/fswork/projects/rech/aik/uhr51mx/ErrorVolumePolytopes/checkpoints/fashion_mlp_best.pth",
  "data_path": "/lustre/fswork/projects/rech/aik/uhr51mx/ErrorVolumePolytopes/data/fashionMNIST_correct_mlp.pt",
  "sample_idx": 31,
  "bits": 4,
  "n_replications": 20,
  "n_workers": 40,
  "elapsed_total_s": 7340.86,
  "n_directions_grid": [
    10,
    20,
    30,
    50,
    75,
    100,
    150,
    200
  ],
  "results": {
    "10": {
      "widths": [
        35.10322909670878,
        35.10322909670878,
        35.10322909670878,
        35.10322909670878,
        35.10322909670878,
        35.10322909670878,
        35.10322909670878,
        35.10322909670878,
        35.10322909670878,
        35.10322909670878,
        35.10322909670878,
        35.10322909670878,
        35.10322909670878,
        35.10322909670878,
        35.10322909670878,
        35.10322909670878,
        35.10322909670878,
        35.10322909670878,
        35.10322909670878,
        35.10322909670878
      ],
      "mean": 35.10322909670878,
      "std": 0.0
    },
    "20": {
      "widths": [
        35.07134762634033,
        35.07134762634033,
        35.07134762634033,
        35.07134762634033,
        35.07134762634033,
        35.07134762634033,
        35.07134762634033,
        35.07134762634033,
        35.07134762634033,
        35.07134762634033,
        35.07134762634033,
        35.07134762634033,
        35.07134762634033,
        35.07134762634033,
        35.07134762634033,
        35.07134762634033,
        35.07134762634033,
        35.07134762634033,
        35.07134762634033,
        35.07134762634033
      ],
      "mean": 35.07134762634032,
      "std": 7.105427357601002e-15
    },
    "30": {
      "widths": [
        35.17646457272103,
        35.17646457272103,
        35.17646457272103,
        35.17646457272103,
        35.17646457272103,
        35.17646457272103,
        35.17646457272103,
        35.17646457272103,
        35.17646457272103,
        35.17646457272103,
        35.17646457272103,
        35.17646457272103,
        35.17646457272103,
        35.17646457272103,
        35.17646457272103,
        35.17646457272103,
        35.17646457272103,
        35.17646457272103,
        35.17646457272103,
        35.17646457272103
      ],
      "mean": 35.176464572721024,
      "std": 7.105427357601002e-15
    },
    "50": {
      "widths": [
        35.06581492465129,
        35.06581492465129,
        35.06581492465129,
        35.06581492465129,
        35.06581492465129,
        35.06581492465129,
        35.06581492465129,
        35.06581492465129,
        35.06581492465129,
        35.06581492465129,
        35.06581492465129,
        35.06581492465129,
        35.06581492465129,
        35.06581492465129,
        35.06581492465129,
        35.06581492465129,
        35.06581492465129,
        35.06581492465129,
        35.06581492465129,
        35.06581492465129
      ],
      "mean": 35.065814924651285,
      "std": 7.105427357601002e-15
    },
    "75": {
      "widths": [
        35.12501332699,
        35.12501332699,
        35.12501332699,
        35.12501332699,
        35.12501332699,
        35.12501332699,
        35.12501332699,
        35.12501332699,
        35.12501332699,
        35.12501332699,
        35.12501332699,
        35.12501332699,
        35.12501332699,
        35.12501332699,
        35.12501332699,
        35.12501332699,
        35.12501332699,
        35.12501332699,
        35.12501332699,
        35.12501332699
      ],
      "mean": 35.12501332699001,
      "std": 7.105427357601002e-15
    },
    "100": {
      "widths": [
        35.169249744597806,
        35.169249744597806,
        35.169249744597806,
        35.169249744597806,
        35.169249744597806,
        35.169249744597806,
        35.169249744597806,
        35.169249744597806,
        35.169249744597806,
        35.169249744597806,
        35.169249744597806,
        35.169249744597806,
        35.169249744597806,
        35.169249744597806,
        35.169249744597806,
        35.169249744597806,
        35.169249744597806,
        35.169249744597806,
        35.169249744597806,
        35.169249744597806
      ],
      "mean": 35.1692497445978,
      "std": 7.105427357601002e-15
    },
    "150": {
      "widths": [
        35.09589498619833,
        35.09589498619833,
        35.09589498619833,
        35.09589498619833,
        35.09589498619833,
        35.09589498619833,
        35.09589498619833,
        35.09589498619833,
        35.09589498619833,
        35.09589498619833,
        35.09589498619833,
        35.09589498619833,
        35.09589498619833,
        35.09589498619833,
        35.09589498619833,
        35.09589498619833,
        35.09589498619833,
        35.09589498619833,
        35.09589498619833,
        35.09589498619833
      ],
      "mean": 35.09589498619833,
      "std": 0.0
    },
    "200": {
      "widths": [
        35.10069636536543,
        35.10069636536543,
        35.10069636536543,
        35.10069636536543,
        35.10069636536543,
        35.10069636536543,
        35.10069636536543,
        35.10069636536543,
        35.10069636536543,
        35.10069636536543,
        35.10069636536543,
        35.10069636536543,
        35.10069636536543,
        35.10069636536543,
        35.10069636536543,
        35.10069636536543,
        35.10069636536543,
        35.10069636536543,
        35.10069636536543,
        35.10069636536543
      ],
      "mean": 35.10069636536544,
      "std": 7.105427357601002e-15
    }
  }
}