{
  "model_path": "/lustre/fswork/projects/rech/aik/uhr51mx/ErrorVolumePolytopes/checkpoints/fashion_mlp_best.pth",
  "data_path": "/lustre/fswork/projects/rech/aik/uhr51mx/ErrorVolumePolytopes/data/fashionMNIST_correct_mlp.pt",
  "sample_idx": 46,
  "bits": 4,
  "n_replications": 20,
  "n_workers": 40,
  "elapsed_total_s": 6615.74,
  "n_directions_grid": [
    10,
    20,
    30,
    50,
    75,
    100,
    150,
    200,
    300
  ],
  "results": {
    "10": {
      "widths": [
        38.25429163846333,
        38.09466805115701,
        38.30763684282605,
        38.34284847235553,
        38.23031678810007,
        38.09000581390545,
        38.14322608886511,
        37.98719065564954,
        38.28316793242349,
        38.179079719007426,
        38.126544867707835,
        38.154297557835676,
        38.32151626891782,
        38.325162221486075,
        38.158361914802356,
        37.794169349938485,
        38.23214552046514,
        38.24455090744929,
        37.9926211152259,
        38.04258449105882
      ],
      "mean": 38.16521931088202,
      "std": 0.1352544824227122
    },
    "20": {
      "widths": [
        38.2595288499262,
        38.04050840164243,
        38.091851688018025,
        38.11948172485639,
        38.08146952070606,
        37.99367472173639,
        37.96041800200037,
        37.98743067270764,
        38.023903884963794,
        38.256313234985996,
        38.17142251767666,
        38.1331485807267,
        38.15070000625305,
        38.30503952460826,
        38.10952724168114,
        38.130010301749124,
        38.245509281089326,
        37.89966449387438,
        38.14905959144926,
        38.156907553812474
      ],
      "mean": 38.113278489723186,
      "std": 0.10456859366598768
    },
    "30": {
      "widths": [
        38.26757265433944,
        38.210417297915924,
        38.15904731027794,
        38.1574757213,
        38.1679841785675,
        38.270904814834516,
        38.202206015844034,
        38.17649708740006,
        38.31726395984297,
        38.098069620065466,
        38.035037797346384,
        38.121850847230384,
        38.2358888326754,
        38.06611386384011,
        38.05640480503205,
        38.22065442276917,
        38.21951715948994,
        38.15675876060443,
        38.03831054669512,
        38.22195144344023
      ],
      "mean": 38.16999635697555,
      "std": 0.07853713304625286
    },
    "50": {
      "widths": [
        38.0650490891942,
        38.17421762494493,
        38.04652871542579,
        38.149638888714044,
        38.14979747552682,
        38.17260694632935,
        38.0602927743087,
        38.18762538746727,
        38.23943498386152,
        38.18920740147965,
        38.25515511813107,
        38.00976806330117,
        38.14925359281183,
        38.14749574792606,
        38.133331217974956,
        38.08000981358657,
        38.16824866787966,
        38.23911168513326,
        38.04603710074211,
        38.21040303396249
      ],
      "mean": 38.143660666435075,
      "std": 0.06922877567821376
    },
    "75": {
      "widths": [
        38.17196094435062,
        38.25684121941441,
        38.198988108997355,
        38.1287463021141,
        38.18966621025195,
        38.19523328871075,
        38.108149361588566,
        38.15867517856686,
        38.12141433300122,
        38.136092199690054,
        38.09987175140646,
        38.111193431920064,
        38.13254201275931,
        38.164924133351036,
        38.231998111490434,
        38.065379665049605,
        38.14043880458094,
        38.18347773169967,
        38.119923922659815,
        38.16012259625256
      ],
      "mean": 38.15378196539279,
      "std": 0.04559023190771063
    },
    "100": {
      "widths": [
        38.134204009460156,
        38.12120320199738,
        38.10638499668843,
        38.13516733463548,
        38.14520643376782,
        38.11167175878204,
        38.19429145063094,
        38.22145124446199,
        38.205442690820014,
        38.106649466048694,
        38.11493447631575,
        38.176182027420225,
        38.12756870749137,
        38.1185223603366,
        38.147020231873306,
        38.21009340030338,
        38.19813380520342,
        38.17041559902325,
        38.14629045221302,
        38.20175317722204
      ],
      "mean": 38.15462934123477,
      "std": 0.03790754368454631
    },
    "150": {
      "widths": [
        38.09884084614782,
        38.14676010473287,
        38.11922630928255,
        38.11687510693663,
        38.069708142057124,
        38.095588888928965,
        38.12157600062643,
        38.18018032647282,
        38.12394173020624,
        38.150810506575276,
        38.192759430496615,
        38.1295248116485,
        38.16698330120934,
        38.20844256272248,
        38.18228874528649,
        38.12911545602032,
        38.156725530004174,
        38.1175053100929,
        38.1342464306422,
        38.15497543526946
      ],
      "mean": 38.13980374876796,
      "std": 0.034060933680805296
    },
    "200": {
      "widths": [
        38.11594008745823,
        38.20398731775741,
        38.17153202468714,
        38.13194048160591,
        38.15899327030881,
        38.15184016943307,
        38.14140252764526,
        38.17922933172261,
        38.109104764486744,
        38.15078961914926,
        38.23187059931218,
        38.14501820572204,
        38.205004039210074,
        38.18375906384327,
        38.14345204827484,
        38.17590233860856,
        38.22543626672475,
        38.10603247732972,
        38.18723012174043,
        38.15571234719603
      ],
      "mean": 38.16370885511081,
      "std": 0.03495742598837064
    },
    "300": {
      "widths": [
        38.188866507861306,
        38.16666260074579,
        38.151274291564015,
        38.14755430942119,
        38.15159037103652,
        38.151488565634175,
        38.20254761155011,
        38.105917176397114,
        38.19668768195531,
        38.19442422269555,
        38.12391747029291,
        38.16300778658909,
        38.13673080315722,
        38.201335090637734,
        38.08647171383458,
        38.116613366325595,
        38.1484026720907,
        38.155410477813696,
        38.17037946237472,
        38.182161380655636
      ],
      "mean": 38.15707217813165,
      "std": 0.031583981726589154
    }
  }
}