{
  "model_path": "checkpoints/fashion_mlp_best.pth",
  "data_path": "data/fashionMNIST_correct_mlp.pt",
  "sample_idx": 0,
  "bits": 4,
  "n_replications": 20,
  "n_directions_grid": [
    3,
    5,
    10
  ],
  "results": {
    "3": {
      "widths": [
        37.065144744215864,
        37.77280717708818,
        37.55394173200865,
        37.37782613255809,
        37.456821751945796,
        37.27817546010822,
        37.320909911363195,
        37.62708556708878,
        37.48397865310502,
        37.742930952659286,
        37.179343383695745,
        37.89296008168916,
        37.27827036163511,
        37.61974573867012,
        36.94517593884467,
        37.534035078629906,
        37.300724827016076,
        37.397793254767755,
        37.49814560031588,
        37.5334967249531
      ],
      "mean": 37.44296565361793,
      "std": 0.22976934896222717,
      "elapsed_s": 262.08
    },
    "5": {
      "widths": [
        37.33832784967752,
        37.16048977915089,
        37.613839439829924,
        37.339889927542195,
        37.32250440635208,
        37.09499734382725,
        37.332432878569605,
        37.48351208338105,
        37.52105237205077,
        37.470377682782626,
        37.3290507923135,
        37.55765681867704,
        37.250663475973646,
        37.26636973489864,
        37.45414118634021,
        37.13963330844245,
        37.662913916156825,
        37.56963000218731,
        37.43886827781537,
        37.481337260071385
      ],
      "mean": 37.39138442680202,
      "std": 0.15588418438012777,
      "elapsed_s": 468.52
    },
    "10": {
      "widths": [
        37.49798580195257,
        37.24234125277674,
        37.25443921815033,
        37.159914328517786,
        37.247191012746235,
        37.38950153577372,
        37.28520796447892,
        37.26151523693746,
        37.26636095033852,
        37.47903572292415,
        37.43370219299375,
        37.49266090590929,
        37.09610169756436,
        37.30867654922068,
        37.378486909834294,
        37.47519845653885,
        37.31962263668996,
        37.37679799424466,
        37.283961649915085,
        37.43177884072731
      ],
      "mean": 37.33402404291173,
      "std": 0.1104896866469956,
      "elapsed_s": 1094.6
    }
  }
}