{
  "model_path": "/lustre/fswork/projects/rech/aik/uhr51mx/ErrorVolumePolytopes/checkpoints/fashion_mlp_best.pth",
  "data_path": "/lustre/fswork/projects/rech/aik/uhr51mx/ErrorVolumePolytopes/data/fashionMNIST_correct_mlp.pt",
  "sample_idx": 24,
  "bits": 4,
  "n_replications": 20,
  "n_workers": 40,
  "elapsed_total_s": 6362.63,
  "n_directions_grid": [
    10,
    20,
    30,
    50,
    75,
    100,
    150,
    200,
    300
  ],
  "results": {
    "10": {
      "widths": [
        38.251565177470205,
        38.41901631317402,
        38.30302529281168,
        38.163281815335864,
        38.11895795898929,
        38.283926652227954,
        37.90916437669753,
        38.33290205514879,
        38.393554062661316,
        38.0418894424388,
        38.36434660706323,
        38.20545177418578,
        38.21600934083444,
        38.29422804791438,
        38.452561770576025,
        38.24933151603962,
        38.26460714350642,
        38.1439418962309,
        38.4060842148218,
        38.14657856931664
      ],
      "mean": 38.24802120137223,
      "std": 0.13225500269502857
    },
    "20": {
      "widths": [
        38.05984539838929,
        38.248156775486535,
        38.38130463965232,
        38.481511236631604,
        38.356861458161,
        38.328262598326106,
        38.223997225647295,
        38.37857835380893,
        38.44769444047214,
        38.2762580760213,
        38.29152776403507,
        38.420364253725865,
        38.338354447644335,
        38.29199885602271,
        38.239981602949044,
        38.262399996180044,
        38.263694457673424,
        38.22755408891354,
        38.39798136666771,
        38.191873990309034
      ],
      "mean": 38.30541005133587,
      "std": 0.09660800332848796
    },
    "30": {
      "widths": [
        38.38044193223254,
        38.17928843774654,
        38.250797430386825,
        38.43404070265612,
        38.21859059890634,
        38.3147435455107,
        38.22833478761372,
        38.30703257437968,
        38.31575396449637,
        38.23349354065919,
        38.26152312134185,
        38.402571442480514,
        38.32274452222552,
        38.39515636208942,
        38.42837207739269,
        38.26550840383546,
        38.150610664836684,
        38.324060163218114,
        38.26983486944296,
        38.385099687279656
      ],
      "mean": 38.303399941436545,
      "std": 0.08005958728533245
    },
    "50": {
      "widths": [
        38.37117453372976,
        38.26947865439561,
        38.26965062695729,
        38.19954311337409,
        38.28823075433387,
        38.29785316896451,
        38.29420245916967,
        38.1689982536386,
        38.25744940516179,
        38.259193335713896,
        38.39396384923981,
        38.23800308144602,
        38.32428026968578,
        38.32358786019028,
        38.37134471270572,
        38.29095427189914,
        38.314182236303125,
        38.31978888941873,
        38.36336885562851,
        38.345794302844936
      ],
      "mean": 38.298052131740064,
      "std": 0.05632236867822296
    },
    "75": {
      "widths": [
        38.2886301557857,
        38.22662191825216,
        38.32745837937674,
        38.2694110618467,
        38.225199397427765,
        38.39594143969029,
        38.30631857698667,
        38.3186504202914,
        38.28090814802807,
        38.22671321359032,
        38.23572522066179,
        38.376309572861416,
        38.18279458072743,
        38.30695505306267,
        38.325002060570995,
        38.35385286880949,
        38.259096457838254,
        38.28594164034656,
        38.28831333176476,
        38.2885523235054
      ],
      "mean": 38.288419791071234,
      "std": 0.05236784421685441
    },
    "100": {
      "widths": [
        38.33221547509782,
        38.29222296361956,
        38.322342633194104,
        38.211351011674374,
        38.32160910839532,
        38.389768834652344,
        38.308496669248235,
        38.25354633851776,
        38.30468298473426,
        38.32429618335642,
        38.22652997843694,
        38.307906432880344,
        38.31338359691876,
        38.24310110536564,
        38.26434453267066,
        38.27712166981346,
        38.36041342354571,
        38.30174565709398,
        38.32508196512511,
        38.28912974295442
      ],
      "mean": 38.298464515364756,
      "std": 0.04233707413083259
    },
    "150": {
      "widths": [
        38.283729855737036,
        38.256257580082334,
        38.297554509778834,
        38.311011269408795,
        38.31762883948812,
        38.32112311160734,
        38.242360795469075,
        38.275340783168616,
        38.27275173094722,
        38.2996869444031,
        38.248270253210926,
        38.28613161620416,
        38.36403798914132,
        38.25822835426696,
        38.292859032561715,
        38.273114939463994,
        38.32701074402897,
        38.31198250176637,
        38.35181446980434,
        38.24660482573843
      ],
      "mean": 38.291875007313884,
      "std": 0.03340037109309846
    },
    "200": {
      "widths": [
        38.288719472095856,
        38.31935168704151,
        38.387813332192856,
        38.25435437372002,
        38.316882233649075,
        38.322123293874796,
        38.25118875278498,
        38.29189092150263,
        38.3032263839684,
        38.25409588924282,
        38.2604872443444,
        38.306443723621484,
        38.32178682949689,
        38.354111538968844,
        38.30519970842798,
        38.32606307617901,
        38.292783085499906,
        38.227440155418684,
        38.254557803756526,
        38.26800456587438
      ],
      "mean": 38.295326203583045,
      "std": 0.03828670649082481
    },
    "300": {
      "widths": [
        38.28939820398771,
        38.29727942658147,
        38.255342434527954,
        38.277193403997344,
        38.31828837509647,
        38.24358987915521,
        38.25451424405051,
        38.27620523918501,
        38.29625880368891,
        38.2569721319627,
        38.266387840275975,
        38.22767013806091,
        38.29364869980752,
        38.30734469160527,
        38.326574157004146,
        38.29719071573997,
        38.29247975534172,
        38.288428370889356,
        38.30594290913074,
        38.237826266996805
      ],
      "mean": 38.28042678435428,
      "std": 0.026692905154960263
    }
  }
}