{
  "model_path": "/lustre/fswork/projects/rech/aik/uhr51mx/ErrorVolumePolytopes/checkpoints/fashion_mlp_best.pth",
  "data_path": "/lustre/fswork/projects/rech/aik/uhr51mx/ErrorVolumePolytopes/data/fashionMNIST_correct_mlp.pt",
  "sample_idx": 45,
  "bits": 4,
  "n_replications": 20,
  "n_workers": 40,
  "elapsed_total_s": 6650.03,
  "n_directions_grid": [
    10,
    20,
    30,
    50,
    75,
    100,
    150,
    200,
    300
  ],
  "results": {
    "10": {
      "widths": [
        37.24401139450173,
        37.322316753586904,
        37.40930751508882,
        37.26220478488807,
        37.24172456367215,
        37.32455180393139,
        37.4030835412334,
        37.404949973988366,
        37.3729255383157,
        37.14992787493571,
        37.422528207477896,
        37.24329665909347,
        37.388516553665866,
        37.25605342909136,
        36.99088407193834,
        37.16492041353233,
        37.35001932726637,
        37.315736805604914,
        37.382111229382026,
        37.350517156330866
      ],
      "mean": 37.29997937987629,
      "std": 0.10590716518576476
    },
    "20": {
      "widths": [
        37.49944238689268,
        37.324420848839736,
        37.49055270191928,
        37.42754796056093,
        37.48631965329088,
        37.34459702778496,
        37.27150141412092,
        37.24970500754186,
        37.32226004633608,
        37.4347783251014,
        37.247378177073514,
        37.37121898387376,
        37.29368192319497,
        37.131077495518,
        37.420597423936684,
        37.459777154475304,
        37.31154504120611,
        37.348031088880234,
        37.11609355339062,
        37.17701609674596
      ],
      "mean": 37.336377115534205,
      "std": 0.11248738617284224
    },
    "30": {
      "widths": [
        37.384113583732464,
        37.341553334698716,
        37.21050999669315,
        37.3985857657699,
        37.36935511801414,
        37.334725377869084,
        37.32473639907029,
        37.34714309030551,
        37.45756893154817,
        37.36401890662264,
        37.208902803333494,
        37.30621709163551,
        37.4152887254215,
        37.34482749239866,
        37.20114609265527,
        37.31114369025759,
        37.42948072238146,
        37.32412775226031,
        37.24199707728523,
        37.30441466491143
      ],
      "mean": 37.33099283084322,
      "std": 0.0704843483596242
    },
    "50": {
      "widths": [
        37.28615809435643,
        37.336236769013446,
        37.402679419671294,
        37.35490951910172,
        37.27869066100123,
        37.32579297716243,
        37.29338052457908,
        37.26762702986592,
        37.32721997942688,
        37.303543352801775,
        37.29129959757062,
        37.367500414801604,
        37.39511785672695,
        37.37309335196016,
        37.405041149463756,
        37.323720233928,
        37.37960790566392,
        37.34487089803834,
        37.36485326648703,
        37.351764992265686
      ],
      "mean": 37.33865539969431,
      "std": 0.04122948807710408
    },
    "75": {
      "widths": [
        37.46042558052258,
        37.45098288509555,
        37.36849567189667,
        37.33742775084463,
        37.29805386618164,
        37.30222436721777,
        37.35008385932815,
        37.27810028766612,
        37.378489579462105,
        37.33976784805884,
        37.33613536667123,
        37.41186844483137,
        37.334228992533745,
        37.322338412005486,
        37.35213562881339,
        37.33988176442179,
        37.293821920089954,
        37.42503813349884,
        37.35179935824757,
        37.390986064146816
      ],
      "mean": 37.35611428907671,
      "std": 0.049407087956406415
    },
    "100": {
      "widths": [
        37.34514063366282,
        37.42911621991063,
        37.34276775825792,
        37.31621725165898,
        37.31278942503743,
        37.339686433517585,
        37.271249785281654,
        37.38230247126091,
        37.35240886715656,
        37.29997264167293,
        37.30633554292384,
        37.45667178717101,
        37.31398209033527,
        37.29521123414377,
        37.41625113912272,
        37.33878197549142,
        37.41671478202801,
        37.35430748699644,
        37.30346200415474,
        37.36695173863609
      ],
      "mean": 37.34801606342104,
      "std": 0.048818339284919986
    },
    "150": {
      "widths": [
        37.320286663523554,
        37.35328950026519,
        37.39712793941037,
        37.34210469535122,
        37.39482145975893,
        37.345792289866644,
        37.40877344105488,
        37.304032379468204,
        37.30954837004226,
        37.380815908889524,
        37.407824428659474,
        37.39321118552605,
        37.34810776410555,
        37.33824818245983,
        37.36087095953526,
        37.386838967163285,
        37.331754652946536,
        37.34194431395838,
        37.332741139074535,
        37.31282615886028
      ],
      "mean": 37.355548019996,
      "std": 0.032898956682882764
    },
    "200": {
      "widths": [
        37.37830139803665,
        37.32636469971541,
        37.30955132447086,
        37.374796803465976,
        37.30953629307218,
        37.36288162722547,
        37.2825872710435,
        37.33107045585954,
        37.33217182638315,
        37.31869457367037,
        37.32762561439418,
        37.306953646516014,
        37.32264736307977,
        37.32042103754825,
        37.31038463545182,
        37.33078099077577,
        37.396192743572556,
        37.35725715544003,
        37.315993325133824,
        37.36616621803233
      ],
      "mean": 37.334018950144376,
      "std": 0.028307496009338424
    },
    "300": {
      "widths": [
        37.33666121934066,
        37.30418153569224,
        37.36665424626964,
        37.37654047551606,
        37.36020590411021,
        37.25193780068193,
        37.359620289947976,
        37.37674958237554,
        37.35970820163641,
        37.337958544757974,
        37.322250538193195,
        37.353177079401235,
        37.369508061020866,
        37.316006521268235,
        37.35561523433133,
        37.361642265470515,
        37.35792372810452,
        37.36636751122989,
        37.337433291251514,
        37.34328025828368
      ],
      "mean": 37.34567111444419,
      "std": 0.02886953460477114
    }
  }
}