{
  "model_path": "/lustre/fswork/projects/rech/aik/uhr51mx/ErrorVolumePolytopes/checkpoints/fashion_mlp_best.pth",
  "data_path": "/lustre/fswork/projects/rech/aik/uhr51mx/ErrorVolumePolytopes/data/fashionMNIST_correct_mlp.pt",
  "sample_idx": 36,
  "bits": 4,
  "n_replications": 20,
  "n_workers": 40,
  "elapsed_total_s": 4588.42,
  "n_directions_grid": [
    10,
    20,
    30,
    50,
    75,
    100,
    150,
    200
  ],
  "results": {
    "10": {
      "widths": [
        37.7200744324055,
        37.7200744324055,
        37.7200744324055,
        37.7200744324055,
        37.7200744324055,
        37.7200744324055,
        37.7200744324055,
        37.7200744324055,
        37.7200744324055,
        37.7200744324055,
        37.7200744324055,
        37.7200744324055,
        37.7200744324055,
        37.7200744324055,
        37.7200744324055,
        37.7200744324055,
        37.7200744324055,
        37.7200744324055,
        37.7200744324055,
        37.7200744324055
      ],
      "mean": 37.72007443240549,
      "std": 7.105427357601002e-15
    },
    "20": {
      "widths": [
        37.813548759235736,
        37.813548759235736,
        37.813548759235736,
        37.813548759235736,
        37.813548759235736,
        37.813548759235736,
        37.813548759235736,
        37.813548759235736,
        37.813548759235736,
        37.813548759235736,
        37.813548759235736,
        37.813548759235736,
        37.813548759235736,
        37.813548759235736,
        37.813548759235736,
        37.813548759235736,
        37.813548759235736,
        37.813548759235736,
        37.813548759235736,
        37.813548759235736
      ],
      "mean": 37.81354875923573,
      "std": 7.105427357601002e-15
    },
    "30": {
      "widths": [
        37.85255920057058,
        37.85255920057058,
        37.85255920057058,
        37.85255920057058,
        37.85255920057058,
        37.85255920057058,
        37.85255920057058,
        37.85255920057058,
        37.85255920057058,
        37.85255920057058,
        37.85255920057058,
        37.85255920057058,
        37.85255920057058,
        37.85255920057058,
        37.85255920057058,
        37.85255920057058,
        37.85255920057058,
        37.85255920057058,
        37.85255920057058,
        37.85255920057058
      ],
      "mean": 37.85255920057058,
      "std": 0.0
    },
    "50": {
      "widths": [
        37.879401681474526,
        37.879401681474526,
        37.879401681474526,
        37.879401681474526,
        37.879401681474526,
        37.879401681474526,
        37.879401681474526,
        37.879401681474526,
        37.879401681474526,
        37.879401681474526,
        37.879401681474526,
        37.879401681474526,
        37.879401681474526,
        37.879401681474526,
        37.879401681474526,
        37.879401681474526,
        37.879401681474526,
        37.879401681474526,
        37.879401681474526,
        37.879401681474526
      ],
      "mean": 37.879401681474526,
      "std": 0.0
    },
    "75": {
      "widths": [
        37.90790558428507,
        37.90790558428507,
        37.90790558428507,
        37.90790558428507,
        37.90790558428507,
        37.90790558428507,
        37.90790558428507,
        37.90790558428507,
        37.90790558428507,
        37.90790558428507,
        37.90790558428507,
        37.90790558428507,
        37.90790558428507,
        37.90790558428507,
        37.90790558428507,
        37.90790558428507,
        37.90790558428507,
        37.90790558428507,
        37.90790558428507,
        37.90790558428507
      ],
      "mean": 37.907905584285075,
      "std": 7.105427357601002e-15
    },
    "100": {
      "widths": [
        37.90903841441807,
        37.90903841441807,
        37.90903841441807,
        37.90903841441807,
        37.90903841441807,
        37.90903841441807,
        37.90903841441807,
        37.90903841441807,
        37.90903841441807,
        37.90903841441807,
        37.90903841441807,
        37.90903841441807,
        37.90903841441807,
        37.90903841441807,
        37.90903841441807,
        37.90903841441807,
        37.90903841441807,
        37.90903841441807,
        37.90903841441807,
        37.90903841441807
      ],
      "mean": 37.90903841441808,
      "std": 7.105427357601002e-15
    },
    "150": {
      "widths": [
        37.91523601191385,
        37.91523601191385,
        37.91523601191385,
        37.91523601191385,
        37.91523601191385,
        37.91523601191385,
        37.91523601191385,
        37.91523601191385,
        37.91523601191385,
        37.91523601191385,
        37.91523601191385,
        37.91523601191385,
        37.91523601191385,
        37.91523601191385,
        37.91523601191385,
        37.91523601191385,
        37.91523601191385,
        37.91523601191385,
        37.91523601191385,
        37.91523601191385
      ],
      "mean": 37.91523601191385,
      "std": 0.0
    },
    "200": {
      "widths": [
        37.90446437674976,
        37.90446437674976,
        37.90446437674976,
        37.90446437674976,
        37.90446437674976,
        37.90446437674976,
        37.90446437674976,
        37.90446437674976,
        37.90446437674976,
        37.90446437674976,
        37.90446437674976,
        37.90446437674976,
        37.90446437674976,
        37.90446437674976,
        37.90446437674976,
        37.90446437674976,
        37.90446437674976,
        37.90446437674976,
        37.90446437674976,
        37.90446437674976
      ],
      "mean": 37.90446437674975,
      "std": 7.105427357601002e-15
    }
  }
}