{
  "model_path": "/lustre/fswork/projects/rech/aik/uhr51mx/ErrorVolumePolytopes/checkpoints/fashion_mlp_best.pth",
  "data_path": "/lustre/fswork/projects/rech/aik/uhr51mx/ErrorVolumePolytopes/data/fashionMNIST_correct_mlp.pt",
  "sample_idx": 19,
  "bits": 4,
  "n_replications": 20,
  "n_workers": 40,
  "elapsed_total_s": 4174.4,
  "n_directions_grid": [
    10,
    20,
    30,
    50,
    75,
    100,
    150,
    200
  ],
  "results": {
    "10": {
      "widths": [
        37.83538535720152,
        37.83538535720152,
        37.83538535720152,
        37.83538535720152,
        37.83538535720152,
        37.83538535720152,
        37.83538535720152,
        37.83538535720152,
        37.83538535720152,
        37.83538535720152,
        37.83538535720152,
        37.83538535720152,
        37.83538535720152,
        37.83538535720152,
        37.83538535720152,
        37.83538535720152,
        37.83538535720152,
        37.83538535720152,
        37.83538535720152,
        37.83538535720152
      ],
      "mean": 37.83538535720152,
      "std": 0.0
    },
    "20": {
      "widths": [
        37.792660093800095,
        37.792660093800095,
        37.792660093800095,
        37.792660093800095,
        37.792660093800095,
        37.792660093800095,
        37.792660093800095,
        37.792660093800095,
        37.792660093800095,
        37.792660093800095,
        37.792660093800095,
        37.792660093800095,
        37.792660093800095,
        37.792660093800095,
        37.792660093800095,
        37.792660093800095,
        37.792660093800095,
        37.792660093800095,
        37.792660093800095,
        37.792660093800095
      ],
      "mean": 37.7926600938001,
      "std": 7.105427357601002e-15
    },
    "30": {
      "widths": [
        37.79867298934822,
        37.79867298934822,
        37.79867298934822,
        37.79867298934822,
        37.79867298934822,
        37.79867298934822,
        37.79867298934822,
        37.79867298934822,
        37.79867298934822,
        37.79867298934822,
        37.79867298934822,
        37.79867298934822,
        37.79867298934822,
        37.79867298934822,
        37.79867298934822,
        37.79867298934822,
        37.79867298934822,
        37.79867298934822,
        37.79867298934822,
        37.79867298934822
      ],
      "mean": 37.79867298934822,
      "std": 0.0
    },
    "50": {
      "widths": [
        37.75036563160772,
        37.75036563160772,
        37.75036563160772,
        37.75036563160772,
        37.75036563160772,
        37.75036563160772,
        37.75036563160772,
        37.75036563160772,
        37.75036563160772,
        37.75036563160772,
        37.75036563160772,
        37.75036563160772,
        37.75036563160772,
        37.75036563160772,
        37.75036563160772,
        37.75036563160772,
        37.75036563160772,
        37.75036563160772,
        37.75036563160772,
        37.75036563160772
      ],
      "mean": 37.750365631607714,
      "std": 7.105427357601002e-15
    },
    "75": {
      "widths": [
        37.655619032107445,
        37.655619032107445,
        37.655619032107445,
        37.655619032107445,
        37.655619032107445,
        37.655619032107445,
        37.655619032107445,
        37.655619032107445,
        37.655619032107445,
        37.655619032107445,
        37.655619032107445,
        37.655619032107445,
        37.655619032107445,
        37.655619032107445,
        37.655619032107445,
        37.655619032107445,
        37.655619032107445,
        37.655619032107445,
        37.655619032107445,
        37.655619032107445
      ],
      "mean": 37.655619032107445,
      "std": 0.0
    },
    "100": {
      "widths": [
        37.739020667912534,
        37.739020667912534,
        37.739020667912534,
        37.739020667912534,
        37.739020667912534,
        37.739020667912534,
        37.739020667912534,
        37.739020667912534,
        37.739020667912534,
        37.739020667912534,
        37.739020667912534,
        37.739020667912534,
        37.739020667912534,
        37.739020667912534,
        37.739020667912534,
        37.739020667912534,
        37.739020667912534,
        37.739020667912534,
        37.739020667912534,
        37.739020667912534
      ],
      "mean": 37.739020667912534,
      "std": 0.0
    },
    "150": {
      "widths": [
        37.74875663788564,
        37.74875663788564,
        37.74875663788564,
        37.74875663788564,
        37.74875663788564,
        37.74875663788564,
        37.74875663788564,
        37.74875663788564,
        37.74875663788564,
        37.74875663788564,
        37.74875663788564,
        37.74875663788564,
        37.74875663788564,
        37.74875663788564,
        37.74875663788564,
        37.74875663788564,
        37.74875663788564,
        37.74875663788564,
        37.74875663788564,
        37.74875663788564
      ],
      "mean": 37.74875663788565,
      "std": 7.105427357601002e-15
    },
    "200": {
      "widths": [
        37.72107529036356,
        37.72107529036356,
        37.72107529036356,
        37.72107529036356,
        37.72107529036356,
        37.72107529036356,
        37.72107529036356,
        37.72107529036356,
        37.72107529036356,
        37.72107529036356,
        37.72107529036356,
        37.72107529036356,
        37.72107529036356,
        37.72107529036356,
        37.72107529036356,
        37.72107529036356,
        37.72107529036356,
        37.72107529036356,
        37.72107529036356,
        37.72107529036356
      ],
      "mean": 37.72107529036357,
      "std": 1.4210854715202004e-14
    }
  }
}