{
  "model_path": "/lustre/fswork/projects/rech/aik/uhr51mx/ErrorVolumePolytopes/checkpoints/fashion_mlp_best.pth",
  "data_path": "/lustre/fswork/projects/rech/aik/uhr51mx/ErrorVolumePolytopes/data/fashionMNIST_correct_mlp.pt",
  "sample_idx": 31,
  "bits": 4,
  "n_replications": 20,
  "n_workers": 40,
  "elapsed_total_s": 10838.78,
  "n_directions_grid": [
    10,
    20,
    30,
    50,
    75,
    100,
    150,
    200,
    300
  ],
  "results": {
    "10": {
      "widths": [
        35.04015551017434,
        35.226459168933424,
        35.452020444468836,
        35.013037600699036,
        35.110175413471524,
        34.87697590887497,
        35.040213594046996,
        35.019690616463414,
        35.25754490850981,
        35.436163013991,
        35.14259315573752,
        35.354052422227035,
        35.24274265512964,
        35.15837243924865,
        35.13938817456452,
        35.09095962237638,
        34.98109112048006,
        35.14698095948638,
        35.21946827625225,
        35.275602363492304
      ],
      "mean": 35.16118436843141,
      "std": 0.14613436095720433
    },
    "20": {
      "widths": [
        35.0856734658086,
        35.21068830063461,
        35.079499065514234,
        35.14315869113829,
        35.076287419443574,
        35.10335314886309,
        35.49626382138116,
        35.21298923064758,
        35.35886004479316,
        34.924659489485336,
        35.1580649167933,
        35.18768886193166,
        35.104018317107226,
        35.08720401644696,
        35.18543361822484,
        35.13170470643579,
        35.21067569238029,
        35.03875675520803,
        35.14876831795518,
        35.18722569125755
      ],
      "mean": 35.15654867857253,
      "std": 0.11498572519369468
    },
    "30": {
      "widths": [
        35.13460720285717,
        35.132129557863394,
        35.12401194777966,
        35.0501296914594,
        35.25530893347079,
        35.18690110167991,
        35.191771174894704,
        35.19680541700309,
        35.051129603884775,
        35.0866234636839,
        35.110255962494584,
        35.02040944653757,
        35.19688915353163,
        35.245802405014075,
        35.174662165624525,
        34.83698240807974,
        35.15488284299394,
        35.07751872731793,
        35.242531847803136,
        35.210856248742786
      ],
      "mean": 35.13401046513583,
      "std": 0.09543397116002812
    },
    "50": {
      "widths": [
        35.3145841712449,
        35.04247493165844,
        35.107703046047746,
        35.09382646213865,
        35.087642694719044,
        35.13897213829178,
        35.10055152256794,
        35.23051514790751,
        35.09738827445366,
        35.10595235128566,
        35.05696716847346,
        35.12535952492809,
        35.074245772773516,
        35.28441254935204,
        35.13037107223103,
        35.02689046477397,
        35.098287600384324,
        34.98778012952559,
        35.243512886951564,
        35.134602240540474
      ],
      "mean": 35.12410200751247,
      "std": 0.08197749832137483
    },
    "75": {
      "widths": [
        35.14066049376963,
        35.06662283818395,
        35.08249319229325,
        35.12464161078788,
        35.21638546338323,
        35.040881530571646,
        35.100240597922046,
        35.170715408400554,
        35.15734224319738,
        35.16833768301463,
        35.10387156017078,
        35.204288369565454,
        35.00019482630876,
        35.09325724300164,
        35.192506191535635,
        35.111560257690265,
        35.1212302036282,
        35.06514718514902,
        35.14692371814839,
        35.106355854808726
      ],
      "mean": 35.12068282357656,
      "std": 0.054139260379840015
    },
    "100": {
      "widths": [
        35.09855422137136,
        35.12428027124336,
        35.22164037701628,
        35.11530195247823,
        35.122371914441835,
        35.09172784741236,
        35.16395329747881,
        35.16062005884619,
        34.98228691365319,
        35.11710337708032,
        35.16782343367211,
        35.02213327229215,
        35.12784980007349,
        35.06138732246277,
        35.125485979625076,
        35.1728673055024,
        35.0619692025984,
        35.102344646024704,
        35.14575399727603,
        35.15429448891081
      ],
      "mean": 35.116987483973006,
      "std": 0.05371938081005353
    },
    "150": {
      "widths": [
        35.138924132788446,
        35.13979061877157,
        35.10330898792645,
        35.14813229166358,
        35.07382239122728,
        35.08929793203418,
        35.131578408603445,
        35.17631449084085,
        35.118458375743856,
        35.158822736443675,
        35.150909332808844,
        35.16346971011453,
        35.12809658697719,
        35.13845047282653,
        35.101947515778726,
        35.107136326107714,
        35.182133364134856,
        35.1857887099283,
        35.142542248143414,
        35.12682321993628
      ],
      "mean": 35.13528739263998,
      "std": 0.02959850768896842
    },
    "200": {
      "widths": [
        35.12972482813481,
        35.11719469614769,
        35.11247738113745,
        35.09830934357537,
        35.14199195038164,
        35.131463948797034,
        35.098664913730616,
        35.13107266915218,
        35.11568060487853,
        35.098460574564726,
        35.13686136071245,
        35.123777389371895,
        35.08392295435263,
        35.116306023296815,
        35.11097966808775,
        35.098914251374715,
        35.09774888189004,
        35.14022862308502,
        35.13830213742549,
        35.12197896477252
      ],
      "mean": 35.117203058243476,
      "std": 0.01663048806103931
    },
    "300": {
      "widths": [
        35.133282122205735,
        35.08479491451894,
        35.158834479449894,
        35.129012588131175,
        35.128449562790244,
        35.13988184286189,
        35.167324928397164,
        35.16072428043347,
        35.14279133671936,
        35.169025706014956,
        35.15707410884176,
        35.17265062168298,
        35.15970024626235,
        35.13477473870133,
        35.12917451494819,
        35.12691508008629,
        35.13023741624628,
        35.151983224925054,
        35.13266718700427,
        35.1423346071886
      ],
      "mean": 35.142581675370494,
      "std": 0.01994275849838122
    }
  }
}