{
  "model_path": "/lustre/fswork/projects/rech/aik/uhr51mx/ErrorVolumePolytopes/checkpoints/fashion_mlp_best.pth",
  "data_path": "/lustre/fswork/projects/rech/aik/uhr51mx/ErrorVolumePolytopes/data/fashionMNIST_correct_mlp.pt",
  "sample_idx": 21,
  "bits": 4,
  "n_replications": 20,
  "n_workers": 40,
  "elapsed_total_s": 5763.03,
  "n_directions_grid": [
    10,
    20,
    30,
    50,
    75,
    100,
    150,
    200,
    300
  ],
  "results": {
    "10": {
      "widths": [
        38.377937183983065,
        38.35602554701795,
        38.10955254147583,
        38.23837228201689,
        38.3213267738531,
        38.31789463237716,
        38.20676880499116,
        38.30650949552771,
        38.389980652342715,
        38.28382114308801,
        38.34418329070083,
        38.10708081921776,
        38.43080012804837,
        38.369334984964915,
        38.27685386516738,
        38.373534611696435,
        38.213248844478144,
        38.51295072243458,
        38.166925902073075,
        38.34357785038156
      ],
      "mean": 38.30233400379183,
      "std": 0.10162447154668222
    },
    "20": {
      "widths": [
        38.3372576635178,
        38.31969886448556,
        38.36257138492824,
        38.20404152471061,
        38.49252118435972,
        38.249087318900514,
        38.22370444040877,
        38.142539157725224,
        38.3425522414525,
        38.34777694111311,
        38.320016072128375,
        38.418027607133965,
        38.2332215114173,
        38.226127298162965,
        38.35114658350634,
        38.373635999548085,
        38.20121346788608,
        38.30319060747293,
        38.34502139613409,
        38.29852409512532
      ],
      "mean": 38.30459376800589,
      "std": 0.0815248724445518
    },
    "30": {
      "widths": [
        38.2517436520852,
        38.18070304605646,
        38.237463113373835,
        38.25464016758967,
        38.31490311725505,
        38.286595587048005,
        38.36102704288762,
        38.3832282924583,
        38.25556955596436,
        38.23195901033502,
        38.47474831593294,
        38.25342350121935,
        38.31117689068378,
        38.366485763322245,
        38.26565277032316,
        38.32338673859361,
        38.32353342472821,
        38.42267266081872,
        38.24784989048957,
        38.209431592998676
      ],
      "mean": 38.29780970670819,
      "std": 0.07266103055826727
    },
    "50": {
      "widths": [
        38.34093247143973,
        38.27562121492729,
        38.2226684564914,
        38.328926374777126,
        38.25360643173761,
        38.32492841036089,
        38.380927924819545,
        38.28301501344968,
        38.38134290614982,
        38.2628898416531,
        38.232938622821614,
        38.43584525838495,
        38.290755068589334,
        38.29019783724024,
        38.29866759338488,
        38.269030802703995,
        38.24950228510773,
        38.28077274245539,
        38.21119060578429,
        38.28420538473947
      ],
      "mean": 38.294898262350905,
      "std": 0.055372125498119006
    },
    "75": {
      "widths": [
        38.30058498527624,
        38.30727420375334,
        38.27952048616379,
        38.26688546529758,
        38.315409579930446,
        38.316426373095574,
        38.34725031681552,
        38.29103207444539,
        38.34382595024637,
        38.29179572567833,
        38.37418717695693,
        38.278048164729775,
        38.26726644126017,
        38.30718995383321,
        38.270285132545,
        38.24604447791148,
        38.2217916547983,
        38.278392133021796,
        38.311886217545066,
        38.3175085208947
      ],
      "mean": 38.29663025170995,
      "std": 0.03470209293235283
    },
    "100": {
      "widths": [
        38.32057083121552,
        38.367111730259815,
        38.30973130017321,
        38.25747577683628,
        38.27092562139217,
        38.252216022894615,
        38.32581082161116,
        38.33735436433368,
        38.31536126208873,
        38.250081816268306,
        38.27675131090886,
        38.38171862762547,
        38.37349555264741,
        38.30162085539259,
        38.26497624282395,
        38.34107555261507,
        38.38652385922131,
        38.30886186963678,
        38.29772284636582,
        38.331127988078435
      ],
      "mean": 38.31352571261946,
      "std": 0.04193136850125239
    },
    "150": {
      "widths": [
        38.27145920049888,
        38.26760811017839,
        38.31188511156912,
        38.27857162051749,
        38.28095266008605,
        38.35777213708757,
        38.32207387511069,
        38.2672053898808,
        38.32752065821703,
        38.264609614589205,
        38.28811479547375,
        38.36223604176011,
        38.38064622090996,
        38.30188110736145,
        38.29801580845452,
        38.27565131191619,
        38.37983722949638,
        38.27231347371565,
        38.30490777270782,
        38.256866114070895
      ],
      "mean": 38.3035064126801,
      "std": 0.03849366786474882
    },
    "200": {
      "widths": [
        38.28469505454832,
        38.33496920821321,
        38.27843447250972,
        38.296523695386675,
        38.30044051855852,
        38.35844592808911,
        38.328397441982005,
        38.26102413255068,
        38.26404477636054,
        38.30383636978293,
        38.287152633744036,
        38.28345226741985,
        38.31283515035691,
        38.29624552565563,
        38.340165105415096,
        38.307521337239926,
        38.258468130949666,
        38.266756326165286,
        38.25649375856702,
        38.299612037659266
      ],
      "mean": 38.29597569355772,
      "std": 0.02799106934390321
    },
    "300": {
      "widths": [
        38.27400320702902,
        38.311479715415544,
        38.300611661109016,
        38.33057899596567,
        38.331611291452255,
        38.29278742660401,
        38.32421981610465,
        38.278838533716495,
        38.29769146341274,
        38.290137350725544,
        38.27054031705887,
        38.31553375346729,
        38.29539702321623,
        38.30365272423288,
        38.31102047981369,
        38.33058113968309,
        38.32849043875245,
        38.284996073658824,
        38.30723322538339,
        38.329315917963406
      ],
      "mean": 38.30543602773825,
      "std": 0.019351077968653173
    }
  }
}