{
  "model_path": "/lustre/fswork/projects/rech/aik/uhr51mx/ErrorVolumePolytopes/checkpoints/fashion_mlp_best.pth",
  "data_path": "/lustre/fswork/projects/rech/aik/uhr51mx/ErrorVolumePolytopes/data/fashionMNIST_correct_mlp.pt",
  "sample_idx": 36,
  "bits": 4,
  "n_replications": 20,
  "n_workers": 40,
  "elapsed_total_s": 6989.31,
  "n_directions_grid": [
    10,
    20,
    30,
    50,
    75,
    100,
    150,
    200,
    300
  ],
  "results": {
    "10": {
      "widths": [
        37.90002345460562,
        37.83478187863013,
        37.86306191434354,
        37.998028442791124,
        37.816601231001115,
        37.65749892993744,
        37.748167707811234,
        37.73280025953652,
        38.01339302464339,
        37.96557982072575,
        37.839099984291465,
        37.98873649488493,
        37.723579995314445,
        38.0041733852164,
        37.83736870980016,
        37.82158358775044,
        37.84052699324646,
        38.08822340949255,
        37.80941237617515,
        37.59804630644509
      ],
      "mean": 37.85403439533215,
      "std": 0.12427357344136536
    },
    "20": {
      "widths": [
        37.98702357686105,
        37.78816915828538,
        37.80337121027579,
        37.970703145318765,
        37.887086948066575,
        37.852169786169966,
        37.8675796298282,
        38.070127407007405,
        37.7379153922851,
        37.97586566248519,
        37.712294424648114,
        37.86080136991744,
        37.768822622740736,
        37.98527002304924,
        37.879967310868565,
        38.104552130378615,
        37.92642186276315,
        37.860793015934746,
        37.691430487315415,
        38.05367065303589
      ],
      "mean": 37.88920179086176,
      "std": 0.11606068985887041
    },
    "30": {
      "widths": [
        37.864812797288984,
        37.938094483339505,
        37.85671069819544,
        37.78590502402384,
        37.73892545702888,
        37.68323514582256,
        37.80472837020568,
        37.84668796750383,
        38.05815088691934,
        37.954083290473406,
        37.937832228242286,
        37.79202355650255,
        37.886441509354526,
        37.872232256092715,
        37.801290982686396,
        37.7928439276282,
        37.86403192151918,
        37.68942477936725,
        37.96746633312761,
        37.924721544671065
      ],
      "mean": 37.85298215799967,
      "std": 0.09279666747962435
    },
    "50": {
      "widths": [
        37.80927969191537,
        37.88735645937365,
        37.835022096020055,
        37.98904397054474,
        37.811521585867006,
        37.84169556043799,
        37.86470949215093,
        37.9814516340393,
        37.82014140363676,
        37.847795024298456,
        37.88059445497785,
        37.894822552550984,
        37.886551302780674,
        37.838053971223935,
        37.85005336140287,
        37.795680217618326,
        37.80119725732463,
        37.97272029867909,
        37.88192302723387,
        37.888518643915816
      ],
      "mean": 37.86890660029961,
      "std": 0.05600135982823758
    },
    "75": {
      "widths": [
        37.9249484263217,
        37.85898665111472,
        37.886520348560296,
        37.88867002458592,
        37.903159102092346,
        37.90092944571132,
        37.89445823122797,
        37.86464382427097,
        37.8025972804838,
        37.868271256406395,
        37.91458283125456,
        37.84987037401808,
        37.879626088106875,
        37.8617703557332,
        37.895328877180184,
        37.898489864401384,
        37.86450623817377,
        37.86073448389452,
        37.748927212798264,
        37.863453399874025
      ],
      "mean": 37.87152371581052,
      "std": 0.03858030529418736
    },
    "100": {
      "widths": [
        37.917676381723695,
        37.85070490975109,
        37.807795559504264,
        37.92108395578471,
        37.91843412445643,
        37.865779753933026,
        37.882345298968524,
        37.78053622059553,
        37.8988810675497,
        37.901270170131625,
        37.87858707929764,
        37.8681897317531,
        37.8595170962843,
        37.88805234778128,
        37.82979166850428,
        37.8344303734419,
        37.83197398617404,
        37.84441056572254,
        37.85267923248305,
        37.84870097296902
      ],
      "mean": 37.864042024840494,
      "std": 0.03673914561020041
    },
    "150": {
      "widths": [
        37.863249771110816,
        37.82216895365367,
        37.84204133531133,
        37.94152516852354,
        37.92116545615444,
        37.87469016636818,
        37.78895680042677,
        37.8436168932514,
        37.91778081741263,
        37.86599419133872,
        37.79878907182589,
        37.859072182572795,
        37.857765510133355,
        37.86234059506359,
        37.915312701210716,
        37.83761366952411,
        37.832298300767164,
        37.925220964749315,
        37.922060347298505,
        37.84497047826069
      ],
      "mean": 37.866831668747885,
      "std": 0.0427443421311527
    },
    "200": {
      "widths": [
        37.86720613721764,
        37.88508844393857,
        37.89724306642529,
        37.861534217067096,
        37.84716994621152,
        37.893267191573585,
        37.87448796755692,
        37.84935387409026,
        37.83655431969581,
        37.82496821571205,
        37.86569630369697,
        37.90450853084918,
        37.846976765826966,
        37.87987270160105,
        37.8644537982919,
        37.85021872757709,
        37.84821247522577,
        37.86199267371643,
        37.9179520973791,
        37.868020624634035
      ],
      "mean": 37.867238903914355,
      "std": 0.02307963951775942
    },
    "300": {
      "widths": [
        37.891601607466995,
        37.84678241522624,
        37.863097236503705,
        37.9130135460219,
        37.86528528023546,
        37.86329728459116,
        37.85161502969566,
        37.83070033290265,
        37.85443592391831,
        37.89103589311298,
        37.883409387708184,
        37.85192980747452,
        37.92213133292028,
        37.87400417372582,
        37.84537912626268,
        37.84912869366262,
        37.85001148614739,
        37.824706617828014,
        37.82637787521057,
        37.85482985494372
      ],
      "mean": 37.862638645277954,
      "std": 0.025806965346068845
    }
  }
}