{
  "model_path": "/lustre/fswork/projects/rech/aik/uhr51mx/ErrorVolumePolytopes/checkpoints/fashion_mlp_best.pth",
  "data_path": "/lustre/fswork/projects/rech/aik/uhr51mx/ErrorVolumePolytopes/data/fashionMNIST_correct_mlp.pt",
  "sample_idx": 48,
  "bits": 4,
  "n_replications": 20,
  "n_workers": 40,
  "elapsed_total_s": 4284.54,
  "n_directions_grid": [
    10,
    20,
    30,
    50,
    75,
    100,
    150,
    200
  ],
  "results": {
    "10": {
      "widths": [
        37.824282450059926,
        37.824282450059926,
        37.824282450059926,
        37.824282450059926,
        37.824282450059926,
        37.824282450059926,
        37.824282450059926,
        37.824282450059926,
        37.824282450059926,
        37.824282450059926,
        37.824282450059926,
        37.824282450059926,
        37.824282450059926,
        37.824282450059926,
        37.824282450059926,
        37.824282450059926,
        37.824282450059926,
        37.824282450059926,
        37.824282450059926,
        37.824282450059926
      ],
      "mean": 37.82428245005993,
      "std": 7.105427357601002e-15
    },
    "20": {
      "widths": [
        38.000623759959716,
        38.000623759959716,
        38.000623759959716,
        38.000623759959716,
        38.000623759959716,
        38.000623759959716,
        38.000623759959716,
        38.000623759959716,
        38.000623759959716,
        38.000623759959716,
        38.000623759959716,
        38.000623759959716,
        38.000623759959716,
        38.000623759959716,
        38.000623759959716,
        38.000623759959716,
        38.000623759959716,
        38.000623759959716,
        38.000623759959716,
        38.000623759959716
      ],
      "mean": 38.00062375995971,
      "std": 7.105427357601002e-15
    },
    "30": {
      "widths": [
        37.77829631990201,
        37.77829631990201,
        37.77829631990201,
        37.77829631990201,
        37.77829631990201,
        37.77829631990201,
        37.77829631990201,
        37.77829631990201,
        37.77829631990201,
        37.77829631990201,
        37.77829631990201,
        37.77829631990201,
        37.77829631990201,
        37.77829631990201,
        37.77829631990201,
        37.77829631990201,
        37.77829631990201,
        37.77829631990201,
        37.77829631990201,
        37.77829631990201
      ],
      "mean": 37.778296319902005,
      "std": 7.105427357601002e-15
    },
    "50": {
      "widths": [
        37.713077418351006,
        37.713077418351006,
        37.713077418351006,
        37.713077418351006,
        37.713077418351006,
        37.713077418351006,
        37.713077418351006,
        37.713077418351006,
        37.713077418351006,
        37.713077418351006,
        37.713077418351006,
        37.713077418351006,
        37.713077418351006,
        37.713077418351006,
        37.713077418351006,
        37.713077418351006,
        37.713077418351006,
        37.713077418351006,
        37.713077418351006,
        37.713077418351006
      ],
      "mean": 37.713077418351,
      "std": 7.105427357601002e-15
    },
    "75": {
      "widths": [
        37.808884439337454,
        37.808884439337454,
        37.808884439337454,
        37.808884439337454,
        37.808884439337454,
        37.808884439337454,
        37.808884439337454,
        37.808884439337454,
        37.808884439337454,
        37.808884439337454,
        37.808884439337454,
        37.808884439337454,
        37.808884439337454,
        37.808884439337454,
        37.808884439337454,
        37.808884439337454,
        37.808884439337454,
        37.808884439337454,
        37.808884439337454,
        37.808884439337454
      ],
      "mean": 37.80888443933746,
      "std": 7.105427357601002e-15
    },
    "100": {
      "widths": [
        37.79695183798834,
        37.79695183798834,
        37.79695183798834,
        37.79695183798834,
        37.79695183798834,
        37.79695183798834,
        37.79695183798834,
        37.79695183798834,
        37.79695183798834,
        37.79695183798834,
        37.79695183798834,
        37.79695183798834,
        37.79695183798834,
        37.79695183798834,
        37.79695183798834,
        37.79695183798834,
        37.79695183798834,
        37.79695183798834,
        37.79695183798834,
        37.79695183798834
      ],
      "mean": 37.79695183798834,
      "std": 0.0
    },
    "150": {
      "widths": [
        37.82539018018447,
        37.82539018018447,
        37.82539018018447,
        37.82539018018447,
        37.82539018018447,
        37.82539018018447,
        37.82539018018447,
        37.82539018018447,
        37.82539018018447,
        37.82539018018447,
        37.82539018018447,
        37.82539018018447,
        37.82539018018447,
        37.82539018018447,
        37.82539018018447,
        37.82539018018447,
        37.82539018018447,
        37.82539018018447,
        37.82539018018447,
        37.82539018018447
      ],
      "mean": 37.82539018018448,
      "std": 7.105427357601002e-15
    },
    "200": {
      "widths": [
        37.86279803804726,
        37.86279803804726,
        37.86279803804726,
        37.86279803804726,
        37.86279803804726,
        37.86279803804726,
        37.86279803804726,
        37.86279803804726,
        37.86279803804726,
        37.86279803804726,
        37.86279803804726,
        37.86279803804726,
        37.86279803804726,
        37.86279803804726,
        37.86279803804726,
        37.86279803804726,
        37.86279803804726,
        37.86279803804726,
        37.86279803804726,
        37.86279803804726
      ],
      "mean": 37.86279803804725,
      "std": 7.105427357601002e-15
    }
  }
}