{
  "model_path": "/lustre/fswork/projects/rech/aik/uhr51mx/ErrorVolumePolytopes/checkpoints/fashion_mlp_best.pth",
  "data_path": "/lustre/fswork/projects/rech/aik/uhr51mx/ErrorVolumePolytopes/data/fashionMNIST_correct_mlp.pt",
  "sample_idx": 3,
  "bits": 4,
  "n_replications": 20,
  "n_workers": 40,
  "elapsed_total_s": 6854.98,
  "n_directions_grid": [
    10,
    20,
    30,
    50,
    75,
    100,
    150,
    200,
    300
  ],
  "results": {
    "10": {
      "widths": [
        37.63275780503787,
        37.5980537343605,
        37.66159819677934,
        37.928382132263735,
        37.302431233896165,
        37.75674353564572,
        37.6086535118553,
        37.52190067381101,
        37.56530730020326,
        37.77815316156724,
        37.8468362550347,
        37.72812548411555,
        37.89055216009823,
        37.610459556767836,
        37.71147735133633,
        37.798655913109286,
        37.815275863638334,
        37.753464064807474,
        37.6089723077185,
        37.54347838715101
      ],
      "mean": 37.68306393145987,
      "std": 0.14385437724030894
    },
    "20": {
      "widths": [
        37.60741045226355,
        37.752063312163884,
        37.885605579623835,
        37.755049282754285,
        37.86524925809224,
        37.83711546092907,
        37.723082555644055,
        37.79017331981241,
        38.009883888057956,
        37.67142214308233,
        37.60486068145799,
        37.535987155696475,
        37.843887813096934,
        37.69815764959624,
        37.524244065293104,
        37.64698993446435,
        37.560149367691466,
        37.71404466634237,
        37.72324460516842,
        37.74849752226014
      ],
      "mean": 37.724855935674555,
      "std": 0.12268464098814197
    },
    "30": {
      "widths": [
        37.79209424087351,
        37.89420009853517,
        37.73463761239082,
        37.75078952860269,
        37.91402518402411,
        37.68226661755122,
        37.79910518548339,
        37.66662646192501,
        37.78192996635089,
        37.74183460537816,
        37.6738124388887,
        37.622988125120806,
        37.749285100960506,
        37.76129976177175,
        37.7116611461242,
        37.926984915955785,
        37.72666147386786,
        37.684709343486446,
        37.64849996560699,
        37.6955637872569
      ],
      "mean": 37.747948778007746,
      "std": 0.08294281276871672
    },
    "50": {
      "widths": [
        37.75447235974005,
        37.800246456865885,
        37.821266207088996,
        37.72941009310708,
        37.70828827284378,
        37.817441742257586,
        37.66919575748999,
        37.81363496699463,
        37.732530457566924,
        37.7010191890348,
        37.78571962670418,
        37.70792894722758,
        37.75019358280913,
        37.75054274903696,
        37.697901470733626,
        37.68510884366253,
        37.77899212021976,
        37.68447229905488,
        37.78139180169405,
        37.755728170345634
      ],
      "mean": 37.7462742557239,
      "std": 0.04661823339111905
    },
    "75": {
      "widths": [
        37.69023206293789,
        37.74265334418291,
        37.73968304498367,
        37.77681438258248,
        37.76974749781345,
        37.62448884898641,
        37.749837931360055,
        37.72284161769881,
        37.753148526536286,
        37.76871748181572,
        37.76801152540708,
        37.75243083268152,
        37.7605269808633,
        37.715600371083646,
        37.72690666952848,
        37.79734022705736,
        37.69885867665709,
        37.72792284430684,
        37.650634087787644,
        37.761786605694255
      ],
      "mean": 37.73490917799825,
      "std": 0.041624551248515475
    },
    "100": {
      "widths": [
        37.7657995667716,
        37.669672698148,
        37.67972708702333,
        37.74524313556023,
        37.7670667744816,
        37.66850688462275,
        37.82067573904913,
        37.70946173119617,
        37.713895480319536,
        37.72416339469578,
        37.73591333136677,
        37.723740133166764,
        37.675844367555044,
        37.73056589516038,
        37.735962081663445,
        37.652058733126516,
        37.7164445947496,
        37.698036421072686,
        37.74299803862857,
        37.724633829298135
      ],
      "mean": 37.72002049588279,
      "std": 0.038924567931577614
    },
    "150": {
      "widths": [
        37.72890032591036,
        37.72118170402314,
        37.704311007390444,
        37.80742352978622,
        37.736306234057466,
        37.68835363086844,
        37.74605306293601,
        37.776250457029505,
        37.76743899885289,
        37.80660254818817,
        37.78971284743614,
        37.77033675671843,
        37.741278596224454,
        37.72605562089254,
        37.82534572259962,
        37.69940493343395,
        37.69876030416613,
        37.690676920164634,
        37.67980544386245,
        37.74471279611321
      ],
      "mean": 37.742445572032715,
      "std": 0.0422472294081446
    },
    "200": {
      "widths": [
        37.75477933486927,
        37.74630446433301,
        37.74131186076287,
        37.704769967735835,
        37.76579474307028,
        37.731462459240895,
        37.73764213556244,
        37.67124191176113,
        37.74327516365863,
        37.689885452772124,
        37.719342521753696,
        37.76065435373105,
        37.70662834824697,
        37.73670170282948,
        37.7502957175522,
        37.74336609143805,
        37.78856949913179,
        37.78926367998452,
        37.75927939854047,
        37.75734209144632
      ],
      "mean": 37.73989554492105,
      "std": 0.029195960206716564
    },
    "300": {
      "widths": [
        37.745727083552055,
        37.72358456912805,
        37.7843817491307,
        37.780553834607424,
        37.750417890706984,
        37.74790376224685,
        37.7613884140521,
        37.780430600400344,
        37.72096848310088,
        37.756139002522346,
        37.71498003889312,
        37.7555222731977,
        37.69183144264891,
        37.738696513200196,
        37.70450348590994,
        37.73637651737167,
        37.756593203683856,
        37.765504063767175,
        37.686574055179754,
        37.73247313865934
      ],
      "mean": 37.74172750609797,
      "std": 0.02742394625696981
    }
  }
}