{
  "model_path": "/lustre/fswork/projects/rech/aik/uhr51mx/ErrorVolumePolytopes/checkpoints/fashion_mlp_best.pth",
  "data_path": "/lustre/fswork/projects/rech/aik/uhr51mx/ErrorVolumePolytopes/data/fashionMNIST_correct_mlp.pt",
  "sample_idx": 14,
  "bits": 4,
  "n_replications": 20,
  "n_workers": 40,
  "elapsed_total_s": 5873.56,
  "n_directions_grid": [
    10,
    20,
    30,
    50,
    75,
    100,
    150,
    200,
    300
  ],
  "results": {
    "10": {
      "widths": [
        38.81034715833147,
        38.76261932257097,
        38.47522323178088,
        38.745952342385195,
        38.83621893524232,
        38.70786615600342,
        38.545012095302695,
        38.546481697141935,
        38.41698391893961,
        38.60975500726081,
        38.386797759124185,
        38.64428829542582,
        38.60823494264407,
        38.78010289068963,
        38.44116310025679,
        38.494424443302464,
        38.58653996066116,
        38.78165960375668,
        38.65751890313711,
        38.45322517094739
      ],
      "mean": 38.61452074674523,
      "std": 0.1386699691663173
    },
    "20": {
      "widths": [
        38.62387266998478,
        38.596861833685104,
        38.707188141463526,
        38.72443244018892,
        38.81040403431747,
        38.661571796725255,
        38.795795222491265,
        38.60840790138919,
        38.83495798794753,
        38.628222223248336,
        38.69790922759488,
        38.50363666634068,
        38.610733024292855,
        38.83128170848058,
        38.676427982199996,
        38.68127213728901,
        38.72858574499436,
        38.64277220275753,
        38.59286757741414,
        38.653685935033714
      ],
      "mean": 38.68054432289196,
      "std": 0.08558493367405917
    },
    "30": {
      "widths": [
        38.77639270706339,
        38.80813855616625,
        38.61592322376622,
        38.68808786159525,
        38.79299709206046,
        38.63900650551595,
        38.820181304025176,
        38.683659124389436,
        38.69634633541383,
        38.77409365023494,
        38.70178814258523,
        38.63984193955939,
        38.49787687379253,
        38.699887587575176,
        38.74669205272476,
        38.67349432468369,
        38.77993282732371,
        38.63375404785263,
        38.62149131217953,
        38.52928539232544
      ],
      "mean": 38.690943543041655,
      "std": 0.08634992629391339
    },
    "50": {
      "widths": [
        38.724609854829716,
        38.63279942574153,
        38.628584893113434,
        38.66830413682776,
        38.56321609738522,
        38.654407913371344,
        38.628782458063704,
        38.59935486441211,
        38.68353276796325,
        38.73121174310163,
        38.62005795111579,
        38.69742666140763,
        38.633470447473336,
        38.70345217989485,
        38.623074538967906,
        38.73857685959222,
        38.71513342343664,
        38.621868635679455,
        38.63478476690804,
        38.63662681993129
      ],
      "mean": 38.656963821960844,
      "std": 0.04704419388215358
    },
    "75": {
      "widths": [
        38.71845443194935,
        38.72936249877307,
        38.678246760262255,
        38.66854755853621,
        38.64912383294069,
        38.65532349566942,
        38.71058106165506,
        38.66868501919393,
        38.624925454837026,
        38.673619988201544,
        38.6255392617245,
        38.5695196665802,
        38.69375707636799,
        38.719754159781736,
        38.6944804871618,
        38.623850868405086,
        38.72010483059998,
        38.654679635808506,
        38.67800653110414,
        38.637378010237356
      ],
      "mean": 38.669697031489505,
      "std": 0.04000004912108404
    },
    "100": {
      "widths": [
        38.62825161089871,
        38.72347679221706,
        38.597270282609294,
        38.6202070467425,
        38.71094210866575,
        38.646053018550724,
        38.685252498189044,
        38.644930115840054,
        38.61425161462234,
        38.67629946437109,
        38.690638269012844,
        38.60531190298198,
        38.59899548319652,
        38.666337719003195,
        38.69656435819298,
        38.615866056027286,
        38.597308698274134,
        38.65109693396448,
        38.66990927454252,
        38.71627784536413
      ],
      "mean": 38.652762054663334,
      "std": 0.04109246708207262
    },
    "150": {
      "widths": [
        38.67487668272586,
        38.6390976283084,
        38.60087738820777,
        38.63024517072295,
        38.67897536136779,
        38.67565443419896,
        38.62244545094744,
        38.605799732397394,
        38.64516143428262,
        38.703653867702585,
        38.654446195645775,
        38.63485297978973,
        38.62252857720765,
        38.647286084374585,
        38.654020014824916,
        38.72974111304113,
        38.65059454883292,
        38.684546220712534,
        38.633706775240405,
        38.66401672741367
      ],
      "mean": 38.65262631939725,
      "std": 0.031271085258561225
    },
    "200": {
      "widths": [
        38.65279852614491,
        38.6229107476218,
        38.636212762423554,
        38.68180033920745,
        38.60506837156699,
        38.6866791500821,
        38.667199683867054,
        38.669353493625586,
        38.632143650487095,
        38.60864513826854,
        38.67635729670596,
        38.65574480709122,
        38.677817758909754,
        38.693260493589634,
        38.70304820963367,
        38.70124260894284,
        38.687104890852204,
        38.65396309847934,
        38.652758657841204,
        38.63509310314125
      ],
      "mean": 38.65996013942411,
      "std": 0.028686079807481144
    },
    "300": {
      "widths": [
        38.69266065994876,
        38.67143826102233,
        38.650023559221545,
        38.687111512630324,
        38.653828876997665,
        38.645235002550365,
        38.63171613380313,
        38.681494789888774,
        38.66374164478553,
        38.652457179315434,
        38.6872033182727,
        38.64507594389151,
        38.650112954984316,
        38.67177789583054,
        38.67649643161004,
        38.67788882798058,
        38.71040075841726,
        38.665375374037396,
        38.594708075779494,
        38.649624731831466
      ],
      "mean": 38.662918596639955,
      "std": 0.024679862704864466
    }
  }
}