{
  "model_path": "/lustre/fswork/projects/rech/aik/uhr51mx/ErrorVolumePolytopes/checkpoints/fashion_mlp_best.pth",
  "data_path": "/lustre/fswork/projects/rech/aik/uhr51mx/ErrorVolumePolytopes/data/fashionMNIST_correct_mlp.pt",
  "sample_idx": 20,
  "bits": 4,
  "n_replications": 20,
  "n_workers": 40,
  "elapsed_total_s": 4653.91,
  "n_directions_grid": [
    10,
    20,
    30,
    50,
    75,
    100,
    150,
    200
  ],
  "results": {
    "10": {
      "widths": [
        37.539857683003234,
        37.539857683003234,
        37.539857683003234,
        37.539857683003234,
        37.539857683003234,
        37.539857683003234,
        37.539857683003234,
        37.539857683003234,
        37.539857683003234,
        37.539857683003234,
        37.539857683003234,
        37.539857683003234,
        37.539857683003234,
        37.539857683003234,
        37.539857683003234,
        37.539857683003234,
        37.539857683003234,
        37.539857683003234,
        37.539857683003234,
        37.539857683003234
      ],
      "mean": 37.539857683003234,
      "std": 0.0
    },
    "20": {
      "widths": [
        37.49380327659493,
        37.49380327659493,
        37.49380327659493,
        37.49380327659493,
        37.49380327659493,
        37.49380327659493,
        37.49380327659493,
        37.49380327659493,
        37.49380327659493,
        37.49380327659493,
        37.49380327659493,
        37.49380327659493,
        37.49380327659493,
        37.49380327659493,
        37.49380327659493,
        37.49380327659493,
        37.49380327659493,
        37.49380327659493,
        37.49380327659493,
        37.49380327659493
      ],
      "mean": 37.49380327659493,
      "std": 0.0
    },
    "30": {
      "widths": [
        37.379321005983954,
        37.379321005983954,
        37.379321005983954,
        37.379321005983954,
        37.379321005983954,
        37.379321005983954,
        37.379321005983954,
        37.379321005983954,
        37.379321005983954,
        37.379321005983954,
        37.379321005983954,
        37.379321005983954,
        37.379321005983954,
        37.379321005983954,
        37.379321005983954,
        37.379321005983954,
        37.379321005983954,
        37.379321005983954,
        37.379321005983954,
        37.379321005983954
      ],
      "mean": 37.37932100598395,
      "std": 7.105427357601002e-15
    },
    "50": {
      "widths": [
        37.42047688214329,
        37.42047688214329,
        37.42047688214329,
        37.42047688214329,
        37.42047688214329,
        37.42047688214329,
        37.42047688214329,
        37.42047688214329,
        37.42047688214329,
        37.42047688214329,
        37.42047688214329,
        37.42047688214329,
        37.42047688214329,
        37.42047688214329,
        37.42047688214329,
        37.42047688214329,
        37.42047688214329,
        37.42047688214329,
        37.42047688214329,
        37.42047688214329
      ],
      "mean": 37.420476882143284,
      "std": 7.105427357601002e-15
    },
    "75": {
      "widths": [
        37.4464518260397,
        37.4464518260397,
        37.4464518260397,
        37.4464518260397,
        37.4464518260397,
        37.4464518260397,
        37.4464518260397,
        37.4464518260397,
        37.4464518260397,
        37.4464518260397,
        37.4464518260397,
        37.4464518260397,
        37.4464518260397,
        37.4464518260397,
        37.4464518260397,
        37.4464518260397,
        37.4464518260397,
        37.4464518260397,
        37.4464518260397,
        37.4464518260397
      ],
      "mean": 37.446451826039706,
      "std": 7.105427357601002e-15
    },
    "100": {
      "widths": [
        37.44082145103137,
        37.44082145103137,
        37.44082145103137,
        37.44082145103137,
        37.44082145103137,
        37.44082145103137,
        37.44082145103137,
        37.44082145103137,
        37.44082145103137,
        37.44082145103137,
        37.44082145103137,
        37.44082145103137,
        37.44082145103137,
        37.44082145103137,
        37.44082145103137,
        37.44082145103137,
        37.44082145103137,
        37.44082145103137,
        37.44082145103137,
        37.44082145103137
      ],
      "mean": 37.440821451031375,
      "std": 7.105427357601002e-15
    },
    "150": {
      "widths": [
        37.37630466376692,
        37.37630466376692,
        37.37630466376692,
        37.37630466376692,
        37.37630466376692,
        37.37630466376692,
        37.37630466376692,
        37.37630466376692,
        37.37630466376692,
        37.37630466376692,
        37.37630466376692,
        37.37630466376692,
        37.37630466376692,
        37.37630466376692,
        37.37630466376692,
        37.37630466376692,
        37.37630466376692,
        37.37630466376692,
        37.37630466376692,
        37.37630466376692
      ],
      "mean": 37.37630466376693,
      "std": 7.105427357601002e-15
    },
    "200": {
      "widths": [
        37.4085188084141,
        37.4085188084141,
        37.4085188084141,
        37.4085188084141,
        37.4085188084141,
        37.4085188084141,
        37.4085188084141,
        37.4085188084141,
        37.4085188084141,
        37.4085188084141,
        37.4085188084141,
        37.4085188084141,
        37.4085188084141,
        37.4085188084141,
        37.4085188084141,
        37.4085188084141,
        37.4085188084141,
        37.4085188084141,
        37.4085188084141,
        37.4085188084141
      ],
      "mean": 37.4085188084141,
      "std": 0.0
    }
  }
}