{
  "model_path": "/lustre/fswork/projects/rech/aik/uhr51mx/ErrorVolumePolytopes/checkpoints/fashion_mlp_best.pth",
  "data_path": "/lustre/fswork/projects/rech/aik/uhr51mx/ErrorVolumePolytopes/data/fashionMNIST_correct_mlp.pt",
  "sample_idx": 7,
  "bits": 4,
  "n_replications": 20,
  "n_workers": 40,
  "elapsed_total_s": 7094.25,
  "n_directions_grid": [
    10,
    20,
    30,
    50,
    75,
    100,
    150,
    200
  ],
  "results": {
    "10": {
      "widths": [
        35.42337888407136,
        35.42337888407136,
        35.42337888407136,
        35.42337888407136,
        35.42337888407136,
        35.42337888407136,
        35.42337888407136,
        35.42337888407136,
        35.42337888407136,
        35.42337888407136,
        35.42337888407136,
        35.42337888407136,
        35.42337888407136,
        35.42337888407136,
        35.42337888407136,
        35.42337888407136,
        35.42337888407136,
        35.42337888407136,
        35.42337888407136,
        35.42337888407136
      ],
      "mean": 35.423378884071354,
      "std": 7.105427357601002e-15
    },
    "20": {
      "widths": [
        35.45755768526592,
        35.45755768526592,
        35.45755768526592,
        35.45755768526592,
        35.45755768526592,
        35.45755768526592,
        35.45755768526592,
        35.45755768526592,
        35.45755768526592,
        35.45755768526592,
        35.45755768526592,
        35.45755768526592,
        35.45755768526592,
        35.45755768526592,
        35.45755768526592,
        35.45755768526592,
        35.45755768526592,
        35.45755768526592,
        35.45755768526592,
        35.45755768526592
      ],
      "mean": 35.45755768526591,
      "std": 7.105427357601002e-15
    },
    "30": {
      "widths": [
        35.535958240950144,
        35.535958240950144,
        35.535958240950144,
        35.535958240950144,
        35.535958240950144,
        35.535958240950144,
        35.535958240950144,
        35.535958240950144,
        35.535958240950144,
        35.535958240950144,
        35.535958240950144,
        35.535958240950144,
        35.535958240950144,
        35.535958240950144,
        35.535958240950144,
        35.535958240950144,
        35.535958240950144,
        35.535958240950144,
        35.535958240950144,
        35.535958240950144
      ],
      "mean": 35.53595824095014,
      "std": 7.105427357601002e-15
    },
    "50": {
      "widths": [
        35.53192049678142,
        35.53192049678142,
        35.53192049678142,
        35.53192049678142,
        35.53192049678142,
        35.53192049678142,
        35.53192049678142,
        35.53192049678142,
        35.53192049678142,
        35.53192049678142,
        35.53192049678142,
        35.53192049678142,
        35.53192049678142,
        35.53192049678142,
        35.53192049678142,
        35.53192049678142,
        35.53192049678142,
        35.53192049678142,
        35.53192049678142,
        35.53192049678142
      ],
      "mean": 35.53192049678141,
      "std": 7.105427357601002e-15
    },
    "75": {
      "widths": [
        35.561691306612026,
        35.561691306612026,
        35.561691306612026,
        35.561691306612026,
        35.561691306612026,
        35.561691306612026,
        35.561691306612026,
        35.561691306612026,
        35.561691306612026,
        35.561691306612026,
        35.561691306612026,
        35.561691306612026,
        35.561691306612026,
        35.561691306612026,
        35.561691306612026,
        35.561691306612026,
        35.561691306612026,
        35.561691306612026,
        35.561691306612026,
        35.561691306612026
      ],
      "mean": 35.561691306612026,
      "std": 0.0
    },
    "100": {
      "widths": [
        35.45601221091346,
        35.45601221091346,
        35.45601221091346,
        35.45601221091346,
        35.45601221091346,
        35.45601221091346,
        35.45601221091346,
        35.45601221091346,
        35.45601221091346,
        35.45601221091346,
        35.45601221091346,
        35.45601221091346,
        35.45601221091346,
        35.45601221091346,
        35.45601221091346,
        35.45601221091346,
        35.45601221091346,
        35.45601221091346,
        35.45601221091346,
        35.45601221091346
      ],
      "mean": 35.45601221091347,
      "std": 1.4210854715202004e-14
    },
    "150": {
      "widths": [
        35.50836360956123,
        35.50836360956123,
        35.50836360956123,
        35.50836360956123,
        35.50836360956123,
        35.50836360956123,
        35.50836360956123,
        35.50836360956123,
        35.50836360956123,
        35.50836360956123,
        35.50836360956123,
        35.50836360956123,
        35.50836360956123,
        35.50836360956123,
        35.50836360956123,
        35.50836360956123,
        35.50836360956123,
        35.50836360956123,
        35.50836360956123,
        35.50836360956123
      ],
      "mean": 35.50836360956123,
      "std": 0.0
    },
    "200": {
      "widths": [
        35.54552107152039,
        35.54552107152039,
        35.54552107152039,
        35.54552107152039,
        35.54552107152039,
        35.54552107152039,
        35.54552107152039,
        35.54552107152039,
        35.54552107152039,
        35.54552107152039,
        35.54552107152039,
        35.54552107152039,
        35.54552107152039,
        35.54552107152039,
        35.54552107152039,
        35.54552107152039,
        35.54552107152039,
        35.54552107152039,
        35.54552107152039,
        35.54552107152039
      ],
      "mean": 35.54552107152039,
      "std": 0.0
    }
  }
}