{
  "model_path": "checkpoints/fashion_mlp_best.pth",
  "data_path": "data/fashionMNIST_correct_mlp.pt",
  "sample_idx": 42,
  "bits": 4,
  "n_replications": 20,
  "n_workers": 8,
  "elapsed_total_s": 11371.21,
  "n_directions_grid": [
    10,
    20,
    30,
    50,
    75,
    100,
    150,
    200
  ],
  "results": {
    "10": {
      "widths": [
        37.022758921930816,
        37.28604331780253,
        37.1925414809447,
        37.11382230971392,
        37.219007329995165,
        37.338979249067904,
        37.46557054721795,
        37.07263028583529,
        37.231375984119104,
        36.84588947309215,
        37.13527350029028,
        36.91056561849718,
        37.26571938264778,
        37.256967022512946,
        37.169940793877814,
        37.08952508143236,
        37.14668227914245,
        36.95028855326238,
        37.393496425071234,
        37.157445679738224
      ],
      "mean": 37.16322616180961,
      "std": 0.15250318131082954
    },
    "20": {
      "widths": [
        37.19313368094113,
        37.31356896041977,
        37.262760127766775,
        37.12353889126382,
        36.909513434937,
        37.16896530820228,
        37.19209276002647,
        37.06300348684504,
        37.20721600617063,
        37.22724623387934,
        37.00179537589857,
        37.12754964717541,
        37.09673312491366,
        37.24432290432658,
        37.03122750094979,
        36.929737769138384,
        37.17586443473209,
        37.27834879289462,
        36.98619167974608,
        37.31466175215165
      ],
      "mean": 37.142373593618956,
      "std": 0.11948967051777543
    },
    "30": {
      "widths": [
        37.01865121908012,
        37.3699507718522,
        37.132103641520935,
        37.22320478066976,
        37.12379533035702,
        37.23291040241906,
        37.040546187279396,
        37.05309236192159,
        37.17445512812695,
        37.1853228263567,
        37.186930076868364,
        37.05278618359243,
        37.142933847032126,
        37.15352965312432,
        37.06948007250182,
        37.165312470910855,
        37.23511516102672,
        37.15151836263452,
        37.1740127039883,
        37.08235356870967
      ],
      "mean": 37.14840023749864,
      "std": 0.08124989329053774
    },
    "50": {
      "widths": [
        37.1750775874563,
        37.26653639862246,
        37.152870178152185,
        37.16045240793828,
        37.14294896749624,
        37.1862805351943,
        37.19954853263216,
        37.06356701370658,
        37.16059765587372,
        37.08555943546965,
        37.195980323326246,
        37.13844027879587,
        37.216128747406614,
        37.18652310891138,
        37.26452093653262,
        37.15036789442306,
        37.16718677675857,
        37.084239652535125,
        37.282906268024064,
        37.089121638959796
      ],
      "mean": 37.16844271691076,
      "std": 0.059220371135750606
    },
    "75": {
      "widths": [
        37.138677667390446,
        37.11468517151941,
        37.02935672031173,
        37.17017760395774,
        37.148111102322225,
        37.119675575963086,
        37.13064997970702,
        37.18761448333024,
        37.0998134045129,
        37.10528845498201,
        37.21278596164362,
        37.07024198178092,
        37.156521502485184,
        37.172225818486574,
        37.096847264242946,
        37.1639273927354,
        37.05171941468132,
        37.13618336673341,
        37.14124262128635,
        37.111599403705036
      ],
      "mean": 37.12786724458888,
      "std": 0.044176187553610954
    },
    "100": {
      "widths": [
        37.190670616332554,
        37.086971429078254,
        37.116884756590565,
        37.14573860560418,
        37.053359716628414,
        37.159576526636336,
        37.045527115211826,
        37.169538012971664,
        37.15128064013933,
        37.098020818525946,
        37.072701307331315,
        37.07124309329813,
        37.11491157320437,
        37.228181907775664,
        37.173432032271805,
        37.213048909855836,
        37.10362474936786,
        37.18044724904495,
        37.15971561983786,
        37.07185142251079
      ],
      "mean": 37.13033630511088,
      "std": 0.05280339570207132
    },
    "150": {
      "widths": [
        37.0921155710894,
        37.1272961419962,
        37.154074398981855,
        37.11542428065541,
        37.16696983978762,
        37.16115426375716,
        37.125305170371625,
        37.182529948920134,
        37.241985730213834,
        37.19286252951286,
        37.191311689486575,
        37.147965400828134,
        37.14666214374574,
        37.137017035482664,
        37.05758623147092,
        37.133880661195995,
        37.13850769348874,
        37.15322273327696,
        37.186936554557725,
        37.133382089231276
      ],
      "mean": 37.14930950540254,
      "std": 0.03867891462908052
    },
    "200": {
      "widths": [
        37.142469786623195,
        37.171102019408714,
        37.186261313289414,
        37.17661159082065,
        37.15510892125751,
        37.09842693239793,
        37.126290731918864,
        37.157051639944065,
        37.185792671715326,
        37.117303076117885,
        37.14310826235372,
        37.179228388249,
        37.12415933037931,
        37.14540791647941,
        37.114282818583405,
        37.13114017460631,
        37.08133955386113,
        37.125509812479216,
        37.11664228407463,
        37.09923574600499
      ],
      "mean": 37.13882364852823,
      "std": 0.029917042758340846
    }
  }
}