{
  "model_path": "/lustre/fswork/projects/rech/aik/uhr51mx/ErrorVolumePolytopes/checkpoints/fashion_mlp_best.pth",
  "data_path": "/lustre/fswork/projects/rech/aik/uhr51mx/ErrorVolumePolytopes/data/fashionMNIST_correct_mlp.pt",
  "sample_idx": 9,
  "bits": 4,
  "n_replications": 20,
  "n_workers": 40,
  "elapsed_total_s": 6881.6,
  "n_directions_grid": [
    10,
    20,
    30,
    50,
    75,
    100,
    150,
    200,
    300
  ],
  "results": {
    "10": {
      "widths": [
        37.250709867436825,
        37.350583298489966,
        37.53854857582002,
        37.41130699846721,
        37.56213738155794,
        37.39436237013529,
        37.786828898240906,
        37.59248324689921,
        37.72191137005094,
        37.33352880061748,
        37.58304744933314,
        37.45489991402001,
        37.333664586215285,
        37.38520749141292,
        37.51829869787481,
        37.52839692595962,
        37.45335997144282,
        37.38832181055316,
        37.65774516917944,
        37.18219817615136
      ],
      "mean": 37.47137704999292,
      "std": 0.15028062186268817
    },
    "20": {
      "widths": [
        37.374858517724164,
        37.367470886043165,
        37.46074497676102,
        37.38967669838128,
        37.467178669388275,
        37.47939445773564,
        37.44156001258546,
        37.4195655234383,
        37.39840960693603,
        37.46335301158265,
        37.46467619430973,
        37.47990459618041,
        37.444936817323914,
        37.466642122719904,
        37.54134657836596,
        37.21794346981324,
        37.46341639021354,
        37.35062427801592,
        37.088838235270245,
        37.46571324799618
      ],
      "mean": 37.412312714539254,
      "std": 0.09928456275044666
    },
    "30": {
      "widths": [
        37.423546764134926,
        37.44424342531728,
        37.42427437953185,
        37.39189991186253,
        37.40420353704896,
        37.47458559397983,
        37.36485688777394,
        37.45927278115035,
        37.45229529803685,
        37.42592335454458,
        37.38255300694224,
        37.45523079761612,
        37.50653659864716,
        37.29386922351376,
        37.452713333173165,
        37.42227365404908,
        37.474070485892746,
        37.38458728782411,
        37.459231644330394,
        37.36285745854655
      ],
      "mean": 37.42295127119583,
      "std": 0.04807429336969169
    },
    "50": {
      "widths": [
        37.53126712376218,
        37.503843041957666,
        37.466655827223924,
        37.28925259695507,
        37.41155312769403,
        37.40340533536511,
        37.41848803421785,
        37.455542428732095,
        37.43352227364866,
        37.429462993535736,
        37.41919551291945,
        37.2963942263897,
        37.33444936401877,
        37.46788529259356,
        37.46463402892054,
        37.41703756971624,
        37.404981177118195,
        37.37368787634139,
        37.42014401285488,
        37.37191688337444
      ],
      "mean": 37.41566593636697,
      "std": 0.0599019962876433
    },
    "75": {
      "widths": [
        37.41422603943202,
        37.354056565428046,
        37.413965186515725,
        37.35200098607569,
        37.45533250481146,
        37.385927728583596,
        37.35438165613459,
        37.438564301536324,
        37.37782861013437,
        37.3810190164114,
        37.323863404831066,
        37.414868738085765,
        37.39192301262435,
        37.417621707676204,
        37.38385642507381,
        37.46819711895495,
        37.44132169444477,
        37.41612649984684,
        37.41887170834626,
        37.34114278156441
      ],
      "mean": 37.39725478432559,
      "std": 0.03836282941288059
    },
    "100": {
      "widths": [
        37.37269705289652,
        37.444773983564794,
        37.45179463535011,
        37.416934092222334,
        37.433018346454794,
        37.44440470092649,
        37.42755600386497,
        37.37256664231875,
        37.43621117190578,
        37.458385776870266,
        37.38271282623505,
        37.361458768241974,
        37.39169414510762,
        37.46005626177108,
        37.405723749452356,
        37.40172176856813,
        37.42304917505977,
        37.40406504412238,
        37.40123540257139,
        37.4216258924092
      ],
      "mean": 37.415584271995684,
      "std": 0.02886954419521441
    },
    "150": {
      "widths": [
        37.397991864982274,
        37.419264195107836,
        37.40688966936139,
        37.40857204539947,
        37.417738928786896,
        37.44442668927793,
        37.444322454820224,
        37.36448073734523,
        37.35737545994957,
        37.38808041836579,
        37.40633654192124,
        37.41005101435364,
        37.37748132194128,
        37.400790220497,
        37.474282082733005,
        37.46395615954388,
        37.38911216543799,
        37.44666073231402,
        37.437651989777635,
        37.42102681146362
      ],
      "mean": 37.413824575168995,
      "std": 0.03046293983497536
    },
    "200": {
      "widths": [
        37.439126038694106,
        37.38229688345534,
        37.37763888613604,
        37.38547878844955,
        37.44290317872989,
        37.38385845732875,
        37.41203262626519,
        37.3696432976902,
        37.419549519810964,
        37.3859256401669,
        37.4440944376692,
        37.38087279825134,
        37.3805460526377,
        37.453549071800104,
        37.388150475369905,
        37.42039045565951,
        37.420483022576484,
        37.49591216933672,
        37.362289005350355,
        37.41036336378844
      ],
      "mean": 37.40775520845833,
      "std": 0.033436964006269325
    },
    "300": {
      "widths": [
        37.42540895479101,
        37.44323641886221,
        37.35135961902674,
        37.40285740253423,
        37.3404826798451,
        37.40656877310062,
        37.422586829231925,
        37.401710189014786,
        37.43617760538416,
        37.38259026406032,
        37.413401349383406,
        37.38221326287061,
        37.382536774737275,
        37.41864164375914,
        37.38587424616442,
        37.43693666947637,
        37.378923491829575,
        37.399000434177054,
        37.38269978734784,
        37.4109690799906
      ],
      "mean": 37.400208773779376,
      "std": 0.026623092019855264
    }
  }
}