{
  "model_path": "/lustre/fswork/projects/rech/aik/uhr51mx/ErrorVolumePolytopes/checkpoints/fashion_mlp_best.pth",
  "data_path": "/lustre/fswork/projects/rech/aik/uhr51mx/ErrorVolumePolytopes/data/fashionMNIST_correct_mlp.pt",
  "sample_idx": 4,
  "bits": 4,
  "n_replications": 20,
  "n_workers": 40,
  "elapsed_total_s": 4093.46,
  "n_directions_grid": [
    10,
    20,
    30,
    50,
    75,
    100,
    150,
    200
  ],
  "results": {
    "10": {
      "widths": [
        38.48830766889245,
        38.48830766889245,
        38.48830766889245,
        38.48830766889245,
        38.48830766889245,
        38.48830766889245,
        38.48830766889245,
        38.48830766889245,
        38.48830766889245,
        38.48830766889245,
        38.48830766889245,
        38.48830766889245,
        38.48830766889245,
        38.48830766889245,
        38.48830766889245,
        38.48830766889245,
        38.48830766889245,
        38.48830766889245,
        38.48830766889245,
        38.48830766889245
      ],
      "mean": 38.48830766889246,
      "std": 7.105427357601002e-15
    },
    "20": {
      "widths": [
        38.50942494402427,
        38.50942494402427,
        38.50942494402427,
        38.50942494402427,
        38.50942494402427,
        38.50942494402427,
        38.50942494402427,
        38.50942494402427,
        38.50942494402427,
        38.50942494402427,
        38.50942494402427,
        38.50942494402427,
        38.50942494402427,
        38.50942494402427,
        38.50942494402427,
        38.50942494402427,
        38.50942494402427,
        38.50942494402427,
        38.50942494402427,
        38.50942494402427
      ],
      "mean": 38.509424944024275,
      "std": 7.105427357601002e-15
    },
    "30": {
      "widths": [
        38.57333926969486,
        38.57333926969486,
        38.57333926969486,
        38.57333926969486,
        38.57333926969486,
        38.57333926969486,
        38.57333926969486,
        38.57333926969486,
        38.57333926969486,
        38.57333926969486,
        38.57333926969486,
        38.57333926969486,
        38.57333926969486,
        38.57333926969486,
        38.57333926969486,
        38.57333926969486,
        38.57333926969486,
        38.57333926969486,
        38.57333926969486,
        38.57333926969486
      ],
      "mean": 38.57333926969487,
      "std": 7.105427357601002e-15
    },
    "50": {
      "widths": [
        38.514945414117285,
        38.514945414117285,
        38.514945414117285,
        38.514945414117285,
        38.514945414117285,
        38.514945414117285,
        38.514945414117285,
        38.514945414117285,
        38.514945414117285,
        38.514945414117285,
        38.514945414117285,
        38.514945414117285,
        38.514945414117285,
        38.514945414117285,
        38.514945414117285,
        38.514945414117285,
        38.514945414117285,
        38.514945414117285,
        38.514945414117285,
        38.514945414117285
      ],
      "mean": 38.514945414117285,
      "std": 0.0
    },
    "75": {
      "widths": [
        38.485254202677766,
        38.485254202677766,
        38.485254202677766,
        38.485254202677766,
        38.485254202677766,
        38.485254202677766,
        38.485254202677766,
        38.485254202677766,
        38.485254202677766,
        38.485254202677766,
        38.485254202677766,
        38.485254202677766,
        38.485254202677766,
        38.485254202677766,
        38.485254202677766,
        38.485254202677766,
        38.485254202677766,
        38.485254202677766,
        38.485254202677766,
        38.485254202677766
      ],
      "mean": 38.485254202677766,
      "std": 0.0
    },
    "100": {
      "widths": [
        38.52401888730149,
        38.52401888730149,
        38.52401888730149,
        38.52401888730149,
        38.52401888730149,
        38.52401888730149,
        38.52401888730149,
        38.52401888730149,
        38.52401888730149,
        38.52401888730149,
        38.52401888730149,
        38.52401888730149,
        38.52401888730149,
        38.52401888730149,
        38.52401888730149,
        38.52401888730149,
        38.52401888730149,
        38.52401888730149,
        38.52401888730149,
        38.52401888730149
      ],
      "mean": 38.524018887301494,
      "std": 7.105427357601002e-15
    },
    "150": {
      "widths": [
        38.52081299357861,
        38.52081299357861,
        38.52081299357861,
        38.52081299357861,
        38.52081299357861,
        38.52081299357861,
        38.52081299357861,
        38.52081299357861,
        38.52081299357861,
        38.52081299357861,
        38.52081299357861,
        38.52081299357861,
        38.52081299357861,
        38.52081299357861,
        38.52081299357861,
        38.52081299357861,
        38.52081299357861,
        38.52081299357861,
        38.52081299357861,
        38.52081299357861
      ],
      "mean": 38.52081299357861,
      "std": 0.0
    },
    "200": {
      "widths": [
        38.42843128156778,
        38.42843128156778,
        38.42843128156778,
        38.42843128156778,
        38.42843128156778,
        38.42843128156778,
        38.42843128156778,
        38.42843128156778,
        38.42843128156778,
        38.42843128156778,
        38.42843128156778,
        38.42843128156778,
        38.42843128156778,
        38.42843128156778,
        38.42843128156778,
        38.42843128156778,
        38.42843128156778,
        38.42843128156778,
        38.42843128156778,
        38.42843128156778
      ],
      "mean": 38.42843128156778,
      "std": 0.0
    }
  }
}