{
  "model_path": "/lustre/fswork/projects/rech/aik/uhr51mx/ErrorVolumePolytopes/checkpoints/fashion_mlp_best.pth",
  "data_path": "/lustre/fswork/projects/rech/aik/uhr51mx/ErrorVolumePolytopes/data/fashionMNIST_correct_mlp.pt",
  "sample_idx": 40,
  "bits": 4,
  "n_replications": 20,
  "n_workers": 40,
  "elapsed_total_s": 3625.42,
  "n_directions_grid": [
    10,
    20,
    30,
    50,
    75,
    100,
    150,
    200
  ],
  "results": {
    "10": {
      "widths": [
        39.06460967645974,
        39.06460967645974,
        39.06460967645974,
        39.06460967645974,
        39.06460967645974,
        39.06460967645974,
        39.06460967645974,
        39.06460967645974,
        39.06460967645974,
        39.06460967645974,
        39.06460967645974,
        39.06460967645974,
        39.06460967645974,
        39.06460967645974,
        39.06460967645974,
        39.06460967645974,
        39.06460967645974,
        39.06460967645974,
        39.06460967645974,
        39.06460967645974
      ],
      "mean": 39.064609676459746,
      "std": 7.105427357601002e-15
    },
    "20": {
      "widths": [
        39.003756433766455,
        39.003756433766455,
        39.003756433766455,
        39.003756433766455,
        39.003756433766455,
        39.003756433766455,
        39.003756433766455,
        39.003756433766455,
        39.003756433766455,
        39.003756433766455,
        39.003756433766455,
        39.003756433766455,
        39.003756433766455,
        39.003756433766455,
        39.003756433766455,
        39.003756433766455,
        39.003756433766455,
        39.003756433766455,
        39.003756433766455,
        39.003756433766455
      ],
      "mean": 39.00375643376647,
      "std": 1.4210854715202004e-14
    },
    "30": {
      "widths": [
        38.89251857138832,
        38.89251857138832,
        38.89251857138832,
        38.89251857138832,
        38.89251857138832,
        38.89251857138832,
        38.89251857138832,
        38.89251857138832,
        38.89251857138832,
        38.89251857138832,
        38.89251857138832,
        38.89251857138832,
        38.89251857138832,
        38.89251857138832,
        38.89251857138832,
        38.89251857138832,
        38.89251857138832,
        38.89251857138832,
        38.89251857138832,
        38.89251857138832
      ],
      "mean": 38.89251857138832,
      "std": 0.0
    },
    "50": {
      "widths": [
        38.90784644012589,
        38.90784644012589,
        38.90784644012589,
        38.90784644012589,
        38.90784644012589,
        38.90784644012589,
        38.90784644012589,
        38.90784644012589,
        38.90784644012589,
        38.90784644012589,
        38.90784644012589,
        38.90784644012589,
        38.90784644012589,
        38.90784644012589,
        38.90784644012589,
        38.90784644012589,
        38.90784644012589,
        38.90784644012589,
        38.90784644012589,
        38.90784644012589
      ],
      "mean": 38.907846440125894,
      "std": 7.105427357601002e-15
    },
    "75": {
      "widths": [
        38.98626511786073,
        38.98626511786073,
        38.98626511786073,
        38.98626511786073,
        38.98626511786073,
        38.98626511786073,
        38.98626511786073,
        38.98626511786073,
        38.98626511786073,
        38.98626511786073,
        38.98626511786073,
        38.98626511786073,
        38.98626511786073,
        38.98626511786073,
        38.98626511786073,
        38.98626511786073,
        38.98626511786073,
        38.98626511786073,
        38.98626511786073,
        38.98626511786073
      ],
      "mean": 38.98626511786073,
      "std": 0.0
    },
    "100": {
      "widths": [
        38.94467569425634,
        38.94467569425634,
        38.94467569425634,
        38.94467569425634,
        38.94467569425634,
        38.94467569425634,
        38.94467569425634,
        38.94467569425634,
        38.94467569425634,
        38.94467569425634,
        38.94467569425634,
        38.94467569425634,
        38.94467569425634,
        38.94467569425634,
        38.94467569425634,
        38.94467569425634,
        38.94467569425634,
        38.94467569425634,
        38.94467569425634,
        38.94467569425634
      ],
      "mean": 38.94467569425635,
      "std": 7.105427357601002e-15
    },
    "150": {
      "widths": [
        38.8841657606789,
        38.8841657606789,
        38.8841657606789,
        38.8841657606789,
        38.8841657606789,
        38.8841657606789,
        38.8841657606789,
        38.8841657606789,
        38.8841657606789,
        38.8841657606789,
        38.8841657606789,
        38.8841657606789,
        38.8841657606789,
        38.8841657606789,
        38.8841657606789,
        38.8841657606789,
        38.8841657606789,
        38.8841657606789,
        38.8841657606789,
        38.8841657606789
      ],
      "mean": 38.8841657606789,
      "std": 0.0
    },
    "200": {
      "widths": [
        38.86469550882347,
        38.86469550882347,
        38.86469550882347,
        38.86469550882347,
        38.86469550882347,
        38.86469550882347,
        38.86469550882347,
        38.86469550882347,
        38.86469550882347,
        38.86469550882347,
        38.86469550882347,
        38.86469550882347,
        38.86469550882347,
        38.86469550882347,
        38.86469550882347,
        38.86469550882347,
        38.86469550882347,
        38.86469550882347,
        38.86469550882347,
        38.86469550882347
      ],
      "mean": 38.86469550882348,
      "std": 7.105427357601002e-15
    }
  }
}