{
  "model_path": "/lustre/fswork/projects/rech/aik/uhr51mx/ErrorVolumePolytopes/checkpoints/fashion_mlp_best.pth",
  "data_path": "/lustre/fswork/projects/rech/aik/uhr51mx/ErrorVolumePolytopes/data/fashionMNIST_correct_mlp.pt",
  "sample_idx": 43,
  "bits": 4,
  "n_replications": 20,
  "n_workers": 40,
  "elapsed_total_s": 4082.45,
  "n_directions_grid": [
    10,
    20,
    30,
    50,
    75,
    100,
    150,
    200
  ],
  "results": {
    "10": {
      "widths": [
        38.67873988399064,
        38.67873988399064,
        38.67873988399064,
        38.67873988399064,
        38.67873988399064,
        38.67873988399064,
        38.67873988399064,
        38.67873988399064,
        38.67873988399064,
        38.67873988399064,
        38.67873988399064,
        38.67873988399064,
        38.67873988399064,
        38.67873988399064,
        38.67873988399064,
        38.67873988399064,
        38.67873988399064,
        38.67873988399064,
        38.67873988399064,
        38.67873988399064
      ],
      "mean": 38.67873988399063,
      "std": 7.105427357601002e-15
    },
    "20": {
      "widths": [
        38.48722366852597,
        38.48722366852597,
        38.48722366852597,
        38.48722366852597,
        38.48722366852597,
        38.48722366852597,
        38.48722366852597,
        38.48722366852597,
        38.48722366852597,
        38.48722366852597,
        38.48722366852597,
        38.48722366852597,
        38.48722366852597,
        38.48722366852597,
        38.48722366852597,
        38.48722366852597,
        38.48722366852597,
        38.48722366852597,
        38.48722366852597,
        38.48722366852597
      ],
      "mean": 38.48722366852597,
      "std": 0.0
    },
    "30": {
      "widths": [
        38.50052080621141,
        38.50052080621141,
        38.50052080621141,
        38.50052080621141,
        38.50052080621141,
        38.50052080621141,
        38.50052080621141,
        38.50052080621141,
        38.50052080621141,
        38.50052080621141,
        38.50052080621141,
        38.50052080621141,
        38.50052080621141,
        38.50052080621141,
        38.50052080621141,
        38.50052080621141,
        38.50052080621141,
        38.50052080621141,
        38.50052080621141,
        38.50052080621141
      ],
      "mean": 38.50052080621141,
      "std": 0.0
    },
    "50": {
      "widths": [
        38.44195333287073,
        38.44195333287073,
        38.44195333287073,
        38.44195333287073,
        38.44195333287073,
        38.44195333287073,
        38.44195333287073,
        38.44195333287073,
        38.44195333287073,
        38.44195333287073,
        38.44195333287073,
        38.44195333287073,
        38.44195333287073,
        38.44195333287073,
        38.44195333287073,
        38.44195333287073,
        38.44195333287073,
        38.44195333287073,
        38.44195333287073,
        38.44195333287073
      ],
      "mean": 38.44195333287074,
      "std": 7.105427357601002e-15
    },
    "75": {
      "widths": [
        38.43656704451326,
        38.43656704451326,
        38.43656704451326,
        38.43656704451326,
        38.43656704451326,
        38.43656704451326,
        38.43656704451326,
        38.43656704451326,
        38.43656704451326,
        38.43656704451326,
        38.43656704451326,
        38.43656704451326,
        38.43656704451326,
        38.43656704451326,
        38.43656704451326,
        38.43656704451326,
        38.43656704451326,
        38.43656704451326,
        38.43656704451326,
        38.43656704451326
      ],
      "mean": 38.43656704451326,
      "std": 0.0
    },
    "100": {
      "widths": [
        38.430681741623644,
        38.430681741623644,
        38.430681741623644,
        38.430681741623644,
        38.430681741623644,
        38.430681741623644,
        38.430681741623644,
        38.430681741623644,
        38.430681741623644,
        38.430681741623644,
        38.430681741623644,
        38.430681741623644,
        38.430681741623644,
        38.430681741623644,
        38.430681741623644,
        38.430681741623644,
        38.430681741623644,
        38.430681741623644,
        38.430681741623644,
        38.430681741623644
      ],
      "mean": 38.430681741623644,
      "std": 0.0
    },
    "150": {
      "widths": [
        38.38163066359204,
        38.38163066359204,
        38.38163066359204,
        38.38163066359204,
        38.38163066359204,
        38.38163066359204,
        38.38163066359204,
        38.38163066359204,
        38.38163066359204,
        38.38163066359204,
        38.38163066359204,
        38.38163066359204,
        38.38163066359204,
        38.38163066359204,
        38.38163066359204,
        38.38163066359204,
        38.38163066359204,
        38.38163066359204,
        38.38163066359204,
        38.38163066359204
      ],
      "mean": 38.38163066359205,
      "std": 7.105427357601002e-15
    },
    "200": {
      "widths": [
        38.42411436576349,
        38.42411436576349,
        38.42411436576349,
        38.42411436576349,
        38.42411436576349,
        38.42411436576349,
        38.42411436576349,
        38.42411436576349,
        38.42411436576349,
        38.42411436576349,
        38.42411436576349,
        38.42411436576349,
        38.42411436576349,
        38.42411436576349,
        38.42411436576349,
        38.42411436576349,
        38.42411436576349,
        38.42411436576349,
        38.42411436576349,
        38.42411436576349
      ],
      "mean": 38.42411436576348,
      "std": 7.105427357601002e-15
    }
  }
}