{
  "model_path": "/lustre/fswork/projects/rech/aik/uhr51mx/ErrorVolumePolytopes/checkpoints/fashion_mlp_best.pth",
  "data_path": "/lustre/fswork/projects/rech/aik/uhr51mx/ErrorVolumePolytopes/data/fashionMNIST_correct_mlp.pt",
  "sample_idx": 35,
  "bits": 4,
  "n_replications": 20,
  "n_workers": 40,
  "elapsed_total_s": 4040.57,
  "n_directions_grid": [
    10,
    20,
    30,
    50,
    75,
    100,
    150,
    200
  ],
  "results": {
    "10": {
      "widths": [
        38.50427605615743,
        38.50427605615743,
        38.50427605615743,
        38.50427605615743,
        38.50427605615743,
        38.50427605615743,
        38.50427605615743,
        38.50427605615743,
        38.50427605615743,
        38.50427605615743,
        38.50427605615743,
        38.50427605615743,
        38.50427605615743,
        38.50427605615743,
        38.50427605615743,
        38.50427605615743,
        38.50427605615743,
        38.50427605615743,
        38.50427605615743,
        38.50427605615743
      ],
      "mean": 38.50427605615743,
      "std": 0.0
    },
    "20": {
      "widths": [
        38.47917060728007,
        38.47917060728007,
        38.47917060728007,
        38.47917060728007,
        38.47917060728007,
        38.47917060728007,
        38.47917060728007,
        38.47917060728007,
        38.47917060728007,
        38.47917060728007,
        38.47917060728007,
        38.47917060728007,
        38.47917060728007,
        38.47917060728007,
        38.47917060728007,
        38.47917060728007,
        38.47917060728007,
        38.47917060728007,
        38.47917060728007,
        38.47917060728007
      ],
      "mean": 38.47917060728006,
      "std": 7.105427357601002e-15
    },
    "30": {
      "widths": [
        38.496710086850925,
        38.496710086850925,
        38.496710086850925,
        38.496710086850925,
        38.496710086850925,
        38.496710086850925,
        38.496710086850925,
        38.496710086850925,
        38.496710086850925,
        38.496710086850925,
        38.496710086850925,
        38.496710086850925,
        38.496710086850925,
        38.496710086850925,
        38.496710086850925,
        38.496710086850925,
        38.496710086850925,
        38.496710086850925,
        38.496710086850925,
        38.496710086850925
      ],
      "mean": 38.49671008685093,
      "std": 7.105427357601002e-15
    },
    "50": {
      "widths": [
        38.38689869085761,
        38.38689869085761,
        38.38689869085761,
        38.38689869085761,
        38.38689869085761,
        38.38689869085761,
        38.38689869085761,
        38.38689869085761,
        38.38689869085761,
        38.38689869085761,
        38.38689869085761,
        38.38689869085761,
        38.38689869085761,
        38.38689869085761,
        38.38689869085761,
        38.38689869085761,
        38.38689869085761,
        38.38689869085761,
        38.38689869085761,
        38.38689869085761
      ],
      "mean": 38.38689869085761,
      "std": 0.0
    },
    "75": {
      "widths": [
        38.35586484752943,
        38.35586484752943,
        38.35586484752943,
        38.35586484752943,
        38.35586484752943,
        38.35586484752943,
        38.35586484752943,
        38.35586484752943,
        38.35586484752943,
        38.35586484752943,
        38.35586484752943,
        38.35586484752943,
        38.35586484752943,
        38.35586484752943,
        38.35586484752943,
        38.35586484752943,
        38.35586484752943,
        38.35586484752943,
        38.35586484752943,
        38.35586484752943
      ],
      "mean": 38.35586484752944,
      "std": 7.105427357601002e-15
    },
    "100": {
      "widths": [
        38.35649945699587,
        38.35649945699587,
        38.35649945699587,
        38.35649945699587,
        38.35649945699587,
        38.35649945699587,
        38.35649945699587,
        38.35649945699587,
        38.35649945699587,
        38.35649945699587,
        38.35649945699587,
        38.35649945699587,
        38.35649945699587,
        38.35649945699587,
        38.35649945699587,
        38.35649945699587,
        38.35649945699587,
        38.35649945699587,
        38.35649945699587,
        38.35649945699587
      ],
      "mean": 38.35649945699586,
      "std": 7.105427357601002e-15
    },
    "150": {
      "widths": [
        38.354964949190496,
        38.354964949190496,
        38.354964949190496,
        38.354964949190496,
        38.354964949190496,
        38.354964949190496,
        38.354964949190496,
        38.354964949190496,
        38.354964949190496,
        38.354964949190496,
        38.354964949190496,
        38.354964949190496,
        38.354964949190496,
        38.354964949190496,
        38.354964949190496,
        38.354964949190496,
        38.354964949190496,
        38.354964949190496,
        38.354964949190496,
        38.354964949190496
      ],
      "mean": 38.354964949190496,
      "std": 0.0
    },
    "200": {
      "widths": [
        38.41249897597609,
        38.41249897597609,
        38.41249897597609,
        38.41249897597609,
        38.41249897597609,
        38.41249897597609,
        38.41249897597609,
        38.41249897597609,
        38.41249897597609,
        38.41249897597609,
        38.41249897597609,
        38.41249897597609,
        38.41249897597609,
        38.41249897597609,
        38.41249897597609,
        38.41249897597609,
        38.41249897597609,
        38.41249897597609,
        38.41249897597609,
        38.41249897597609
      ],
      "mean": 38.412498975976085,
      "std": 7.105427357601002e-15
    }
  }
}