{
  "model_path": "/lustre/fswork/projects/rech/aik/uhr51mx/ErrorVolumePolytopes/checkpoints/fashion_mlp_best.pth",
  "data_path": "/lustre/fswork/projects/rech/aik/uhr51mx/ErrorVolumePolytopes/data/fashionMNIST_correct_mlp.pt",
  "sample_idx": 16,
  "bits": 4,
  "n_replications": 20,
  "n_workers": 40,
  "elapsed_total_s": 4253.58,
  "n_directions_grid": [
    10,
    20,
    30,
    50,
    75,
    100,
    150,
    200
  ],
  "results": {
    "10": {
      "widths": [
        38.0047493663886,
        38.0047493663886,
        38.0047493663886,
        38.0047493663886,
        38.0047493663886,
        38.0047493663886,
        38.0047493663886,
        38.0047493663886,
        38.0047493663886,
        38.0047493663886,
        38.0047493663886,
        38.0047493663886,
        38.0047493663886,
        38.0047493663886,
        38.0047493663886,
        38.0047493663886,
        38.0047493663886,
        38.0047493663886,
        38.0047493663886,
        38.0047493663886
      ],
      "mean": 38.00474936638861,
      "std": 7.105427357601002e-15
    },
    "20": {
      "widths": [
        37.94798269208272,
        37.94798269208272,
        37.94798269208272,
        37.94798269208272,
        37.94798269208272,
        37.94798269208272,
        37.94798269208272,
        37.94798269208272,
        37.94798269208272,
        37.94798269208272,
        37.94798269208272,
        37.94798269208272,
        37.94798269208272,
        37.94798269208272,
        37.94798269208272,
        37.94798269208272,
        37.94798269208272,
        37.94798269208272,
        37.94798269208272,
        37.94798269208272
      ],
      "mean": 37.947982692082725,
      "std": 7.105427357601002e-15
    },
    "30": {
      "widths": [
        37.857942736629546,
        37.857942736629546,
        37.857942736629546,
        37.857942736629546,
        37.857942736629546,
        37.857942736629546,
        37.857942736629546,
        37.857942736629546,
        37.857942736629546,
        37.857942736629546,
        37.857942736629546,
        37.857942736629546,
        37.857942736629546,
        37.857942736629546,
        37.857942736629546,
        37.857942736629546,
        37.857942736629546,
        37.857942736629546,
        37.857942736629546,
        37.857942736629546
      ],
      "mean": 37.85794273662954,
      "std": 7.105427357601002e-15
    },
    "50": {
      "widths": [
        37.97142327553876,
        37.97142327553876,
        37.97142327553876,
        37.97142327553876,
        37.97142327553876,
        37.97142327553876,
        37.97142327553876,
        37.97142327553876,
        37.97142327553876,
        37.97142327553876,
        37.97142327553876,
        37.97142327553876,
        37.97142327553876,
        37.97142327553876,
        37.97142327553876,
        37.97142327553876,
        37.97142327553876,
        37.97142327553876,
        37.97142327553876,
        37.97142327553876
      ],
      "mean": 37.97142327553876,
      "std": 0.0
    },
    "75": {
      "widths": [
        38.013814916704455,
        38.013814916704455,
        38.013814916704455,
        38.013814916704455,
        38.013814916704455,
        38.013814916704455,
        38.013814916704455,
        38.013814916704455,
        38.013814916704455,
        38.013814916704455,
        38.013814916704455,
        38.013814916704455,
        38.013814916704455,
        38.013814916704455,
        38.013814916704455,
        38.013814916704455,
        38.013814916704455,
        38.013814916704455,
        38.013814916704455,
        38.013814916704455
      ],
      "mean": 38.01381491670445,
      "std": 7.105427357601002e-15
    },
    "100": {
      "widths": [
        37.99979952216519,
        37.99979952216519,
        37.99979952216519,
        37.99979952216519,
        37.99979952216519,
        37.99979952216519,
        37.99979952216519,
        37.99979952216519,
        37.99979952216519,
        37.99979952216519,
        37.99979952216519,
        37.99979952216519,
        37.99979952216519,
        37.99979952216519,
        37.99979952216519,
        37.99979952216519,
        37.99979952216519,
        37.99979952216519,
        37.99979952216519,
        37.99979952216519
      ],
      "mean": 37.99979952216519,
      "std": 0.0
    },
    "150": {
      "widths": [
        37.9910790786398,
        37.9910790786398,
        37.9910790786398,
        37.9910790786398,
        37.9910790786398,
        37.9910790786398,
        37.9910790786398,
        37.9910790786398,
        37.9910790786398,
        37.9910790786398,
        37.9910790786398,
        37.9910790786398,
        37.9910790786398,
        37.9910790786398,
        37.9910790786398,
        37.9910790786398,
        37.9910790786398,
        37.9910790786398,
        37.9910790786398,
        37.9910790786398
      ],
      "mean": 37.9910790786398,
      "std": 0.0
    },
    "200": {
      "widths": [
        37.94664499210947,
        37.94664499210947,
        37.94664499210947,
        37.94664499210947,
        37.94664499210947,
        37.94664499210947,
        37.94664499210947,
        37.94664499210947,
        37.94664499210947,
        37.94664499210947,
        37.94664499210947,
        37.94664499210947,
        37.94664499210947,
        37.94664499210947,
        37.94664499210947,
        37.94664499210947,
        37.94664499210947,
        37.94664499210947,
        37.94664499210947,
        37.94664499210947
      ],
      "mean": 37.94664499210946,
      "std": 7.105427357601002e-15
    }
  }
}