{
  "model_path": "/lustre/fswork/projects/rech/aik/uhr51mx/ErrorVolumePolytopes/checkpoints/fashion_mlp_best.pth",
  "data_path": "/lustre/fswork/projects/rech/aik/uhr51mx/ErrorVolumePolytopes/data/fashionMNIST_correct_mlp.pt",
  "sample_idx": 30,
  "bits": 4,
  "n_replications": 20,
  "n_workers": 40,
  "elapsed_total_s": 4344.77,
  "n_directions_grid": [
    10,
    20,
    30,
    50,
    75,
    100,
    150,
    200
  ],
  "results": {
    "10": {
      "widths": [
        37.872647199203506,
        37.872647199203506,
        37.872647199203506,
        37.872647199203506,
        37.872647199203506,
        37.872647199203506,
        37.872647199203506,
        37.872647199203506,
        37.872647199203506,
        37.872647199203506,
        37.872647199203506,
        37.872647199203506,
        37.872647199203506,
        37.872647199203506,
        37.872647199203506,
        37.872647199203506,
        37.872647199203506,
        37.872647199203506,
        37.872647199203506,
        37.872647199203506
      ],
      "mean": 37.8726471992035,
      "std": 7.105427357601002e-15
    },
    "20": {
      "widths": [
        37.931552945074,
        37.931552945074,
        37.931552945074,
        37.931552945074,
        37.931552945074,
        37.931552945074,
        37.931552945074,
        37.931552945074,
        37.931552945074,
        37.931552945074,
        37.931552945074,
        37.931552945074,
        37.931552945074,
        37.931552945074,
        37.931552945074,
        37.931552945074,
        37.931552945074,
        37.931552945074,
        37.931552945074,
        37.931552945074
      ],
      "mean": 37.93155294507401,
      "std": 7.105427357601002e-15
    },
    "30": {
      "widths": [
        37.85677268672293,
        37.85677268672293,
        37.85677268672293,
        37.85677268672293,
        37.85677268672293,
        37.85677268672293,
        37.85677268672293,
        37.85677268672293,
        37.85677268672293,
        37.85677268672293,
        37.85677268672293,
        37.85677268672293,
        37.85677268672293,
        37.85677268672293,
        37.85677268672293,
        37.85677268672293,
        37.85677268672293,
        37.85677268672293,
        37.85677268672293,
        37.85677268672293
      ],
      "mean": 37.85677268672293,
      "std": 0.0
    },
    "50": {
      "widths": [
        37.707823371921414,
        37.707823371921414,
        37.707823371921414,
        37.707823371921414,
        37.707823371921414,
        37.707823371921414,
        37.707823371921414,
        37.707823371921414,
        37.707823371921414,
        37.707823371921414,
        37.707823371921414,
        37.707823371921414,
        37.707823371921414,
        37.707823371921414,
        37.707823371921414,
        37.707823371921414,
        37.707823371921414,
        37.707823371921414,
        37.707823371921414,
        37.707823371921414
      ],
      "mean": 37.70782337192142,
      "std": 7.105427357601002e-15
    },
    "75": {
      "widths": [
        37.79614998432885,
        37.79614998432885,
        37.79614998432885,
        37.79614998432885,
        37.79614998432885,
        37.79614998432885,
        37.79614998432885,
        37.79614998432885,
        37.79614998432885,
        37.79614998432885,
        37.79614998432885,
        37.79614998432885,
        37.79614998432885,
        37.79614998432885,
        37.79614998432885,
        37.79614998432885,
        37.79614998432885,
        37.79614998432885,
        37.79614998432885,
        37.79614998432885
      ],
      "mean": 37.79614998432885,
      "std": 0.0
    },
    "100": {
      "widths": [
        37.905196639960295,
        37.905196639960295,
        37.905196639960295,
        37.905196639960295,
        37.905196639960295,
        37.905196639960295,
        37.905196639960295,
        37.905196639960295,
        37.905196639960295,
        37.905196639960295,
        37.905196639960295,
        37.905196639960295,
        37.905196639960295,
        37.905196639960295,
        37.905196639960295,
        37.905196639960295,
        37.905196639960295,
        37.905196639960295,
        37.905196639960295,
        37.905196639960295
      ],
      "mean": 37.905196639960295,
      "std": 0.0
    },
    "150": {
      "widths": [
        37.84722364313692,
        37.84722364313692,
        37.84722364313692,
        37.84722364313692,
        37.84722364313692,
        37.84722364313692,
        37.84722364313692,
        37.84722364313692,
        37.84722364313692,
        37.84722364313692,
        37.84722364313692,
        37.84722364313692,
        37.84722364313692,
        37.84722364313692,
        37.84722364313692,
        37.84722364313692,
        37.84722364313692,
        37.84722364313692,
        37.84722364313692,
        37.84722364313692
      ],
      "mean": 37.847223643136914,
      "std": 7.105427357601002e-15
    },
    "200": {
      "widths": [
        37.82434995203075,
        37.82434995203075,
        37.82434995203075,
        37.82434995203075,
        37.82434995203075,
        37.82434995203075,
        37.82434995203075,
        37.82434995203075,
        37.82434995203075,
        37.82434995203075,
        37.82434995203075,
        37.82434995203075,
        37.82434995203075,
        37.82434995203075,
        37.82434995203075,
        37.82434995203075,
        37.82434995203075,
        37.82434995203075,
        37.82434995203075,
        37.82434995203075
      ],
      "mean": 37.824349952030744,
      "std": 7.105427357601002e-15
    }
  }
}