{
  "model_path": "/lustre/fswork/projects/rech/aik/uhr51mx/ErrorVolumePolytopes/checkpoints/fashion_mlp_best.pth",
  "data_path": "/lustre/fswork/projects/rech/aik/uhr51mx/ErrorVolumePolytopes/data/fashionMNIST_correct_mlp.pt",
  "sample_idx": 34,
  "bits": 4,
  "n_replications": 20,
  "n_workers": 40,
  "elapsed_total_s": 7822.69,
  "n_directions_grid": [
    10,
    20,
    30,
    50,
    75,
    100,
    150,
    200
  ],
  "results": {
    "10": {
      "widths": [
        34.73799361076821,
        34.73799361076821,
        34.73799361076821,
        34.73799361076821,
        34.73799361076821,
        34.73799361076821,
        34.73799361076821,
        34.73799361076821,
        34.73799361076821,
        34.73799361076821,
        34.73799361076821,
        34.73799361076821,
        34.73799361076821,
        34.73799361076821,
        34.73799361076821,
        34.73799361076821,
        34.73799361076821,
        34.73799361076821,
        34.73799361076821,
        34.73799361076821
      ],
      "mean": 34.7379936107682,
      "std": 7.105427357601002e-15
    },
    "20": {
      "widths": [
        34.77960974082722,
        34.77960974082722,
        34.77960974082722,
        34.77960974082722,
        34.77960974082722,
        34.77960974082722,
        34.77960974082722,
        34.77960974082722,
        34.77960974082722,
        34.77960974082722,
        34.77960974082722,
        34.77960974082722,
        34.77960974082722,
        34.77960974082722,
        34.77960974082722,
        34.77960974082722,
        34.77960974082722,
        34.77960974082722,
        34.77960974082722,
        34.77960974082722
      ],
      "mean": 34.779609740827226,
      "std": 7.105427357601002e-15
    },
    "30": {
      "widths": [
        34.609605387898675,
        34.609605387898675,
        34.609605387898675,
        34.609605387898675,
        34.609605387898675,
        34.609605387898675,
        34.609605387898675,
        34.609605387898675,
        34.609605387898675,
        34.609605387898675,
        34.609605387898675,
        34.609605387898675,
        34.609605387898675,
        34.609605387898675,
        34.609605387898675,
        34.609605387898675,
        34.609605387898675,
        34.609605387898675,
        34.609605387898675,
        34.609605387898675
      ],
      "mean": 34.609605387898675,
      "std": 0.0
    },
    "50": {
      "widths": [
        34.56952227155487,
        34.56952227155487,
        34.56952227155487,
        34.56952227155487,
        34.56952227155487,
        34.56952227155487,
        34.56952227155487,
        34.56952227155487,
        34.56952227155487,
        34.56952227155487,
        34.56952227155487,
        34.56952227155487,
        34.56952227155487,
        34.56952227155487,
        34.56952227155487,
        34.56952227155487,
        34.56952227155487,
        34.56952227155487,
        34.56952227155487,
        34.56952227155487
      ],
      "mean": 34.569522271554874,
      "std": 7.105427357601002e-15
    },
    "75": {
      "widths": [
        34.56060688290342,
        34.56060688290342,
        34.56060688290342,
        34.56060688290342,
        34.56060688290342,
        34.56060688290342,
        34.56060688290342,
        34.56060688290342,
        34.56060688290342,
        34.56060688290342,
        34.56060688290342,
        34.56060688290342,
        34.56060688290342,
        34.56060688290342,
        34.56060688290342,
        34.56060688290342,
        34.56060688290342,
        34.56060688290342,
        34.56060688290342,
        34.56060688290342
      ],
      "mean": 34.56060688290343,
      "std": 7.105427357601002e-15
    },
    "100": {
      "widths": [
        34.55520406718562,
        34.55520406718562,
        34.55520406718562,
        34.55520406718562,
        34.55520406718562,
        34.55520406718562,
        34.55520406718562,
        34.55520406718562,
        34.55520406718562,
        34.55520406718562,
        34.55520406718562,
        34.55520406718562,
        34.55520406718562,
        34.55520406718562,
        34.55520406718562,
        34.55520406718562,
        34.55520406718562,
        34.55520406718562,
        34.55520406718562,
        34.55520406718562
      ],
      "mean": 34.55520406718562,
      "std": 0.0
    },
    "150": {
      "widths": [
        34.58453191896435,
        34.58453191896435,
        34.58453191896435,
        34.58453191896435,
        34.58453191896435,
        34.58453191896435,
        34.58453191896435,
        34.58453191896435,
        34.58453191896435,
        34.58453191896435,
        34.58453191896435,
        34.58453191896435,
        34.58453191896435,
        34.58453191896435,
        34.58453191896435,
        34.58453191896435,
        34.58453191896435,
        34.58453191896435,
        34.58453191896435,
        34.58453191896435
      ],
      "mean": 34.584531918964345,
      "std": 7.105427357601002e-15
    },
    "200": {
      "widths": [
        34.58837453772106,
        34.58837453772106,
        34.58837453772106,
        34.58837453772106,
        34.58837453772106,
        34.58837453772106,
        34.58837453772106,
        34.58837453772106,
        34.58837453772106,
        34.58837453772106,
        34.58837453772106,
        34.58837453772106,
        34.58837453772106,
        34.58837453772106,
        34.58837453772106,
        34.58837453772106,
        34.58837453772106,
        34.58837453772106,
        34.58837453772106,
        34.58837453772106
      ],
      "mean": 34.58837453772106,
      "std": 0.0
    }
  }
}