{
  "model_path": "/lustre/fswork/projects/rech/aik/uhr51mx/ErrorVolumePolytopes/checkpoints/fashion_mlp_best.pth",
  "data_path": "/lustre/fswork/projects/rech/aik/uhr51mx/ErrorVolumePolytopes/data/fashionMNIST_correct_mlp.pt",
  "sample_idx": 23,
  "bits": 4,
  "n_replications": 20,
  "n_workers": 40,
  "elapsed_total_s": 6465.76,
  "n_directions_grid": [
    10,
    20,
    30,
    50,
    75,
    100,
    150,
    200,
    300
  ],
  "results": {
    "10": {
      "widths": [
        37.66035721989499,
        37.69659679523532,
        37.40101257548076,
        37.812225075758704,
        37.823288891119255,
        37.84367383034727,
        38.04911329343753,
        37.82076882785644,
        37.88587978133081,
        37.818355242733524,
        37.95807735687548,
        37.777495813810816,
        37.985130016285346,
        37.758797394035334,
        37.656234475102906,
        37.69478032413947,
        37.77475760262662,
        37.761879805988194,
        37.75221247122535,
        37.85709471786609
      ],
      "mean": 37.78938657555751,
      "std": 0.1343074478902798
    },
    "20": {
      "widths": [
        37.85122223591864,
        37.8557508719555,
        37.9018169713669,
        37.725838928300405,
        37.76987079215668,
        37.93418773161575,
        37.82008625277697,
        37.785858441723555,
        37.852187162870635,
        37.77330414553158,
        37.813322803413506,
        37.816298304849944,
        37.6506020820722,
        37.76891955609762,
        37.781084756860594,
        37.72922221132798,
        37.70197701558357,
        37.76465498289389,
        37.764868135683926,
        37.76049535469677
      ],
      "mean": 37.79107843688483,
      "std": 0.06546337297915773
    },
    "30": {
      "widths": [
        37.797978576183866,
        37.877074516843074,
        37.8255279138424,
        37.75302782817764,
        37.720043099419286,
        37.70285407270423,
        37.86770572776301,
        37.71218429646112,
        37.85252444268223,
        37.72653376049637,
        37.77087804438933,
        37.83469384284525,
        37.893286432048995,
        37.80442744882401,
        37.761597187474514,
        37.72032742949,
        37.732423364806436,
        37.90373658807277,
        37.7436515143855,
        37.79604727538666
      ],
      "mean": 37.789826168114836,
      "std": 0.0632967451235055
    },
    "50": {
      "widths": [
        37.791251191741424,
        37.69825163342014,
        37.872951735896855,
        37.862318908275,
        37.84322650138316,
        37.874587485240745,
        37.781581088875065,
        37.82172860570815,
        37.8575455909362,
        37.710125555327345,
        37.79902845185577,
        37.84308864044916,
        37.88328731794928,
        37.773505218954284,
        37.74439627992095,
        37.84674964744396,
        37.78953121525868,
        37.80519559310402,
        37.82108512657474,
        37.8558039667695
      ],
      "mean": 37.813761987754226,
      "std": 0.051936516175114834
    },
    "75": {
      "widths": [
        37.81252025323551,
        37.75980183372675,
        37.724404052117514,
        37.83483334190529,
        37.858740230987245,
        37.75099729065211,
        37.786503854451006,
        37.8327265159707,
        37.8238906653567,
        37.700982444900966,
        37.77801157734983,
        37.70460733589394,
        37.75072996852961,
        37.81366081649387,
        37.75425275658761,
        37.714691339296735,
        37.802971790634246,
        37.75180562584846,
        37.759892916971424,
        37.77086937201837
      ],
      "mean": 37.7743446991464,
      "std": 0.04436972165275614
    },
    "100": {
      "widths": [
        37.808616871394655,
        37.748575079810486,
        37.727295261760645,
        37.803126287224124,
        37.8247448644576,
        37.764937109237366,
        37.834071850304,
        37.807670393524866,
        37.8081725256975,
        37.85468769533916,
        37.79204820342361,
        37.84651946350252,
        37.79135063715722,
        37.75185208995709,
        37.77292699846715,
        37.78565333592982,
        37.693625090488084,
        37.79570259919055,
        37.7313078305285,
        37.77192002065238
      ],
      "mean": 37.78574021040237,
      "std": 0.04029078998235954
    },
    "150": {
      "widths": [
        37.837305066938846,
        37.68861879373226,
        37.7939712068719,
        37.77844906727914,
        37.71384443900656,
        37.77861275100233,
        37.799943344317505,
        37.74358322558276,
        37.79116230893719,
        37.72611256823646,
        37.870431870227925,
        37.814479239267804,
        37.82484946345197,
        37.79532402723522,
        37.77511068153435,
        37.82865475572475,
        37.771133624501026,
        37.798914118118006,
        37.76477219843354,
        37.78971358638075
      ],
      "mean": 37.784249316839016,
      "std": 0.04205267139997119
    },
    "200": {
      "widths": [
        37.867153436158056,
        37.758689492614806,
        37.768847469156256,
        37.75338352667865,
        37.79309310969751,
        37.7440932846274,
        37.81480209576276,
        37.82212891162371,
        37.81801486034507,
        37.777069741789845,
        37.80507526501521,
        37.78428146958166,
        37.81139658591924,
        37.79610779020079,
        37.78671390101308,
        37.76039142436321,
        37.803194090380345,
        37.79866265525588,
        37.75318994499689,
        37.7730560536185
      ],
      "mean": 37.78946725543993,
      "std": 0.029125334456854973
    },
    "300": {
      "widths": [
        37.76294041984718,
        37.77523044924302,
        37.803733670624275,
        37.78511483308577,
        37.74501267326056,
        37.77716655030807,
        37.77120963508295,
        37.82409209012925,
        37.8272715338423,
        37.738591440574,
        37.75469501713853,
        37.77002829086877,
        37.793984836523045,
        37.80856282154215,
        37.75747488792432,
        37.76644081604221,
        37.78062636420662,
        37.767421098517,
        37.76618206858761,
        37.81588102225847
      ],
      "mean": 37.7795830259803,
      "std": 0.024679914988399772
    }
  }
}