{
  "model_path": "/lustre/fswork/projects/rech/aik/uhr51mx/ErrorVolumePolytopes/checkpoints/fashion_mlp_best.pth",
  "data_path": "/lustre/fswork/projects/rech/aik/uhr51mx/ErrorVolumePolytopes/data/fashionMNIST_correct_mlp.pt",
  "sample_idx": 13,
  "bits": 4,
  "n_replications": 20,
  "n_workers": 40,
  "elapsed_total_s": 5124.87,
  "n_directions_grid": [
    10,
    20,
    30,
    50,
    75,
    100,
    150,
    200
  ],
  "results": {
    "10": {
      "widths": [
        37.394783106271305,
        37.394783106271305,
        37.394783106271305,
        37.394783106271305,
        37.394783106271305,
        37.394783106271305,
        37.394783106271305,
        37.394783106271305,
        37.394783106271305,
        37.394783106271305,
        37.394783106271305,
        37.394783106271305,
        37.394783106271305,
        37.394783106271305,
        37.394783106271305,
        37.394783106271305,
        37.394783106271305,
        37.394783106271305,
        37.394783106271305,
        37.394783106271305
      ],
      "mean": 37.39478310627131,
      "std": 7.105427357601002e-15
    },
    "20": {
      "widths": [
        37.25066883512922,
        37.25066883512922,
        37.25066883512922,
        37.25066883512922,
        37.25066883512922,
        37.25066883512922,
        37.25066883512922,
        37.25066883512922,
        37.25066883512922,
        37.25066883512922,
        37.25066883512922,
        37.25066883512922,
        37.25066883512922,
        37.25066883512922,
        37.25066883512922,
        37.25066883512922,
        37.25066883512922,
        37.25066883512922,
        37.25066883512922,
        37.25066883512922
      ],
      "mean": 37.25066883512922,
      "std": 0.0
    },
    "30": {
      "widths": [
        37.185062238426234,
        37.185062238426234,
        37.185062238426234,
        37.185062238426234,
        37.185062238426234,
        37.185062238426234,
        37.185062238426234,
        37.185062238426234,
        37.185062238426234,
        37.185062238426234,
        37.185062238426234,
        37.185062238426234,
        37.185062238426234,
        37.185062238426234,
        37.185062238426234,
        37.185062238426234,
        37.185062238426234,
        37.185062238426234,
        37.185062238426234,
        37.185062238426234
      ],
      "mean": 37.18506223842623,
      "std": 7.105427357601002e-15
    },
    "50": {
      "widths": [
        37.230124628723786,
        37.230124628723786,
        37.230124628723786,
        37.230124628723786,
        37.230124628723786,
        37.230124628723786,
        37.230124628723786,
        37.230124628723786,
        37.230124628723786,
        37.230124628723786,
        37.230124628723786,
        37.230124628723786,
        37.230124628723786,
        37.230124628723786,
        37.230124628723786,
        37.230124628723786,
        37.230124628723786,
        37.230124628723786,
        37.230124628723786,
        37.230124628723786
      ],
      "mean": 37.2301246287238,
      "std": 1.4210854715202004e-14
    },
    "75": {
      "widths": [
        37.25078270467373,
        37.25078270467373,
        37.25078270467373,
        37.25078270467373,
        37.25078270467373,
        37.25078270467373,
        37.25078270467373,
        37.25078270467373,
        37.25078270467373,
        37.25078270467373,
        37.25078270467373,
        37.25078270467373,
        37.25078270467373,
        37.25078270467373,
        37.25078270467373,
        37.25078270467373,
        37.25078270467373,
        37.25078270467373,
        37.25078270467373,
        37.25078270467373
      ],
      "mean": 37.25078270467373,
      "std": 0.0
    },
    "100": {
      "widths": [
        37.244175364506994,
        37.244175364506994,
        37.244175364506994,
        37.244175364506994,
        37.244175364506994,
        37.244175364506994,
        37.244175364506994,
        37.244175364506994,
        37.244175364506994,
        37.244175364506994,
        37.244175364506994,
        37.244175364506994,
        37.244175364506994,
        37.244175364506994,
        37.244175364506994,
        37.244175364506994,
        37.244175364506994,
        37.244175364506994,
        37.244175364506994,
        37.244175364506994
      ],
      "mean": 37.244175364506994,
      "std": 0.0
    },
    "150": {
      "widths": [
        37.288775910110786,
        37.288775910110786,
        37.288775910110786,
        37.288775910110786,
        37.288775910110786,
        37.288775910110786,
        37.288775910110786,
        37.288775910110786,
        37.288775910110786,
        37.288775910110786,
        37.288775910110786,
        37.288775910110786,
        37.288775910110786,
        37.288775910110786,
        37.288775910110786,
        37.288775910110786,
        37.288775910110786,
        37.288775910110786,
        37.288775910110786,
        37.288775910110786
      ],
      "mean": 37.28877591011078,
      "std": 7.105427357601002e-15
    },
    "200": {
      "widths": [
        37.27643607704558,
        37.27643607704558,
        37.27643607704558,
        37.27643607704558,
        37.27643607704558,
        37.27643607704558,
        37.27643607704558,
        37.27643607704558,
        37.27643607704558,
        37.27643607704558,
        37.27643607704558,
        37.27643607704558,
        37.27643607704558,
        37.27643607704558,
        37.27643607704558,
        37.27643607704558,
        37.27643607704558,
        37.27643607704558,
        37.27643607704558,
        37.27643607704558
      ],
      "mean": 37.276436077045574,
      "std": 7.105427357601002e-15
    }
  }
}