{
  "model_path": "/lustre/fswork/projects/rech/aik/uhr51mx/ErrorVolumePolytopes/checkpoints/fashion_mlp_best.pth",
  "data_path": "/lustre/fswork/projects/rech/aik/uhr51mx/ErrorVolumePolytopes/data/fashionMNIST_correct_mlp.pt",
  "sample_idx": 13,
  "bits": 4,
  "n_replications": 20,
  "n_workers": 40,
  "elapsed_total_s": 7594.57,
  "n_directions_grid": [
    10,
    20,
    30,
    50,
    75,
    100,
    150,
    200,
    300
  ],
  "results": {
    "10": {
      "widths": [
        37.27675807067085,
        37.364119686553984,
        37.22293381072925,
        37.20278132014378,
        37.306481916851745,
        37.20011680928331,
        37.31067472477578,
        37.345136269201085,
        37.09420248870649,
        37.48088651455184,
        37.49749999231041,
        37.34655260319023,
        37.20822247865052,
        37.299672124204385,
        37.374359502629694,
        37.30440046098671,
        37.25686760511626,
        37.11040001277991,
        37.28272597022525,
        37.31190770387572
      ],
      "mean": 37.289835003271854,
      "std": 0.09965243362233167
    },
    "20": {
      "widths": [
        37.28836526663419,
        37.189923400331416,
        37.38346885524392,
        37.42317415134925,
        37.207346607918446,
        37.26929983134913,
        37.440160106849234,
        37.30610909776855,
        37.260567416234935,
        37.37756708011303,
        37.238975479347374,
        37.2831995988467,
        37.29382604989435,
        37.523021949588596,
        37.18575852846642,
        37.28093239004103,
        37.33606874612714,
        37.2891927945815,
        37.42849991013753,
        37.34215285562955
      ],
      "mean": 37.31738050582262,
      "std": 0.08718804282983743
    },
    "30": {
      "widths": [
        37.236357806888535,
        37.27765338199363,
        37.24833246760356,
        37.36379210259716,
        37.32841224169961,
        37.22672235838627,
        37.24601844907534,
        37.33776532432302,
        37.27267990350895,
        37.2473760034828,
        37.33390345690351,
        37.28619074814262,
        37.14611498630007,
        37.43336378560909,
        37.290588153893815,
        37.30620570157735,
        37.25269970337192,
        37.34146649012598,
        37.272099036087404,
        37.24659564939696
      ],
      "mean": 37.284716887548385,
      "std": 0.05965357104585813
    },
    "50": {
      "widths": [
        37.23973233670824,
        37.35659527608504,
        37.35098176407453,
        37.350513941902776,
        37.44023719560379,
        37.35993500658751,
        37.33302116028674,
        37.28850714366403,
        37.27901027122659,
        37.30345857648412,
        37.34499563136725,
        37.43875111152547,
        37.28704571504773,
        37.23207361684052,
        37.23573274807012,
        37.30718534658928,
        37.23058587477657,
        37.29362512518172,
        37.423742224265496,
        37.43889505745545
      ],
      "mean": 37.326731256187145,
      "std": 0.0679454309732074
    },
    "75": {
      "widths": [
        37.25278936234717,
        37.30244916888726,
        37.29731778405227,
        37.351393963765986,
        37.23833387754359,
        37.35099236779761,
        37.316783921344744,
        37.29898440823691,
        37.375963004598,
        37.26012180280517,
        37.25109052084011,
        37.26826630875698,
        37.27342701233474,
        37.307785862971144,
        37.35567870774025,
        37.35589354961705,
        37.357532143802494,
        37.32135735749012,
        37.39460866514048,
        37.380897386292126
      ],
      "mean": 37.31558335881821,
      "std": 0.04675695316858398
    },
    "100": {
      "widths": [
        37.35191859378713,
        37.32334206089879,
        37.21154087136307,
        37.24638993710032,
        37.29701471766728,
        37.34653239723519,
        37.32479263777468,
        37.270884309142446,
        37.35480735141996,
        37.25201218596442,
        37.223964899129896,
        37.32679386754375,
        37.317859838007514,
        37.26090707869117,
        37.294177907888525,
        37.38669351003204,
        37.28004891264277,
        37.28619717180362,
        37.32284848416672,
        37.32415634500347
      ],
      "mean": 37.300144153863144,
      "std": 0.04498475798046839
    },
    "150": {
      "widths": [
        37.31368920792183,
        37.377668059003206,
        37.304908832612504,
        37.25282804562752,
        37.36589824338771,
        37.25073981776919,
        37.41948369019733,
        37.24613631878797,
        37.30231243614562,
        37.27631907068541,
        37.32491831010917,
        37.28853506544979,
        37.281317166658944,
        37.36193998918372,
        37.33369281330601,
        37.33404395352762,
        37.364375278844456,
        37.23359201727849,
        37.26984387184871,
        37.33178296592026
      ],
      "mean": 37.311701257713274,
      "std": 0.04896400147684605
    },
    "200": {
      "widths": [
        37.346842845737356,
        37.273892555987985,
        37.29393410671079,
        37.358988664560854,
        37.312763272205416,
        37.31406845368842,
        37.31279352427369,
        37.311993888465416,
        37.343324253350985,
        37.25193478766771,
        37.34102267215813,
        37.25031242208037,
        37.274895116245304,
        37.29562648492154,
        37.33516373295103,
        37.31879632252351,
        37.32807832838313,
        37.32003492486579,
        37.33712995734972,
        37.32800011297965
      ],
      "mean": 37.31247982135534,
      "std": 0.0298967505083306
    },
    "300": {
      "widths": [
        37.28658947250995,
        37.305809891406334,
        37.3155362797657,
        37.31928278424298,
        37.33325994033218,
        37.330187558432165,
        37.3236697069676,
        37.30852628506775,
        37.300628906048665,
        37.285904134506566,
        37.3375248379843,
        37.30420238880984,
        37.3375419770711,
        37.3157343423644,
        37.34667188644841,
        37.296862498659166,
        37.291209260887975,
        37.3250844367196,
        37.35884622691779,
        37.269983829087586
      ],
      "mean": 37.3146528322115,
      "std": 0.02204931953652508
    }
  }
}