{
  "model_path": "/lustre/fswork/projects/rech/aik/uhr51mx/ErrorVolumePolytopes/checkpoints/fashion_mlp_best.pth",
  "data_path": "/lustre/fswork/projects/rech/aik/uhr51mx/ErrorVolumePolytopes/data/fashionMNIST_correct_mlp.pt",
  "sample_idx": 49,
  "bits": 4,
  "n_replications": 20,
  "n_workers": 40,
  "elapsed_total_s": 6472.22,
  "n_directions_grid": [
    10,
    20,
    30,
    50,
    75,
    100,
    150,
    200,
    300
  ],
  "results": {
    "10": {
      "widths": [
        38.21350599580578,
        38.2748873514614,
        38.1786745582948,
        38.01127292708114,
        38.05295470655672,
        37.90537570022167,
        37.8912086095563,
        38.022629554738764,
        38.14385376870505,
        38.2581253877962,
        38.096980954592496,
        38.411018432104406,
        38.23799935948411,
        38.300911040271714,
        38.12357025639028,
        38.4122970615123,
        38.21098344836883,
        38.27128333685819,
        38.3318497569885,
        38.235585549117744
      ],
      "mean": 38.179248387795326,
      "std": 0.14431781862513204
    },
    "20": {
      "widths": [
        38.07968678240326,
        38.141011081823095,
        38.17527774803335,
        38.12187248880959,
        38.107286655999005,
        38.21461609997014,
        38.124480295345634,
        38.00379398785736,
        38.13742792089146,
        38.2679638794199,
        38.18794222310074,
        38.29875612435834,
        37.950624918016686,
        38.048127721649074,
        38.01218722110682,
        38.30666655921867,
        37.95498308719235,
        38.2590212267913,
        38.127061548958025,
        38.071915806961655
      ],
      "mean": 38.12953516889533,
      "std": 0.10342945272655299
    },
    "30": {
      "widths": [
        38.178410051923784,
        38.12169209259982,
        37.97530030742075,
        38.15836615816611,
        38.057772838119185,
        38.25471750549726,
        38.16957198220622,
        38.02482820252739,
        38.20582011042388,
        38.11348271505398,
        38.07840025866311,
        38.08198904020672,
        38.081931072446274,
        38.20348709260896,
        38.0798872148945,
        38.008922875252246,
        38.25382747117298,
        38.15209666550379,
        38.13793454914651,
        38.16899542345674
      ],
      "mean": 38.12537168136451,
      "std": 0.07529779750094848
    },
    "50": {
      "widths": [
        38.096598407622125,
        38.201408340962374,
        38.13540843963283,
        38.054064915560545,
        38.15057768828491,
        38.20942402436629,
        38.2119097416265,
        38.11875271366767,
        38.19579369197451,
        38.167677974959595,
        38.087495811385196,
        38.133788906951466,
        38.09339266749942,
        38.046317202250414,
        38.148753862670645,
        38.073942610513974,
        38.23669209278174,
        38.0487381465583,
        38.167945649768136,
        38.094756945992565
      ],
      "mean": 38.13367199175146,
      "std": 0.057176456437649695
    },
    "75": {
      "widths": [
        38.04200071700279,
        38.18377531234993,
        38.12610071513032,
        38.108512257305506,
        38.14496115802285,
        38.203038769849556,
        38.0619884333415,
        38.21821454642262,
        38.13657858525076,
        38.14069824511261,
        38.07707400387243,
        38.08431184824971,
        38.13610032931084,
        38.188613781729664,
        38.13308213689772,
        38.091664159949985,
        38.08902771779235,
        38.16124049556219,
        38.12178928021177,
        38.11348538304856
      ],
      "mean": 38.128112893820685,
      "std": 0.045825925408490335
    },
    "100": {
      "widths": [
        38.14283356069264,
        38.07720058648388,
        38.124499523811664,
        38.163976889698326,
        38.14670419675429,
        38.15773665089446,
        38.14255189514858,
        38.152819916033756,
        38.07393677964859,
        38.16558792703395,
        38.092729071595365,
        38.1237902867726,
        38.128160487671586,
        38.100535061541535,
        38.14126181422792,
        38.11139489609088,
        38.20527422610982,
        38.10938522661186,
        38.1335211745906,
        38.12752935978175
      ],
      "mean": 38.131071476559704,
      "std": 0.030929229999404808
    },
    "150": {
      "widths": [
        38.19540722947616,
        38.131630929321645,
        38.110164421980045,
        38.13596851835479,
        38.17514011330839,
        38.158236238184436,
        38.15297010999486,
        38.13437526972496,
        38.184336777663034,
        38.14532056346434,
        38.179737623822405,
        38.18526915411231,
        38.09836168284685,
        38.08951000179999,
        38.04605296317627,
        38.156857433389064,
        38.12670352362447,
        38.137433447645236,
        38.161451774159346,
        38.15938045377939
      ],
      "mean": 38.1432154114914,
      "std": 0.03580621063586037
    },
    "200": {
      "widths": [
        38.09101203993577,
        38.17049910526621,
        38.108291363826865,
        38.14336894668039,
        38.10838291183797,
        38.08291932307925,
        38.1696066288234,
        38.122325498336416,
        38.18706036815434,
        38.10371676394901,
        38.14637015484244,
        38.16893069773116,
        38.15925564593644,
        38.14038299618377,
        38.07624226853939,
        38.12498280220173,
        38.11506655502601,
        38.1798990635587,
        38.09045193212719,
        38.1459981749926
      ],
      "mean": 38.13173816205144,
      "std": 0.033319090618408896
    },
    "300": {
      "widths": [
        38.095190594686244,
        38.17658865629641,
        38.132311312461894,
        38.11204519453902,
        38.17692078753641,
        38.18567351277576,
        38.093410812012635,
        38.13599738957232,
        38.12750814656309,
        38.108675733691435,
        38.12141563732967,
        38.127829577535955,
        38.12916759041231,
        38.14720629208834,
        38.161446658492565,
        38.11682216536272,
        38.121883384346944,
        38.13976606511714,
        38.14142931579425,
        38.12417553258388
      ],
      "mean": 38.13377321795995,
      "std": 0.024925339416047347
    }
  }
}