{
  "model_path": "/lustre/fswork/projects/rech/aik/uhr51mx/ErrorVolumePolytopes/checkpoints/fashion_mlp_best.pth",
  "data_path": "/lustre/fswork/projects/rech/aik/uhr51mx/ErrorVolumePolytopes/data/fashionMNIST_correct_mlp.pt",
  "sample_idx": 42,
  "bits": 4,
  "n_replications": 20,
  "n_workers": 40,
  "elapsed_total_s": 7934.23,
  "n_directions_grid": [
    10,
    20,
    30,
    50,
    75,
    100,
    150,
    200,
    300
  ],
  "results": {
    "10": {
      "widths": [
        36.92069294416003,
        37.25344774045587,
        37.308292162584806,
        37.23612236039181,
        37.260732733873056,
        36.95356354541771,
        37.03816929874605,
        37.22908008974989,
        37.078454572853005,
        37.263502817274045,
        37.23623628341107,
        37.1217804716416,
        37.404484661408084,
        36.96051297008221,
        37.197621863752225,
        37.397927979389635,
        37.24350260095615,
        37.17416203476415,
        37.220767321254165,
        37.185931039955335
      ],
      "mean": 37.184249274606046,
      "std": 0.131941148190663
    },
    "20": {
      "widths": [
        37.02289749087793,
        37.08768495098094,
        37.096200654604154,
        37.27222150659723,
        36.93765907570036,
        37.11816434029146,
        37.166170776094816,
        37.12409208602278,
        37.12466430903804,
        37.068341399915795,
        37.15248367238503,
        37.07038791987815,
        37.12612618539559,
        37.20559663409272,
        37.18377190967897,
        37.23721714938162,
        37.290616873185584,
        37.06391415161704,
        36.92745841275884,
        37.195859346086614
      ],
      "mean": 37.12357644222918,
      "std": 0.09375921089768087
    },
    "30": {
      "widths": [
        37.2070379673594,
        37.10664577715461,
        37.23387355958184,
        37.19384518352361,
        37.16497561115802,
        37.20047697428651,
        37.2235095635851,
        37.15026257778538,
        37.19819541612908,
        37.20273797985716,
        37.14808577103175,
        37.052065673925576,
        37.13572770617377,
        37.123369846297884,
        37.10170650313673,
        37.15530562988963,
        37.20223202226687,
        37.04230031417861,
        37.01092259642788,
        37.16640999553737
      ],
      "mean": 37.15098433346434,
      "std": 0.06089253474177759
    },
    "50": {
      "widths": [
        37.177652995409595,
        37.17390418949505,
        37.12073571463132,
        37.248373347210794,
        37.17532896689806,
        37.16869539326263,
        37.17732845592745,
        37.19613050692352,
        37.114818598715736,
        37.09943324745603,
        37.13143182577771,
        37.23752520505306,
        37.12936503939548,
        37.01783553613063,
        37.14529493950908,
        37.12064406592189,
        37.1901054624879,
        37.19988307627323,
        37.02454710706637,
        37.04726694867163
      ],
      "mean": 37.14481503111086,
      "std": 0.06171088880024469
    },
    "75": {
      "widths": [
        37.174882347482146,
        37.24788880313869,
        37.15946568571462,
        37.10784643315687,
        37.14440599391504,
        37.10517049850809,
        37.06894145977756,
        37.14485606373306,
        37.14985545557199,
        37.107335014094474,
        37.122770919586756,
        37.129983916033886,
        37.1911768736985,
        37.13657442180048,
        37.14016641015954,
        37.02726167246933,
        37.194949883063536,
        37.07051104837366,
        37.104219572675646,
        37.13787953451031
      ],
      "mean": 37.13330710037321,
      "std": 0.047809017018033646
    },
    "100": {
      "widths": [
        37.165987675374495,
        37.1167088784578,
        37.09939472153585,
        37.13613917901886,
        37.13328484046494,
        37.136727976741554,
        37.20006703716708,
        37.12847950948613,
        37.15759570933568,
        37.14448810433949,
        37.12760058341709,
        37.08883912072342,
        37.128692412885044,
        37.1794597645881,
        37.09536155162403,
        37.134436848925525,
        37.13674384298577,
        37.1831265561401,
        37.1129113346059,
        37.14284875769666
      ],
      "mean": 37.137444720275674,
      "std": 0.028257151587486002
    },
    "150": {
      "widths": [
        37.130956763862315,
        37.129696988888206,
        37.130415158785055,
        37.15335790907215,
        37.13757456684656,
        37.193220969519835,
        37.11181844939909,
        37.14402809610486,
        37.158045811358626,
        37.150573096379766,
        37.1413132450023,
        37.15107199754379,
        37.14294834274516,
        37.22532593414063,
        37.15653161146894,
        37.19983969627154,
        37.16030494582805,
        37.18919425842199,
        37.13972817103378,
        37.09928171510936
      ],
      "mean": 37.1522613863891,
      "std": 0.02940718273959094
    },
    "200": {
      "widths": [
        37.150548482985634,
        37.141538095343655,
        37.083864970270135,
        37.15830460784518,
        37.14823231901191,
        37.14395020826111,
        37.11506540566556,
        37.14914816055092,
        37.123239688735694,
        37.16392427345114,
        37.148695359443415,
        37.17401359748058,
        37.12191453377868,
        37.1395832532532,
        37.13277671164525,
        37.141000220687005,
        37.14723103694179,
        37.16420163538481,
        37.15629200781644,
        37.1373268088832
      ],
      "mean": 37.142042568871766,
      "std": 0.019598497867360704
    },
    "300": {
      "widths": [
        37.14498733471177,
        37.145868126527006,
        37.13219437166071,
        37.12529758150396,
        37.14665699206961,
        37.135443281405614,
        37.17959912781558,
        37.10654501632596,
        37.139510086775566,
        37.148355411110096,
        37.15923602925175,
        37.13550109262891,
        37.14189387546492,
        37.1444696600522,
        37.1495232593444,
        37.12312930547159,
        37.09606600126843,
        37.14512519112964,
        37.16285501866944,
        37.124756433822306
      ],
      "mean": 37.13935065985048,
      "std": 0.018235607934258304
    }
  }
}