{
  "model_path": "/lustre/fswork/projects/rech/aik/uhr51mx/ErrorVolumePolytopes/checkpoints/fashion_mlp_best.pth",
  "data_path": "/lustre/fswork/projects/rech/aik/uhr51mx/ErrorVolumePolytopes/data/fashionMNIST_correct_mlp.pt",
  "sample_idx": 11,
  "bits": 4,
  "n_replications": 20,
  "n_workers": 40,
  "elapsed_total_s": 3979.74,
  "n_directions_grid": [
    10,
    20,
    30,
    50,
    75,
    100,
    150,
    200
  ],
  "results": {
    "10": {
      "widths": [
        38.21235028542116,
        38.21235028542116,
        38.21235028542116,
        38.21235028542116,
        38.21235028542116,
        38.21235028542116,
        38.21235028542116,
        38.21235028542116,
        38.21235028542116,
        38.21235028542116,
        38.21235028542116,
        38.21235028542116,
        38.21235028542116,
        38.21235028542116,
        38.21235028542116,
        38.21235028542116,
        38.21235028542116,
        38.21235028542116,
        38.21235028542116,
        38.21235028542116
      ],
      "mean": 38.21235028542116,
      "std": 0.0
    },
    "20": {
      "widths": [
        38.21368122960722,
        38.21368122960722,
        38.21368122960722,
        38.21368122960722,
        38.21368122960722,
        38.21368122960722,
        38.21368122960722,
        38.21368122960722,
        38.21368122960722,
        38.21368122960722,
        38.21368122960722,
        38.21368122960722,
        38.21368122960722,
        38.21368122960722,
        38.21368122960722,
        38.21368122960722,
        38.21368122960722,
        38.21368122960722,
        38.21368122960722,
        38.21368122960722
      ],
      "mean": 38.21368122960722,
      "std": 0.0
    },
    "30": {
      "widths": [
        38.23788798440327,
        38.23788798440327,
        38.23788798440327,
        38.23788798440327,
        38.23788798440327,
        38.23788798440327,
        38.23788798440327,
        38.23788798440327,
        38.23788798440327,
        38.23788798440327,
        38.23788798440327,
        38.23788798440327,
        38.23788798440327,
        38.23788798440327,
        38.23788798440327,
        38.23788798440327,
        38.23788798440327,
        38.23788798440327,
        38.23788798440327,
        38.23788798440327
      ],
      "mean": 38.23788798440328,
      "std": 7.105427357601002e-15
    },
    "50": {
      "widths": [
        38.21458072915177,
        38.21458072915177,
        38.21458072915177,
        38.21458072915177,
        38.21458072915177,
        38.21458072915177,
        38.21458072915177,
        38.21458072915177,
        38.21458072915177,
        38.21458072915177,
        38.21458072915177,
        38.21458072915177,
        38.21458072915177,
        38.21458072915177,
        38.21458072915177,
        38.21458072915177,
        38.21458072915177,
        38.21458072915177,
        38.21458072915177,
        38.21458072915177
      ],
      "mean": 38.21458072915176,
      "std": 7.105427357601002e-15
    },
    "75": {
      "widths": [
        38.19108619203752,
        38.19108619203752,
        38.19108619203752,
        38.19108619203752,
        38.19108619203752,
        38.19108619203752,
        38.19108619203752,
        38.19108619203752,
        38.19108619203752,
        38.19108619203752,
        38.19108619203752,
        38.19108619203752,
        38.19108619203752,
        38.19108619203752,
        38.19108619203752,
        38.19108619203752,
        38.19108619203752,
        38.19108619203752,
        38.19108619203752,
        38.19108619203752
      ],
      "mean": 38.19108619203753,
      "std": 1.4210854715202004e-14
    },
    "100": {
      "widths": [
        38.16335942116297,
        38.16335942116297,
        38.16335942116297,
        38.16335942116297,
        38.16335942116297,
        38.16335942116297,
        38.16335942116297,
        38.16335942116297,
        38.16335942116297,
        38.16335942116297,
        38.16335942116297,
        38.16335942116297,
        38.16335942116297,
        38.16335942116297,
        38.16335942116297,
        38.16335942116297,
        38.16335942116297,
        38.16335942116297,
        38.16335942116297,
        38.16335942116297
      ],
      "mean": 38.16335942116298,
      "std": 7.105427357601002e-15
    },
    "150": {
      "widths": [
        38.218451307360056,
        38.218451307360056,
        38.218451307360056,
        38.218451307360056,
        38.218451307360056,
        38.218451307360056,
        38.218451307360056,
        38.218451307360056,
        38.218451307360056,
        38.218451307360056,
        38.218451307360056,
        38.218451307360056,
        38.218451307360056,
        38.218451307360056,
        38.218451307360056,
        38.218451307360056,
        38.218451307360056,
        38.218451307360056,
        38.218451307360056,
        38.218451307360056
      ],
      "mean": 38.218451307360056,
      "std": 0.0
    },
    "200": {
      "widths": [
        38.21992869337913,
        38.21992869337913,
        38.21992869337913,
        38.21992869337913,
        38.21992869337913,
        38.21992869337913,
        38.21992869337913,
        38.21992869337913,
        38.21992869337913,
        38.21992869337913,
        38.21992869337913,
        38.21992869337913,
        38.21992869337913,
        38.21992869337913,
        38.21992869337913,
        38.21992869337913,
        38.21992869337913,
        38.21992869337913,
        38.21992869337913,
        38.21992869337913
      ],
      "mean": 38.219928693379146,
      "std": 1.4210854715202004e-14
    }
  }
}