{
  "model_path": "/lustre/fswork/projects/rech/aik/uhr51mx/ErrorVolumePolytopes/checkpoints/fashion_mlp_best.pth",
  "data_path": "/lustre/fswork/projects/rech/aik/uhr51mx/ErrorVolumePolytopes/data/fashionMNIST_correct_mlp.pt",
  "sample_idx": 22,
  "bits": 4,
  "n_replications": 20,
  "n_workers": 40,
  "elapsed_total_s": 7068.02,
  "n_directions_grid": [
    10,
    20,
    30,
    50,
    75,
    100,
    150,
    200,
    300
  ],
  "results": {
    "10": {
      "widths": [
        37.91762803117275,
        37.80084501864699,
        37.78416065491442,
        37.71152544224468,
        37.91776690091058,
        37.803395553781556,
        37.59300216137025,
        37.72312533168867,
        37.864942760113806,
        37.75210881843902,
        37.765947816227616,
        37.95772751953035,
        38.065061251859774,
        37.5861913847461,
        37.817438059106294,
        37.816117639963785,
        37.934915665169335,
        37.69823391863274,
        37.70350907496984,
        37.674229445539446
      ],
      "mean": 37.7943936224514,
      "std": 0.11972820691003941
    },
    "20": {
      "widths": [
        37.680471560194796,
        37.6821460892605,
        37.790824512318714,
        37.90587927845163,
        37.67745841135328,
        37.94115575027506,
        37.802571624224214,
        37.68565070532588,
        37.72467150205717,
        37.65165907606566,
        37.76959407401638,
        37.56133829985668,
        37.924880978781104,
        37.63769748720226,
        37.7337625048342,
        37.75127867724087,
        37.90868274849453,
        37.737293240993495,
        37.591246401539706,
        37.80801213101446
      ],
      "mean": 37.74831375267503,
      "std": 0.10670375233779858
    },
    "30": {
      "widths": [
        37.81994985402234,
        37.72453979396702,
        37.88056123930296,
        37.68523019586924,
        37.70668935753042,
        37.66563482624944,
        37.871500192268485,
        37.75529497106483,
        37.97104572895419,
        37.87581755129238,
        37.87820380572133,
        37.8509529011537,
        37.883250157063806,
        37.938776327541895,
        37.97844709338075,
        37.90435487557682,
        37.794070329904486,
        37.89143980000655,
        37.687618028883435,
        37.824803629424984
      ],
      "mean": 37.82940903295895,
      "std": 0.0939705787649148
    },
    "50": {
      "widths": [
        37.85249265850695,
        37.76525163059378,
        37.7137598522498,
        37.84379950322636,
        37.8420776707282,
        37.84184784105558,
        37.84037877374398,
        37.86159146655327,
        37.842282061065276,
        37.79425364252736,
        37.67921590244442,
        37.793464812595786,
        37.796667963098024,
        37.81436209870855,
        37.697789645096,
        37.796302844493155,
        37.797356170098936,
        37.870599675617356,
        37.82894072532684,
        37.849064106542166
      ],
      "mean": 37.806074952213585,
      "std": 0.05333515148669367
    },
    "75": {
      "widths": [
        37.79992811628902,
        37.79671294727618,
        37.827945736206004,
        37.88206049670364,
        37.82430670684396,
        37.907181888170044,
        37.803286199280976,
        37.83800683440031,
        37.875297114481455,
        37.72423707071161,
        37.65029967612775,
        37.71318709863157,
        37.763444172810445,
        37.74167970758258,
        37.86593711152144,
        37.81889046786735,
        37.79389776490169,
        37.866299241968605,
        37.79074552565784,
        37.86926029608439
      ],
      "mean": 37.80763020867584,
      "std": 0.06324924151550482
    },
    "100": {
      "widths": [
        37.73395115357699,
        37.79052592889341,
        37.821694943924534,
        37.82943995488617,
        37.71766235996851,
        37.79677732658772,
        37.81261170060686,
        37.86596676381432,
        37.79706920477773,
        37.780140618486236,
        37.84226976706439,
        37.72936118203626,
        37.82057383018593,
        37.768177626308166,
        37.789641620586565,
        37.757683925736345,
        37.83502660290608,
        37.7646589245856,
        37.833466487907785,
        37.822005667752066
      ],
      "mean": 37.79543527952957,
      "std": 0.03953919574230185
    },
    "150": {
      "widths": [
        37.77083715250261,
        37.78739018548237,
        37.804738002041994,
        37.79405376041506,
        37.7836544163396,
        37.84329639880752,
        37.81864170000491,
        37.741063296310934,
        37.805665448568384,
        37.80878106934188,
        37.78155477708306,
        37.856898078615956,
        37.79021886867185,
        37.82324087735885,
        37.821481905888604,
        37.79547575669724,
        37.841970221965916,
        37.775675316985605,
        37.85521344438564,
        37.822831864161685
      ],
      "mean": 37.80613412708148,
      "std": 0.029159149293691806
    },
    "200": {
      "widths": [
        37.80691101104328,
        37.844107306582345,
        37.781955385773294,
        37.81512764313606,
        37.8068031131412,
        37.83379061095479,
        37.813118117260494,
        37.80063581634102,
        37.789438838258405,
        37.793613932716866,
        37.832311048295715,
        37.82428713405095,
        37.775388393217284,
        37.827472014638495,
        37.764337663006174,
        37.843950725541255,
        37.77049713456667,
        37.79954574790526,
        37.772895311940445,
        37.81551810658328
      ],
      "mean": 37.80558525274766,
      "std": 0.023958868399443223
    },
    "300": {
      "widths": [
        37.82967728439334,
        37.774114026272294,
        37.81432656367529,
        37.759513870745735,
        37.82892129361721,
        37.77043218310105,
        37.838100602265165,
        37.84285243750654,
        37.80433143565938,
        37.81340807324046,
        37.772700715543046,
        37.7925069500944,
        37.7814013422238,
        37.78262482006791,
        37.81377794323851,
        37.75889577893657,
        37.8346979427954,
        37.787921475410286,
        37.84166984854058,
        37.80322363271464
      ],
      "mean": 37.80225491100209,
      "std": 0.027309274981353843
    }
  }
}