{
  "model_path": "/lustre/fswork/projects/rech/aik/uhr51mx/ErrorVolumePolytopes/checkpoints/fashion_mlp_best.pth",
  "data_path": "/lustre/fswork/projects/rech/aik/uhr51mx/ErrorVolumePolytopes/data/fashionMNIST_correct_mlp.pt",
  "sample_idx": 6,
  "bits": 4,
  "n_replications": 20,
  "n_workers": 40,
  "elapsed_total_s": 8226.87,
  "n_directions_grid": [
    10,
    20,
    30,
    50,
    75,
    100,
    150,
    200,
    300
  ],
  "results": {
    "10": {
      "widths": [
        36.18482561480551,
        35.988448112497785,
        36.4836911115274,
        35.96983689089261,
        36.290818194302645,
        36.26366363230863,
        36.087046342909716,
        36.22220997755652,
        36.21771631188087,
        36.44714463187778,
        36.398634824747674,
        35.971597549606436,
        36.02753463590514,
        36.40934255071296,
        36.294161372933864,
        36.22913102821527,
        36.42104463805034,
        36.303492652261646,
        35.922432171592234,
        35.94116952120836
      ],
      "mean": 36.20369708828967,
      "std": 0.17939197095588405
    },
    "20": {
      "widths": [
        36.122869380639074,
        36.21499164669357,
        36.246419452506586,
        36.164211430646745,
        36.128912141062244,
        36.16465280031248,
        36.1669578924402,
        36.19539664231693,
        36.121272933115236,
        36.04851188628419,
        36.113737599071484,
        36.20818650809141,
        36.27697927147177,
        36.13646016114212,
        36.12571956834955,
        36.184296574667925,
        36.16313025559931,
        36.17423437677663,
        36.22032137907847,
        36.29708330292597
      ],
      "mean": 36.17371726015959,
      "std": 0.058074603865822576
    },
    "30": {
      "widths": [
        36.15348723026845,
        36.21683714488653,
        36.07632385719948,
        36.271872629164456,
        36.17389034641362,
        36.197341647197455,
        36.05813933233174,
        36.23702321297222,
        36.26432131335446,
        36.22113789369574,
        36.198676222028965,
        36.27915388849389,
        36.37937490609228,
        36.08582678356801,
        36.172015651899045,
        36.2058929192503,
        36.23030847305752,
        36.20449550963203,
        36.2742869816865,
        36.23582121270318
      ],
      "mean": 36.20681135779479,
      "std": 0.07375121610720826
    },
    "50": {
      "widths": [
        36.16961924667433,
        36.21864498725288,
        36.15743340659417,
        36.28565071863715,
        36.14355432777582,
        36.12514214378648,
        36.25559389867896,
        36.164339987645434,
        36.17745982064765,
        36.14538090999426,
        36.187001368261434,
        36.133996175639595,
        36.18820826702167,
        36.211435334402175,
        36.224628451566325,
        36.13009534449036,
        36.16588640790249,
        36.16513957902284,
        36.17847231116179,
        36.19994020284612
      ],
      "mean": 36.1813811445001,
      "std": 0.04077972507304515
    },
    "75": {
      "widths": [
        36.202228203181676,
        36.21868569433633,
        36.12411218689989,
        36.1960831352103,
        36.18137073633531,
        36.13260585130562,
        36.232499424373685,
        36.20297244772905,
        36.23316311112194,
        36.15502340598645,
        36.19606188533738,
        36.244120573534,
        36.14329444047622,
        36.22241531098456,
        36.1775239722064,
        36.175851488080575,
        36.20424331475428,
        36.18357433137002,
        36.177986499989174,
        36.13827115111241
      ],
      "mean": 36.18710435821627,
      "std": 0.034081154165330495
    },
    "100": {
      "widths": [
        36.225247091958586,
        36.16877482638021,
        36.20684907510155,
        36.179030915687186,
        36.16813704294729,
        36.16975946064217,
        36.18008592994342,
        36.267087436406044,
        36.13079013259059,
        36.18599071943317,
        36.15235918580461,
        36.19750969168935,
        36.17432614356292,
        36.23860165400525,
        36.21707771905587,
        36.11964315995453,
        36.12825877335079,
        36.11869008204023,
        36.18428517981012,
        36.16134974389238
      ],
      "mean": 36.178692698212814,
      "std": 0.03840909617444162
    },
    "150": {
      "widths": [
        36.17529924745897,
        36.20840689021621,
        36.20169539561934,
        36.19279144548247,
        36.24292266870256,
        36.12941961747576,
        36.198630412783125,
        36.13336923119571,
        36.16825981180109,
        36.181651841080324,
        36.214126574561426,
        36.133331191988745,
        36.11173468033605,
        36.119954553014566,
        36.20069233660637,
        36.19555476829149,
        36.146708342953865,
        36.10590984193716,
        36.15550928310564,
        36.18542576503421
      ],
      "mean": 36.17006969498225,
      "std": 0.03753406014354992
    },
    "200": {
      "widths": [
        36.169899093352704,
        36.15576432757021,
        36.198181043031056,
        36.21181779569799,
        36.17270339888954,
        36.23354775809376,
        36.20771197471688,
        36.21587466087838,
        36.24309461095478,
        36.15218623364415,
        36.22045048330506,
        36.155439992854554,
        36.161033865807156,
        36.200896807576484,
        36.18052943219416,
        36.18945338851209,
        36.14760235792394,
        36.143010341291365,
        36.17472318490598,
        36.21406411914745
      ],
      "mean": 36.18739924351738,
      "std": 0.029494872360406654
    },
    "300": {
      "widths": [
        36.14724914374503,
        36.209379903477036,
        36.188307851110025,
        36.181618630055844,
        36.164158080707466,
        36.18856306700659,
        36.16291218095292,
        36.149452772095835,
        36.148803861680925,
        36.20859259578859,
        36.179756673470635,
        36.26248560653255,
        36.205831348313914,
        36.18273512959919,
        36.20006338372456,
        36.1798283344039,
        36.185313892523375,
        36.14410116513937,
        36.22630675963703,
        36.18712699751789
      ],
      "mean": 36.185129368874136,
      "std": 0.02847340922666029
    }
  }
}