{
  "model_path": "/lustre/fswork/projects/rech/aik/uhr51mx/ErrorVolumePolytopes/checkpoints/fashion_mlp_best.pth",
  "data_path": "/lustre/fswork/projects/rech/aik/uhr51mx/ErrorVolumePolytopes/data/fashionMNIST_correct_mlp.pt",
  "sample_idx": 41,
  "bits": 4,
  "n_replications": 20,
  "n_workers": 40,
  "elapsed_total_s": 6951.94,
  "n_directions_grid": [
    10,
    20,
    30,
    50,
    75,
    100,
    150,
    200,
    300
  ],
  "results": {
    "10": {
      "widths": [
        38.008155902896775,
        37.71945894975085,
        37.920240913473975,
        37.750030644031554,
        37.684711862090026,
        37.846422237390684,
        37.71724043179357,
        37.898709292808526,
        37.9223108573413,
        38.017941366006745,
        37.80905130231447,
        37.75846105515018,
        38.007740478772064,
        37.80248121959295,
        38.092919295080165,
        37.84772264827497,
        37.845955865726026,
        37.95340732437432,
        37.95259745087058,
        38.06890032598935
      ],
      "mean": 37.88122297118646,
      "std": 0.11908243395231578
    },
    "20": {
      "widths": [
        37.937580334064414,
        37.795378194707425,
        37.9756312675108,
        37.85401142021707,
        37.98802674836606,
        37.83091561753061,
        37.90915665762279,
        37.88912372898931,
        37.98462090279358,
        38.15741839560938,
        38.17315631447068,
        37.98765705897257,
        37.90222574673589,
        37.62973836534701,
        38.06674366231582,
        37.7826088815993,
        37.98887424652705,
        37.82316459346332,
        37.9709227827818,
        37.90284101360742
      ],
      "mean": 37.92748979666161,
      "std": 0.12389444572123583
    },
    "30": {
      "widths": [
        37.80204337291547,
        37.94249375230494,
        37.90029596084517,
        37.829302715381935,
        37.92497950714815,
        38.005491682851776,
        37.92282706679289,
        37.774062241536676,
        37.92624243413956,
        37.96624432951169,
        37.90279421159061,
        37.95006009632848,
        37.92123945148413,
        37.86267518436746,
        37.817347360484746,
        37.86881040057533,
        38.030882876272635,
        38.055884736813255,
        37.93806257253142,
        38.033677797644486
      ],
      "mean": 37.91877088757603,
      "std": 0.07598504751143774
    },
    "50": {
      "widths": [
        37.85089282820049,
        37.944413183814405,
        37.8638438470258,
        37.88816448749599,
        37.89538050657621,
        37.89173975512426,
        37.87875030014031,
        38.04686032946902,
        37.87093973645424,
        37.89521528606007,
        37.77998647884231,
        37.76473018435175,
        37.73561450764273,
        37.92819338764476,
        37.82733407765927,
        37.88012321715052,
        37.8751165036775,
        37.94270769481657,
        37.88552132089399,
        37.90150705919313
      ],
      "mean": 37.87735173461167,
      "std": 0.0661052458489246
    },
    "75": {
      "widths": [
        37.92519966775707,
        37.95384968948872,
        37.92444344678022,
        37.918777765081465,
        37.84714809895882,
        37.805046839387046,
        37.900371601840014,
        37.86186666775055,
        37.93028693327855,
        37.91063619376752,
        37.86520898845757,
        37.90444431314075,
        37.8272694788246,
        37.89955800187328,
        37.955371817758696,
        37.78981779751637,
        37.95403017079922,
        37.93508553612342,
        37.86777020603556,
        37.920787266604854
      ],
      "mean": 37.89484852406122,
      "std": 0.047747071999039735
    },
    "100": {
      "widths": [
        37.85838775479596,
        37.8615841300162,
        37.91607956183227,
        37.80050481660095,
        37.92295117180876,
        37.913460836596066,
        37.85324806923761,
        37.88242001271054,
        37.8459980842847,
        37.91913747897865,
        37.94942460570646,
        37.97276565101472,
        37.899553948957234,
        37.862688607102285,
        37.90628632129546,
        37.83366997693177,
        37.89792331578199,
        37.91343818606793,
        37.855084583257714,
        37.83059622843372
      ],
      "mean": 37.88476016707055,
      "std": 0.04230466116833534
    },
    "150": {
      "widths": [
        37.872891785818126,
        37.84691051792199,
        37.79698067369083,
        37.88180739151603,
        37.955845104789965,
        37.89794330728908,
        37.887561146103224,
        37.86348196656009,
        37.88154909992486,
        37.90261449694568,
        37.92514268142657,
        37.96634095271503,
        37.945235707985766,
        37.90925713543348,
        37.88872769032427,
        37.87204122328078,
        37.90721820320476,
        37.86734612119404,
        37.86841464018086,
        37.92266490719883
      ],
      "mean": 37.892998737675214,
      "std": 0.038196286491210395
    },
    "200": {
      "widths": [
        37.912179039564364,
        37.90898000284981,
        37.87960828469898,
        37.883561850417074,
        37.928322134811744,
        37.84325289172489,
        37.86288295625464,
        37.90273812050825,
        37.85612162596639,
        37.957010469615796,
        37.908511794413556,
        37.95786678150554,
        37.93813472140622,
        37.94548277818235,
        37.89262802145711,
        37.94473165721983,
        37.88133280438537,
        37.9338298978883,
        37.895578260636455,
        37.882882216975915
      ],
      "mean": 37.90578181552412,
      "std": 0.032889352748497074
    },
    "300": {
      "widths": [
        37.902136968817665,
        37.94499827802328,
        37.87153309378254,
        37.859554018611405,
        37.90179716621099,
        37.90953054838553,
        37.88115906136994,
        37.86284062837349,
        37.91713183094905,
        37.87842208825905,
        37.908931728246955,
        37.894904968566145,
        37.898435879713986,
        37.897986713013594,
        37.840053535902804,
        37.92123150378088,
        37.926697923487374,
        37.89914208928579,
        37.90019191043574,
        37.902571009878905
      ],
      "mean": 37.895962547254754,
      "std": 0.02409912087000001
    }
  }
}