{
  "model_type": "mlp",
  "sample_idx": 2,
  "model_path": "/lustre/fswork/projects/rech/aik/uhr51mx/ErrorVolumePolytopes/checkpoints/fashion_mlp_best.pth",
  "data_path": "/lustre/fswork/projects/rech/aik/uhr51mx/ErrorVolumePolytopes/data/fashionMNIST_augmented_mlp_seed42_walk_1point.pt",
  "n_directions": 200,
  "n_directions_used": 200,
  "bits_grid": [
    4,
    6,
    8,
    10,
    12,
    16
  ],
  "width_base": 39.67958031050383,
  "widths_correct": {
    "4": 37.30034681359508,
    "6": 39.282441068768684,
    "8": 39.59432085524829,
    "10": 39.659523224821356,
    "12": 39.67370614888886,
    "16": 39.679252091650476
  },
  "widths_both": {
    "4": 37.30034681359288,
    "6": 39.28244106877506,
    "8": 39.594320855250956,
    "10": 39.65952322483423,
    "12": 39.67370614888049,
    "16": 39.67925209149183
  }
}