{
  "model_type": "mlp",
  "sample_idx": 59,
  "model_path": "/lustre/fswork/projects/rech/aik/uhr51mx/ErrorVolumePolytopes/checkpoints/fashion_mlp_best.pth",
  "data_path": "/lustre/fswork/projects/rech/aik/uhr51mx/ErrorVolumePolytopes/data/fashionMNIST_augmented_mlp_seed42_walk_1point.pt",
  "n_directions": 200,
  "n_directions_used": 200,
  "bits_grid": [
    4,
    6,
    8,
    10,
    12,
    16
  ],
  "width_base": 39.73528638261307,
  "widths_correct": {
    "4": 37.440306208159775,
    "6": 38.39799099015473,
    "8": 39.61717451371224,
    "10": 39.65693457295433,
    "12": 39.729377599346996,
    "16": 39.73496051826239
  },
  "widths_both": {
    "4": 37.440306208161644,
    "6": 38.39799099015023,
    "8": 39.61717451370758,
    "10": 39.65693457299824,
    "12": 39.72937759934117,
    "16": 39.73496051825778
  }
}