{
  "model_type": "mlp",
  "sample_idx": 93,
  "model_path": "/lustre/fswork/projects/rech/aik/uhr51mx/ErrorVolumePolytopes/checkpoints/fashion_mlp_best.pth",
  "data_path": "/lustre/fswork/projects/rech/aik/uhr51mx/ErrorVolumePolytopes/data/fashionMNIST_augmented_mlp_seed42_walk_1point.pt",
  "n_directions": 200,
  "n_directions_used": 200,
  "bits_grid": [
    4,
    6,
    8,
    10,
    12,
    16
  ],
  "width_base": 39.73413822047661,
  "widths_correct": {
    "4": 37.37829110940779,
    "6": 39.25598109041887,
    "8": 39.63352940759083,
    "10": 39.71425122809873,
    "12": 39.72831692542486,
    "16": 39.73381141051682
  },
  "widths_both": {
    "4": 37.37829110938646,
    "6": 39.25598109042162,
    "8": 39.63352940759111,
    "10": 39.71425122809952,
    "12": 39.72831692542529,
    "16": 39.73381141051598
  }
}