{
  "model_type": "mlp",
  "sample_idx": 24,
  "model_path": "/lustre/fswork/projects/rech/aik/uhr51mx/ErrorVolumePolytopes/checkpoints/fashion_mlp_best.pth",
  "data_path": "/lustre/fswork/projects/rech/aik/uhr51mx/ErrorVolumePolytopes/data/fashionMNIST_augmented_mlp_seed42_walk_1point.pt",
  "n_directions": 200,
  "n_directions_used": 200,
  "bits_grid": [
    4,
    6,
    8,
    10,
    12,
    16
  ],
  "width_base": 39.68936734374422,
  "widths_correct": {
    "4": 37.49229801503669,
    "6": 39.25840913995077,
    "8": 39.59511297120854,
    "10": 39.669283917347656,
    "12": 39.68356889026434,
    "16": 39.689042794908985
  },
  "widths_both": {
    "4": 37.492298015045094,
    "6": 39.258409139961664,
    "8": 39.59511297120451,
    "10": 39.66928391724764,
    "12": 39.683568890270955,
    "16": 39.68904279490499
  }
}