{
  "model_type": "mlp",
  "sample_idx": 19,
  "model_path": "/lustre/fswork/projects/rech/aik/uhr51mx/ErrorVolumePolytopes/checkpoints/fashion_mlp_best.pth",
  "data_path": "/lustre/fswork/projects/rech/aik/uhr51mx/ErrorVolumePolytopes/data/fashionMNIST_augmented_mlp_seed42_walk_1point.pt",
  "n_directions": 200,
  "n_directions_used": 200,
  "bits_grid": [
    4,
    6,
    8,
    10,
    12,
    16
  ],
  "width_base": 39.726045783058154,
  "widths_correct": {
    "4": 37.49808742378685,
    "6": 38.531567845250805,
    "8": 39.624468129255035,
    "10": 39.70605679932652,
    "12": 39.720060212890616,
    "16": 39.72572355767949
  },
  "widths_both": {
    "4": 37.498087423798445,
    "6": 38.53156784524781,
    "8": 39.624468129212666,
    "10": 39.70605679932644,
    "12": 39.72006021292749,
    "16": 39.72572355767382
  }
}