{
  "model_type": "mlp",
  "sample_idx": 37,
  "model_path": "/lustre/fswork/projects/rech/aik/uhr51mx/ErrorVolumePolytopes/checkpoints/fashion_mlp_best.pth",
  "data_path": "/lustre/fswork/projects/rech/aik/uhr51mx/ErrorVolumePolytopes/data/fashionMNIST_augmented_mlp_seed42_walk_1point.pt",
  "n_directions": 200,
  "n_directions_used": 200,
  "bits_grid": [
    4,
    6,
    8,
    10,
    12,
    16
  ],
  "width_base": 39.696787019691335,
  "widths_correct": {
    "4": 37.45314926373587,
    "6": 39.22953637504402,
    "8": 39.61014649930961,
    "10": 39.676604126175114,
    "12": 39.69090231094954,
    "16": 39.69645914054367
  },
  "widths_both": {
    "4": 37.45314926376504,
    "6": 39.22953637507601,
    "8": 39.610146499256096,
    "10": 39.67660412617784,
    "12": 39.69090231095045,
    "16": 39.69645914057524
  }
}