{
  "model_type": "mlp",
  "sample_idx": 60,
  "model_path": "/lustre/fswork/projects/rech/aik/uhr51mx/ErrorVolumePolytopes/checkpoints/fashion_mlp_best.pth",
  "data_path": "/lustre/fswork/projects/rech/aik/uhr51mx/ErrorVolumePolytopes/data/fashionMNIST_augmented_mlp_seed42_walk_1point.pt",
  "n_directions": 200,
  "n_directions_used": 200,
  "bits_grid": [
    4,
    6,
    8,
    10,
    12,
    16
  ],
  "width_base": 39.70672853939312,
  "widths_correct": {
    "4": 37.50646295126964,
    "6": 39.27313178500829,
    "8": 39.58399441455225,
    "10": 39.635347615339136,
    "12": 39.70088297766466,
    "16": 39.706397780904624
  },
  "widths_both": {
    "4": 37.506462951286146,
    "6": 39.27313178499734,
    "8": 39.58399441454173,
    "10": 39.63534761534263,
    "12": 39.70088297766152,
    "16": 39.706397780904396
  }
}