{
  "model_type": "mlp",
  "sample_idx": 22,
  "model_path": "/lustre/fswork/projects/rech/aik/uhr51mx/ErrorVolumePolytopes/checkpoints/fashion_mlp_best.pth",
  "data_path": "/lustre/fswork/projects/rech/aik/uhr51mx/ErrorVolumePolytopes/data/fashionMNIST_augmented_mlp_seed42_walk_1point.pt",
  "n_directions": 200,
  "n_directions_used": 200,
  "bits_grid": [
    4,
    6,
    8,
    10,
    12,
    16
  ],
  "width_base": 39.709960667383484,
  "widths_correct": {
    "4": 37.526297961610986,
    "6": 39.20458196171638,
    "8": 39.61110010728573,
    "10": 39.68992090545867,
    "12": 39.689207600783824,
    "16": 39.7096336198881
  },
  "widths_both": {
    "4": 37.52629796157839,
    "6": 39.204581961722425,
    "8": 39.61110010728358,
    "10": 39.689920905458656,
    "12": 39.689207600526714,
    "16": 39.709633619906356
  }
}