{
  "model_type": "mlp",
  "sample_idx": 46,
  "model_path": "/lustre/fswork/projects/rech/aik/uhr51mx/ErrorVolumePolytopes/checkpoints/fashion_mlp_best.pth",
  "data_path": "/lustre/fswork/projects/rech/aik/uhr51mx/ErrorVolumePolytopes/data/fashionMNIST_augmented_mlp_seed42_walk_1point.pt",
  "n_directions": 200,
  "n_directions_used": 200,
  "bits_grid": [
    4,
    6,
    8,
    10,
    12,
    16
  ],
  "width_base": 39.775541403080496,
  "widths_correct": {
    "4": 37.33983232786129,
    "6": 39.249563355064645,
    "8": 39.59085647515808,
    "10": 39.75575398153128,
    "12": 39.7696997393537,
    "16": 39.775213799972505
  },
  "widths_both": {
    "4": 37.33983232785107,
    "6": 39.249563355061944,
    "8": 39.590856475169865,
    "10": 39.75575398153805,
    "12": 39.76969973931114,
    "16": 39.77521380004278
  }
}