{
  "model_type": "mlp",
  "sample_idx": 76,
  "model_path": "/lustre/fswork/projects/rech/aik/uhr51mx/ErrorVolumePolytopes/checkpoints/fashion_mlp_best.pth",
  "data_path": "/lustre/fswork/projects/rech/aik/uhr51mx/ErrorVolumePolytopes/data/fashionMNIST_augmented_mlp_seed42_walk_1point.pt",
  "n_directions": 200,
  "n_directions_used": 200,
  "bits_grid": [
    4,
    6,
    8,
    10,
    12,
    16
  ],
  "width_base": 39.74863910379515,
  "widths_correct": {
    "4": 37.42623058171622,
    "6": 39.33268846310518,
    "8": 39.663450609995586,
    "10": 39.728420616903186,
    "12": 39.74276961616805,
    "16": 39.748313384676
  },
  "widths_both": {
    "4": 37.42623058209648,
    "6": 39.33268846310285,
    "8": 39.663450609996126,
    "10": 39.7284206169086,
    "12": 39.742769616165695,
    "16": 39.74831338467
  }
}