{
  "model_type": "mlp",
  "sample_idx": 86,
  "model_path": "/lustre/fswork/projects/rech/aik/uhr51mx/ErrorVolumePolytopes/checkpoints/fashion_mlp_best.pth",
  "data_path": "/lustre/fswork/projects/rech/aik/uhr51mx/ErrorVolumePolytopes/data/fashionMNIST_augmented_mlp_seed42_walk_1point.pt",
  "n_directions": 200,
  "n_directions_used": 200,
  "bits_grid": [
    4,
    6,
    8,
    10,
    12,
    16
  ],
  "width_base": 39.734712921542254,
  "widths_correct": {
    "4": 37.3845539465517,
    "6": 38.49128179118571,
    "8": 39.582082365582636,
    "10": 39.71484585649555,
    "12": 39.728786130918564,
    "16": 39.73439041682692
  },
  "widths_both": {
    "4": 37.384553946482605,
    "6": 38.49128179118685,
    "8": 39.5820823655885,
    "10": 39.71484585649509,
    "12": 39.72878613090993,
    "16": 39.734390416818016
  }
}