{
  "model_type": "mlp",
  "sample_idx": 87,
  "model_path": "/lustre/fswork/projects/rech/aik/uhr51mx/ErrorVolumePolytopes/checkpoints/fashion_mlp_best.pth",
  "data_path": "/lustre/fswork/projects/rech/aik/uhr51mx/ErrorVolumePolytopes/data/fashionMNIST_augmented_mlp_seed42_walk_1point.pt",
  "n_directions": 200,
  "n_directions_used": 200,
  "bits_grid": [
    4,
    6,
    8,
    10,
    12,
    16
  ],
  "width_base": 39.69363406406452,
  "widths_correct": {
    "4": 37.36747920362876,
    "6": 39.20046019127761,
    "8": 39.582403915383814,
    "10": 39.67322790944155,
    "12": 39.68771800651362,
    "16": 39.69330682670576
  },
  "widths_both": {
    "4": 37.36747920362814,
    "6": 39.2004601912778,
    "8": 39.582403915384496,
    "10": 39.67322790944277,
    "12": 39.68771800651608,
    "16": 39.693306826660574
  }
}