{
  "model_type": "mlp",
  "sample_idx": 71,
  "model_path": "/lustre/fswork/projects/rech/aik/uhr51mx/ErrorVolumePolytopes/checkpoints/fashion_mlp_best.pth",
  "data_path": "/lustre/fswork/projects/rech/aik/uhr51mx/ErrorVolumePolytopes/data/fashionMNIST_augmented_mlp_seed42_walk_1point.pt",
  "n_directions": 200,
  "n_directions_used": 200,
  "bits_grid": [
    4,
    6,
    8,
    10,
    12,
    16
  ],
  "width_base": 39.71473050096734,
  "widths_correct": {
    "4": 37.54318085671157,
    "6": 39.285983448143114,
    "8": 39.56229293470029,
    "10": 39.69438407035124,
    "12": 39.70883740148022,
    "16": 39.71440374590501
  },
  "widths_both": {
    "4": 37.54318085671484,
    "6": 39.28598344814304,
    "8": 39.56229293469703,
    "10": 39.69438407035332,
    "12": 39.708837401478576,
    "16": 39.71440374595483
  }
}