{
  "model_type": "mlp",
  "sample_idx": 23,
  "model_path": "/lustre/fswork/projects/rech/aik/uhr51mx/ErrorVolumePolytopes/checkpoints/fashion_mlp_best.pth",
  "data_path": "/lustre/fswork/projects/rech/aik/uhr51mx/ErrorVolumePolytopes/data/fashionMNIST_augmented_mlp_seed42_walk_1point.pt",
  "n_directions": 200,
  "n_directions_used": 200,
  "bits_grid": [
    4,
    6,
    8,
    10,
    12,
    16
  ],
  "width_base": 39.73187154687682,
  "widths_correct": {
    "4": 37.36870574690237,
    "6": 39.27861220240239,
    "8": 39.64626804827087,
    "10": 39.711524782158534,
    "12": 39.725919280125645,
    "16": 39.73153931251929
  },
  "widths_both": {
    "4": 37.36870574735657,
    "6": 39.27861220240419,
    "8": 39.64626804827254,
    "10": 39.71152478215896,
    "12": 39.72591928012567,
    "16": 39.731539312547255
  }
}