{
  "model_type": "mlp",
  "sample_idx": 92,
  "model_path": "/lustre/fswork/projects/rech/aik/uhr51mx/ErrorVolumePolytopes/checkpoints/fashion_mlp_best.pth",
  "data_path": "/lustre/fswork/projects/rech/aik/uhr51mx/ErrorVolumePolytopes/data/fashionMNIST_augmented_mlp_seed42_walk_1point.pt",
  "n_directions": 200,
  "n_directions_used": 200,
  "bits_grid": [
    4,
    6,
    8,
    10,
    12,
    16
  ],
  "width_base": 39.74393315273216,
  "widths_correct": {
    "4": 37.548588825746265,
    "6": 39.057611647428544,
    "8": 39.659465416782695,
    "10": 39.72393055108809,
    "12": 39.73799269940302,
    "16": 39.7436042196413
  },
  "widths_both": {
    "4": 37.54858882574087,
    "6": 39.05761164742847,
    "8": 39.65946541678376,
    "10": 39.72393055111217,
    "12": 39.737992699402206,
    "16": 39.74360421975263
  }
}