{
  "model_type": "mlp",
  "sample_idx": 6,
  "model_path": "/lustre/fswork/projects/rech/aik/uhr51mx/ErrorVolumePolytopes/checkpoints/fashion_mlp_best.pth",
  "data_path": "/lustre/fswork/projects/rech/aik/uhr51mx/ErrorVolumePolytopes/data/fashionMNIST_augmented_mlp_seed42_walk_1point.pt",
  "n_directions": 200,
  "n_directions_used": 200,
  "bits_grid": [
    4,
    6,
    8,
    10,
    12,
    16
  ],
  "width_base": 39.73075770691526,
  "widths_correct": {
    "4": 37.49611938535629,
    "6": 39.30510188580285,
    "8": 39.644807717235814,
    "10": 39.71093095164993,
    "12": 39.72486054171072,
    "16": 39.730428556340456
  },
  "widths_both": {
    "4": 37.49611938528321,
    "6": 39.30510188581581,
    "8": 39.64480771725143,
    "10": 39.71093095164861,
    "12": 39.72486054170672,
    "16": 39.73042855632748
  }
}