{
  "model_type": "mlp",
  "sample_idx": 63,
  "model_path": "/lustre/fswork/projects/rech/aik/uhr51mx/ErrorVolumePolytopes/checkpoints/fashion_mlp_best.pth",
  "data_path": "/lustre/fswork/projects/rech/aik/uhr51mx/ErrorVolumePolytopes/data/fashionMNIST_augmented_mlp_seed42_walk_1point.pt",
  "n_directions": 200,
  "n_directions_used": 200,
  "bits_grid": [
    4,
    6,
    8,
    10,
    12,
    16
  ],
  "width_base": 39.74809237108447,
  "widths_correct": {
    "4": 37.43421219638405,
    "6": 39.35784465503734,
    "8": 39.62432848249061,
    "10": 39.72800174972635,
    "12": 39.7421602931343,
    "16": 39.74776420091701
  },
  "widths_both": {
    "4": 37.43421219639027,
    "6": 39.35784465502362,
    "8": 39.62432848248887,
    "10": 39.72800174972589,
    "12": 39.74216029313364,
    "16": 39.74776420090054
  }
}