{
  "model_type": "mlp",
  "sample_idx": 95,
  "model_path": "/lustre/fswork/projects/rech/aik/uhr51mx/ErrorVolumePolytopes/checkpoints/fashion_mlp_best.pth",
  "data_path": "/lustre/fswork/projects/rech/aik/uhr51mx/ErrorVolumePolytopes/data/fashionMNIST_augmented_mlp_seed42_walk_1point.pt",
  "n_directions": 200,
  "n_directions_used": 200,
  "bits_grid": [
    4,
    6,
    8,
    10,
    12,
    16
  ],
  "width_base": 39.736600003634315,
  "widths_correct": {
    "4": 37.61091983798728,
    "6": 39.11830649679886,
    "8": 39.5971855265633,
    "10": 39.71671534427367,
    "12": 39.730731216988985,
    "16": 39.736273397437145
  },
  "widths_both": {
    "4": 37.61091983796433,
    "6": 39.11830649680983,
    "8": 39.59718552655201,
    "10": 39.71671534426885,
    "12": 39.730731216982846,
    "16": 39.73627339741176
  }
}