{
  "model_type": "mlp",
  "sample_idx": 64,
  "model_path": "/lustre/fswork/projects/rech/aik/uhr51mx/ErrorVolumePolytopes/checkpoints/fashion_mlp_best.pth",
  "data_path": "/lustre/fswork/projects/rech/aik/uhr51mx/ErrorVolumePolytopes/data/fashionMNIST_augmented_mlp_seed42_walk_1point.pt",
  "n_directions": 200,
  "n_directions_used": 200,
  "bits_grid": [
    4,
    6,
    8,
    10,
    12,
    16
  ],
  "width_base": 39.729034476933734,
  "widths_correct": {
    "4": 37.18218786667139,
    "6": 39.28072912619538,
    "8": 39.5973316088878,
    "10": 39.70883507346979,
    "12": 39.72312360118317,
    "16": 39.72871141618766
  },
  "widths_both": {
    "4": 37.182187866669736,
    "6": 39.28072912619441,
    "8": 39.59733160888746,
    "10": 39.70883507352568,
    "12": 39.72312360118609,
    "16": 39.7287114161978
  }
}