{
  "model_type": "mlp",
  "sample_idx": 72,
  "model_path": "/lustre/fswork/projects/rech/aik/uhr51mx/ErrorVolumePolytopes/checkpoints/fashion_mlp_best.pth",
  "data_path": "/lustre/fswork/projects/rech/aik/uhr51mx/ErrorVolumePolytopes/data/fashionMNIST_augmented_mlp_seed42_walk_1point.pt",
  "n_directions": 200,
  "n_directions_used": 200,
  "bits_grid": [
    4,
    6,
    8,
    10,
    12,
    16
  ],
  "width_base": 39.70193662727017,
  "widths_correct": {
    "4": 37.397605886796065,
    "6": 39.33156622797508,
    "8": 39.61627036679501,
    "10": 39.681875521187855,
    "12": 39.69614181194462,
    "16": 39.70160737302992
  },
  "widths_both": {
    "4": 37.39760588679397,
    "6": 39.33156622797441,
    "8": 39.6162703667945,
    "10": 39.681875521184864,
    "12": 39.69614181194159,
    "16": 39.70160737301934
  }
}