{
  "model_type": "mlp",
  "sample_idx": 17,
  "model_path": "/lustre/fswork/projects/rech/aik/uhr51mx/ErrorVolumePolytopes/checkpoints/fashion_mlp_best.pth",
  "data_path": "/lustre/fswork/projects/rech/aik/uhr51mx/ErrorVolumePolytopes/data/fashionMNIST_augmented_mlp_seed42_walk_1point.pt",
  "n_directions": 200,
  "n_directions_used": 200,
  "bits_grid": [
    4,
    6,
    8,
    10,
    12,
    16
  ],
  "width_base": 39.686075465592175,
  "widths_correct": {
    "4": 37.577870167920416,
    "6": 39.30306468916628,
    "8": 39.60068014279615,
    "10": 39.666000434871314,
    "12": 39.68023429198004,
    "16": 39.685747364520495
  },
  "widths_both": {
    "4": 37.57787016790709,
    "6": 39.30306468915405,
    "8": 39.60068014279576,
    "10": 39.666000434873396,
    "12": 39.68023429207253,
    "16": 39.68574736454236
  }
}