{
  "model_type": "mlp",
  "sample_idx": 28,
  "model_path": "/lustre/fswork/projects/rech/aik/uhr51mx/ErrorVolumePolytopes/checkpoints/fashion_mlp_best.pth",
  "data_path": "/lustre/fswork/projects/rech/aik/uhr51mx/ErrorVolumePolytopes/data/fashionMNIST_augmented_mlp_seed42_walk_1point.pt",
  "n_directions": 200,
  "n_directions_used": 200,
  "bits_grid": [
    4,
    6,
    8,
    10,
    12,
    16
  ],
  "width_base": 39.689656981771996,
  "widths_correct": {
    "4": 37.562397739045856,
    "6": 39.25773206268964,
    "8": 39.60369085222738,
    "10": 39.669616596482776,
    "12": 39.68380358722927,
    "16": 39.689329579596404
  },
  "widths_both": {
    "4": 37.56239773906632,
    "6": 39.25773206268934,
    "8": 39.603690852216914,
    "10": 39.66961659647934,
    "12": 39.68380358723073,
    "16": 39.68932957956011
  }
}