{
  "model_type": "mlp",
  "sample_idx": 83,
  "model_path": "/lustre/fswork/projects/rech/aik/uhr51mx/ErrorVolumePolytopes/checkpoints/fashion_mlp_best.pth",
  "data_path": "/lustre/fswork/projects/rech/aik/uhr51mx/ErrorVolumePolytopes/data/fashionMNIST_augmented_mlp_seed42_walk_1point.pt",
  "n_directions": 200,
  "n_directions_used": 200,
  "bits_grid": [
    4,
    6,
    8,
    10,
    12,
    16
  ],
  "width_base": 39.714778955975014,
  "widths_correct": {
    "4": 37.222726375217285,
    "6": 39.2822454483433,
    "8": 39.552306638813626,
    "10": 39.68887609493292,
    "12": 39.70882489317867,
    "16": 39.71445197654961
  },
  "widths_both": {
    "4": 37.222726375224404,
    "6": 39.28224544832003,
    "8": 39.55230663881588,
    "10": 39.68887609493261,
    "12": 39.70882489317904,
    "16": 39.71445197665036
  }
}