{
  "model_type": "mlp",
  "sample_idx": 94,
  "model_path": "/lustre/fswork/projects/rech/aik/uhr51mx/ErrorVolumePolytopes/checkpoints/fashion_mlp_best.pth",
  "data_path": "/lustre/fswork/projects/rech/aik/uhr51mx/ErrorVolumePolytopes/data/fashionMNIST_augmented_mlp_seed42_walk_1point.pt",
  "n_directions": 200,
  "n_directions_used": 200,
  "bits_grid": [
    4,
    6,
    8,
    10,
    12,
    16
  ],
  "width_base": 39.75803033728696,
  "widths_correct": {
    "4": 37.59109947616518,
    "6": 39.32089495828316,
    "8": 39.62054784945361,
    "10": 39.73812068710063,
    "12": 39.75208161549447,
    "16": 39.7576997979721
  },
  "widths_both": {
    "4": 37.59109947616551,
    "6": 39.32089495827947,
    "8": 39.62054784945056,
    "10": 39.738120687096846,
    "12": 39.75208161545691,
    "16": 39.75769979791362
  }
}