{
  "model_type": "mlp",
  "sample_idx": 99,
  "model_path": "/lustre/fswork/projects/rech/aik/uhr51mx/ErrorVolumePolytopes/checkpoints/fashion_mlp_best.pth",
  "data_path": "/lustre/fswork/projects/rech/aik/uhr51mx/ErrorVolumePolytopes/data/fashionMNIST_augmented_mlp_seed42_walk_1point.pt",
  "n_directions": 200,
  "n_directions_used": 200,
  "bits_grid": [
    4,
    6,
    8,
    10,
    12,
    16
  ],
  "width_base": 39.73273064302637,
  "widths_correct": {
    "4": 37.65600425373639,
    "6": 39.26062928230239,
    "8": 39.64797383121837,
    "10": 39.71271520704411,
    "12": 39.7267314931214,
    "16": 39.73240112427088
  },
  "widths_both": {
    "4": 37.656004253728455,
    "6": 39.26062928230093,
    "8": 39.647973831223275,
    "10": 39.71271520700989,
    "12": 39.726731493120184,
    "16": 39.73240112427932
  }
}