{
  "model_type": "mlp",
  "sample_idx": 70,
  "model_path": "/lustre/fswork/projects/rech/aik/uhr51mx/ErrorVolumePolytopes/checkpoints/fashion_mlp_best.pth",
  "data_path": "/lustre/fswork/projects/rech/aik/uhr51mx/ErrorVolumePolytopes/data/fashionMNIST_augmented_mlp_seed42_walk_1point.pt",
  "n_directions": 200,
  "n_directions_used": 200,
  "bits_grid": [
    4,
    6,
    8,
    10,
    12,
    16
  ],
  "width_base": 39.69914632044051,
  "widths_correct": {
    "4": 37.52479719063449,
    "6": 39.3145720569582,
    "8": 39.55276752054453,
    "10": 39.66629639069184,
    "12": 39.69324598775555,
    "16": 39.69881613449178
  },
  "widths_both": {
    "4": 37.5247971906331,
    "6": 39.31457205696619,
    "8": 39.55276752054539,
    "10": 39.666296390686256,
    "12": 39.693245987754295,
    "16": 39.6988161344808
  }
}