{
  "model_type": "mlp",
  "sample_idx": 91,
  "model_path": "/lustre/fswork/projects/rech/aik/uhr51mx/ErrorVolumePolytopes/checkpoints/fashion_mlp_best.pth",
  "data_path": "/lustre/fswork/projects/rech/aik/uhr51mx/ErrorVolumePolytopes/data/fashionMNIST_augmented_mlp_seed42_walk_1point.pt",
  "n_directions": 200,
  "n_directions_used": 200,
  "bits_grid": [
    4,
    6,
    8,
    10,
    12,
    16
  ],
  "width_base": 39.762271706585835,
  "widths_correct": {
    "4": 37.60322235519114,
    "6": 39.37969266485564,
    "8": 39.52271789175473,
    "10": 39.74226419691708,
    "12": 39.75635967828314,
    "16": 39.76195253579456
  },
  "widths_both": {
    "4": 37.60322235514198,
    "6": 39.37969266485945,
    "8": 39.52271789191091,
    "10": 39.74226419691767,
    "12": 39.75635967828606,
    "16": 39.76195253576347
  }
}