{
  "model_type": "mlp",
  "sample_idx": 58,
  "model_path": "/lustre/fswork/projects/rech/aik/uhr51mx/ErrorVolumePolytopes/checkpoints/fashion_mlp_best.pth",
  "data_path": "/lustre/fswork/projects/rech/aik/uhr51mx/ErrorVolumePolytopes/data/fashionMNIST_augmented_mlp_seed42_walk_1point.pt",
  "n_directions": 200,
  "n_directions_used": 200,
  "bits_grid": [
    4,
    6,
    8,
    10,
    12,
    16
  ],
  "width_base": 39.71041086186836,
  "widths_correct": {
    "4": 37.32709326990696,
    "6": 39.29298095298032,
    "8": 39.58968787421512,
    "10": 39.68379699704515,
    "12": 39.70456810541044,
    "16": 39.7100837946559
  },
  "widths_both": {
    "4": 37.32709326967987,
    "6": 39.29298095296506,
    "8": 39.58968787421411,
    "10": 39.68379699743163,
    "12": 39.70456810541152,
    "16": 39.71008379472425
  }
}