{
  "model_type": "mlp",
  "sample_idx": 32,
  "model_path": "/lustre/fswork/projects/rech/aik/uhr51mx/ErrorVolumePolytopes/checkpoints/fashion_mlp_best.pth",
  "data_path": "/lustre/fswork/projects/rech/aik/uhr51mx/ErrorVolumePolytopes/data/fashionMNIST_augmented_mlp_seed42_walk_1point.pt",
  "n_directions": 200,
  "n_directions_used": 200,
  "bits_grid": [
    4,
    6,
    8,
    10,
    12,
    16
  ],
  "width_base": 39.731871999784296,
  "widths_correct": {
    "4": 37.41893255893167,
    "6": 39.34091521463086,
    "8": 39.64835294486385,
    "10": 39.71184455489836,
    "12": 39.72594125476079,
    "16": 39.731543577609784
  },
  "widths_both": {
    "4": 37.41893255894845,
    "6": 39.34091521463255,
    "8": 39.648352944869146,
    "10": 39.711844554898114,
    "12": 39.72594125476009,
    "16": 39.731543577600796
  }
}