{
  "model_type": "mlp",
  "sample_idx": 75,
  "model_path": "/lustre/fswork/projects/rech/aik/uhr51mx/ErrorVolumePolytopes/checkpoints/fashion_mlp_best.pth",
  "data_path": "/lustre/fswork/projects/rech/aik/uhr51mx/ErrorVolumePolytopes/data/fashionMNIST_augmented_mlp_seed42_walk_1point.pt",
  "n_directions": 200,
  "n_directions_used": 200,
  "bits_grid": [
    4,
    6,
    8,
    10,
    12,
    16
  ],
  "width_base": 39.767551867229436,
  "widths_correct": {
    "4": 37.621808894154626,
    "6": 39.35681517890305,
    "8": 39.66954608944844,
    "10": 39.74781849135141,
    "12": 39.76163866622881,
    "16": 39.76722079798417
  },
  "widths_both": {
    "4": 37.62180889413933,
    "6": 39.356815178904625,
    "8": 39.66954608944648,
    "10": 39.74781849136122,
    "12": 39.7616386662306,
    "16": 39.767220797905225
  }
}