{
  "model_type": "mlp",
  "sample_idx": 33,
  "model_path": "/lustre/fswork/projects/rech/aik/uhr51mx/ErrorVolumePolytopes/checkpoints/fashion_mlp_best.pth",
  "data_path": "/lustre/fswork/projects/rech/aik/uhr51mx/ErrorVolumePolytopes/data/fashionMNIST_augmented_mlp_seed42_walk_1point.pt",
  "n_directions": 200,
  "n_directions_used": 200,
  "bits_grid": [
    4,
    6,
    8,
    10,
    12,
    16
  ],
  "width_base": 39.68741046440915,
  "widths_correct": {
    "4": 37.18885835051464,
    "6": 39.27598765086209,
    "8": 39.57869534771548,
    "10": 39.66717751165604,
    "12": 39.681474311200844,
    "16": 39.68708352031007
  },
  "widths_both": {
    "4": 37.18885835050043,
    "6": 39.275987650864565,
    "8": 39.57869534770043,
    "10": 39.6671775117468,
    "12": 39.681474311194656,
    "16": 39.687083520397735
  }
}