{
  "model_type": "mlp",
  "sample_idx": 4,
  "model_path": "/lustre/fswork/projects/rech/aik/uhr51mx/ErrorVolumePolytopes/checkpoints/fashion_mlp_best.pth",
  "data_path": "/lustre/fswork/projects/rech/aik/uhr51mx/ErrorVolumePolytopes/data/fashionMNIST_augmented_mlp_seed42_walk_1point.pt",
  "n_directions": 200,
  "n_directions_used": 200,
  "bits_grid": [
    4,
    6,
    8,
    10,
    12,
    16
  ],
  "width_base": 39.730832724236244,
  "widths_correct": {
    "4": 37.21715192620834,
    "6": 39.20227974115271,
    "8": 39.57119565625912,
    "10": 39.66967893696379,
    "12": 39.72497500646405,
    "16": 39.73050788044029
  },
  "widths_both": {
    "4": 37.217151926195065,
    "6": 39.20227974116555,
    "8": 39.57119565630061,
    "10": 39.669678936962995,
    "12": 39.72497500646432,
    "16": 39.73050788047196
  }
}