{
  "model_type": "mlp",
  "sample_idx": 42,
  "model_path": "/lustre/fswork/projects/rech/aik/uhr51mx/ErrorVolumePolytopes/checkpoints/fashion_mlp_best.pth",
  "data_path": "/lustre/fswork/projects/rech/aik/uhr51mx/ErrorVolumePolytopes/data/fashionMNIST_augmented_mlp_seed42_walk_1point.pt",
  "n_directions": 200,
  "n_directions_used": 200,
  "bits_grid": [
    4,
    6,
    8,
    10,
    12,
    16
  ],
  "width_base": 39.78476884810507,
  "widths_correct": {
    "4": 37.652732350331824,
    "6": 39.377614514044666,
    "8": 39.69838999406866,
    "10": 39.764805800696486,
    "12": 39.77894733823084,
    "16": 39.78443925715017
  },
  "widths_both": {
    "4": 37.652732350341296,
    "6": 39.37761451404454,
    "8": 39.698389994064286,
    "10": 39.764805800695385,
    "12": 39.778947338236165,
    "16": 39.78443925706427
  }
}