{
  "model_type": "mlp",
  "sample_idx": 51,
  "model_path": "/lustre/fswork/projects/rech/aik/uhr51mx/ErrorVolumePolytopes/checkpoints/fashion_mlp_best.pth",
  "data_path": "/lustre/fswork/projects/rech/aik/uhr51mx/ErrorVolumePolytopes/data/fashionMNIST_augmented_mlp_seed42_walk_1point.pt",
  "n_directions": 200,
  "n_directions_used": 200,
  "bits_grid": [
    4,
    6,
    8,
    10,
    12,
    16
  ],
  "width_base": 39.70869732831161,
  "widths_correct": {
    "4": 37.44917893157005,
    "6": 39.2603413787255,
    "8": 39.62328745076339,
    "10": 39.68884027205585,
    "12": 39.70279511377863,
    "16": 39.70836889777246
  },
  "widths_both": {
    "4": 37.449178931591895,
    "6": 39.260341378728356,
    "8": 39.62328745076683,
    "10": 39.68884027205536,
    "12": 39.70279511376727,
    "16": 39.708368897539025
  }
}