{
  "model_type": "mlp",
  "sample_idx": 62,
  "model_path": "/lustre/fswork/projects/rech/aik/uhr51mx/ErrorVolumePolytopes/checkpoints/fashion_mlp_best.pth",
  "data_path": "/lustre/fswork/projects/rech/aik/uhr51mx/ErrorVolumePolytopes/data/fashionMNIST_augmented_mlp_seed42_walk_1point.pt",
  "n_directions": 200,
  "n_directions_used": 200,
  "bits_grid": [
    4,
    6,
    8,
    10,
    12,
    16
  ],
  "width_base": 39.71737921478841,
  "widths_correct": {
    "4": 37.22388369785479,
    "6": 39.263502867349835,
    "8": 39.57043829956796,
    "10": 39.69736080010568,
    "12": 39.71155778054824,
    "16": 39.71705579804615
  },
  "widths_both": {
    "4": 37.22388369792122,
    "6": 39.26350286765425,
    "8": 39.5704382995907,
    "10": 39.69736080009963,
    "12": 39.711557780547814,
    "16": 39.717055797974865
  }
}