{
  "model_type": "mlp",
  "sample_idx": 96,
  "model_path": "/lustre/fswork/projects/rech/aik/uhr51mx/ErrorVolumePolytopes/checkpoints/fashion_mlp_best.pth",
  "data_path": "/lustre/fswork/projects/rech/aik/uhr51mx/ErrorVolumePolytopes/data/fashionMNIST_augmented_mlp_seed42_walk_1point.pt",
  "n_directions": 200,
  "n_directions_used": 200,
  "bits_grid": [
    4,
    6,
    8,
    10,
    12,
    16
  ],
  "width_base": 39.723491473042195,
  "widths_correct": {
    "4": 37.525733597620636,
    "6": 39.01078729439482,
    "8": 39.637450050119824,
    "10": 39.646521861991616,
    "12": 39.71763010563063,
    "16": 39.72316689759658
  },
  "widths_both": {
    "4": 37.525733597714854,
    "6": 39.01078729440872,
    "8": 39.63745005011638,
    "10": 39.64652186198578,
    "12": 39.717630105632054,
    "16": 39.72316689754175
  }
}