{
  "model_type": "mlp",
  "sample_idx": 39,
  "model_path": "/lustre/fswork/projects/rech/aik/uhr51mx/ErrorVolumePolytopes/checkpoints/fashion_mlp_best.pth",
  "data_path": "/lustre/fswork/projects/rech/aik/uhr51mx/ErrorVolumePolytopes/data/fashionMNIST_augmented_mlp_seed42_walk_1point.pt",
  "n_directions": 200,
  "n_directions_used": 200,
  "bits_grid": [
    4,
    6,
    8,
    10,
    12,
    16
  ],
  "width_base": 39.656070752895474,
  "widths_correct": {
    "4": 37.13871069849624,
    "6": 39.17947683447264,
    "8": 39.519992532459185,
    "10": 39.635741068362066,
    "12": 39.65015363794657,
    "16": 39.65574702782922
  },
  "widths_both": {
    "4": 37.13871069847543,
    "6": 39.179476834457724,
    "8": 39.51999253245218,
    "10": 39.63574106835959,
    "12": 39.65015363794821,
    "16": 39.655747027829314
  }
}