{
  "model_type": "mlp",
  "sample_idx": 7,
  "model_path": "/lustre/fswork/projects/rech/aik/uhr51mx/ErrorVolumePolytopes/checkpoints/fashion_mlp_best.pth",
  "data_path": "/lustre/fswork/projects/rech/aik/uhr51mx/ErrorVolumePolytopes/data/fashionMNIST_augmented_mlp_seed42_walk_1point.pt",
  "n_directions": 200,
  "n_directions_used": 200,
  "bits_grid": [
    4,
    6,
    8,
    10,
    12,
    16
  ],
  "width_base": 39.70573132871687,
  "widths_correct": {
    "4": 37.46699833360674,
    "6": 39.22905476609006,
    "8": 39.58606973126724,
    "10": 39.68545521786659,
    "12": 39.69979356839428,
    "16": 39.70540844327891
  },
  "widths_both": {
    "4": 37.4669983336036,
    "6": 39.22905476606894,
    "8": 39.58606973126729,
    "10": 39.68545521787058,
    "12": 39.69979356839316,
    "16": 39.705408443322135
  }
}