{
  "model_type": "mlp",
  "sample_idx": 79,
  "model_path": "/lustre/fswork/projects/rech/aik/uhr51mx/ErrorVolumePolytopes/checkpoints/fashion_mlp_best.pth",
  "data_path": "/lustre/fswork/projects/rech/aik/uhr51mx/ErrorVolumePolytopes/data/fashionMNIST_augmented_mlp_seed42_walk_1point.pt",
  "n_directions": 200,
  "n_directions_used": 200,
  "bits_grid": [
    4,
    6,
    8,
    10,
    12,
    16
  ],
  "width_base": 39.738246339297376,
  "widths_correct": {
    "4": 37.53521880671321,
    "6": 39.2331276708822,
    "8": 39.65302960119159,
    "10": 39.71806595753192,
    "12": 39.73242546952722,
    "16": 39.73791503217236
  },
  "widths_both": {
    "4": 37.53521880691024,
    "6": 39.23312767089374,
    "8": 39.65302960119175,
    "10": 39.718065957530165,
    "12": 39.73242546953125,
    "16": 39.73791503214257
  }
}