{
  "model_type": "mlp",
  "sample_idx": 31,
  "model_path": "/lustre/fswork/projects/rech/aik/uhr51mx/ErrorVolumePolytopes/checkpoints/fashion_mlp_best.pth",
  "data_path": "/lustre/fswork/projects/rech/aik/uhr51mx/ErrorVolumePolytopes/data/fashionMNIST_augmented_mlp_seed42_walk_1point.pt",
  "n_directions": 200,
  "n_directions_used": 200,
  "bits_grid": [
    4,
    6,
    8,
    10,
    12,
    16
  ],
  "width_base": 39.688034115175675,
  "widths_correct": {
    "4": 37.35888598615317,
    "6": 39.17277732684544,
    "8": 39.5344862538125,
    "10": 39.62942389215781,
    "12": 39.68213332115848,
    "16": 39.68771251306664
  },
  "widths_both": {
    "4": 37.35888598614397,
    "6": 39.17277732684893,
    "8": 39.534486253815615,
    "10": 39.629423892157455,
    "12": 39.682133321098384,
    "16": 39.687712513058
  }
}