{
  "model_type": "mlp",
  "sample_idx": 40,
  "model_path": "/lustre/fswork/projects/rech/aik/uhr51mx/ErrorVolumePolytopes/checkpoints/fashion_mlp_best.pth",
  "data_path": "/lustre/fswork/projects/rech/aik/uhr51mx/ErrorVolumePolytopes/data/fashionMNIST_augmented_mlp_seed42_walk_1point.pt",
  "n_directions": 200,
  "n_directions_used": 200,
  "bits_grid": [
    4,
    6,
    8,
    10,
    12,
    16
  ],
  "width_base": 39.714965718374486,
  "widths_correct": {
    "4": 37.495960840350676,
    "6": 39.25933546152201,
    "8": 39.62018130048843,
    "10": 39.694901336163475,
    "12": 39.709144392853766,
    "16": 39.71463554708288
  },
  "widths_both": {
    "4": 37.4959608403641,
    "6": 39.25933546150632,
    "8": 39.620181300466044,
    "10": 39.694901336164556,
    "12": 39.70914439285063,
    "16": 39.714635547074295
  }
}