{
  "model_type": "mlp",
  "sample_idx": 29,
  "model_path": "/lustre/fswork/projects/rech/aik/uhr51mx/ErrorVolumePolytopes/checkpoints/fashion_mlp_best.pth",
  "data_path": "/lustre/fswork/projects/rech/aik/uhr51mx/ErrorVolumePolytopes/data/fashionMNIST_augmented_mlp_seed42_walk_1point.pt",
  "n_directions": 200,
  "n_directions_used": 200,
  "bits_grid": [
    4,
    6,
    8,
    10,
    12,
    16
  ],
  "width_base": 39.72625555980527,
  "widths_correct": {
    "4": 37.45325250462546,
    "6": 38.45334007299247,
    "8": 39.61765384214635,
    "10": 39.70619435402066,
    "12": 39.72043442020842,
    "16": 39.725930887880324
  },
  "widths_both": {
    "4": 37.45325250461493,
    "6": 38.453340072992845,
    "8": 39.61765384214996,
    "10": 39.70619435401772,
    "12": 39.720434420211916,
    "16": 39.72593088787963
  }
}