{
  "model_type": "mlp",
  "sample_idx": 25,
  "model_path": "/lustre/fswork/projects/rech/aik/uhr51mx/ErrorVolumePolytopes/checkpoints/fashion_mlp_best.pth",
  "data_path": "/lustre/fswork/projects/rech/aik/uhr51mx/ErrorVolumePolytopes/data/fashionMNIST_augmented_mlp_seed42_walk_1point.pt",
  "n_directions": 200,
  "n_directions_used": 200,
  "bits_grid": [
    4,
    6,
    8,
    10,
    12,
    16
  ],
  "width_base": 39.71385047434199,
  "widths_correct": {
    "4": 37.54466095339457,
    "6": 39.23947983666446,
    "8": 39.59333214612998,
    "10": 39.69377345946279,
    "12": 39.70787792162536,
    "16": 39.71352784202594
  },
  "widths_both": {
    "4": 37.54466095340035,
    "6": 39.23947983666553,
    "8": 39.59333214612966,
    "10": 39.693773459461354,
    "12": 39.70787792161508,
    "16": 39.71352784199794
  }
}