{
  "model_type": "mlp",
  "sample_idx": 9,
  "model_path": "/lustre/fswork/projects/rech/aik/uhr51mx/ErrorVolumePolytopes/checkpoints/fashion_mlp_best.pth",
  "data_path": "/lustre/fswork/projects/rech/aik/uhr51mx/ErrorVolumePolytopes/data/fashionMNIST_augmented_mlp_seed42_walk_1point.pt",
  "n_directions": 200,
  "n_directions_used": 200,
  "bits_grid": [
    4,
    6,
    8,
    10,
    12,
    16
  ],
  "width_base": 39.75768450771053,
  "widths_correct": {
    "4": 37.45242104538132,
    "6": 39.39027413635656,
    "8": 39.671880547496684,
    "10": 39.73738922471993,
    "12": 39.75177605957071,
    "16": 39.757360629493476
  },
  "widths_both": {
    "4": 37.45242104538281,
    "6": 39.39027413635044,
    "8": 39.67188054737094,
    "10": 39.73738922472002,
    "12": 39.751776059572634,
    "16": 39.757360629446026
  }
}