{
  "model_type": "mlp",
  "sample_idx": 20,
  "model_path": "/lustre/fswork/projects/rech/aik/uhr51mx/ErrorVolumePolytopes/checkpoints/fashion_mlp_best.pth",
  "data_path": "/lustre/fswork/projects/rech/aik/uhr51mx/ErrorVolumePolytopes/data/fashionMNIST_augmented_mlp_seed42_walk_1point.pt",
  "n_directions": 200,
  "n_directions_used": 200,
  "bits_grid": [
    4,
    6,
    8,
    10,
    12,
    16
  ],
  "width_base": 39.69741698861082,
  "widths_correct": {
    "4": 37.550320775448,
    "6": 39.289431798904424,
    "8": 39.61145894899546,
    "10": 39.67739204949774,
    "12": 39.69150969862986,
    "16": 39.697095310649
  },
  "widths_both": {
    "4": 37.550320775457664,
    "6": 39.2894317988884,
    "8": 39.61145894897669,
    "10": 39.677392049493186,
    "12": 39.691509698633865,
    "16": 39.6970953106202
  }
}