{
  "model_type": "mlp",
  "sample_idx": 49,
  "model_path": "/lustre/fswork/projects/rech/aik/uhr51mx/ErrorVolumePolytopes/checkpoints/fashion_mlp_best.pth",
  "data_path": "/lustre/fswork/projects/rech/aik/uhr51mx/ErrorVolumePolytopes/data/fashionMNIST_augmented_mlp_seed42_walk_1point.pt",
  "n_directions": 200,
  "n_directions_used": 200,
  "bits_grid": [
    4,
    6,
    8,
    10,
    12,
    16
  ],
  "width_base": 39.793585536526564,
  "widths_correct": {
    "4": 37.54404191529633,
    "6": 39.173535351536096,
    "8": 39.68399031728184,
    "10": 39.773525621986416,
    "12": 39.78767648677205,
    "16": 39.79325640901975
  },
  "widths_both": {
    "4": 37.54404191531209,
    "6": 39.173535351488816,
    "8": 39.683990317281,
    "10": 39.773525621986984,
    "12": 39.78767648861623,
    "16": 39.793256409013004
  }
}