{
  "model_type": "mlp",
  "sample_idx": 48,
  "model_path": "/lustre/fswork/projects/rech/aik/uhr51mx/ErrorVolumePolytopes/checkpoints/fashion_mlp_best.pth",
  "data_path": "/lustre/fswork/projects/rech/aik/uhr51mx/ErrorVolumePolytopes/data/fashionMNIST_augmented_mlp_seed42_walk_1point.pt",
  "n_directions": 200,
  "n_directions_used": 200,
  "bits_grid": [
    4,
    6,
    8,
    10,
    12,
    16
  ],
  "width_base": 39.70319986804037,
  "widths_correct": {
    "4": 37.564821150810715,
    "6": 39.339996507085395,
    "8": 39.61746349098446,
    "10": 39.68300735384392,
    "12": 39.697334672263196,
    "16": 39.70287084051634
  },
  "widths_both": {
    "4": 37.564821150783985,
    "6": 39.3399965070844,
    "8": 39.617463490979816,
    "10": 39.683007353841894,
    "12": 39.69733467226859,
    "16": 39.70287084053129
  }
}