{
  "model_type": "mlp",
  "sample_idx": 66,
  "model_path": "/lustre/fswork/projects/rech/aik/uhr51mx/ErrorVolumePolytopes/checkpoints/fashion_mlp_best.pth",
  "data_path": "/lustre/fswork/projects/rech/aik/uhr51mx/ErrorVolumePolytopes/data/fashionMNIST_augmented_mlp_seed42_walk_1point.pt",
  "n_directions": 200,
  "n_directions_used": 200,
  "bits_grid": [
    4,
    6,
    8,
    10,
    12,
    16
  ],
  "width_base": 39.67319607604788,
  "widths_correct": {
    "4": 37.48290148988697,
    "6": 38.559386210382876,
    "8": 39.57191932500601,
    "10": 39.65319139937727,
    "12": 39.667204145107554,
    "16": 39.67287171198884
  },
  "widths_both": {
    "4": 37.48290148991382,
    "6": 38.55938621039236,
    "8": 39.571919325007656,
    "10": 39.65319139937382,
    "12": 39.6672041451023,
    "16": 39.67287171196364
  }
}