{
  "model_type": "mlp",
  "sample_idx": 34,
  "model_path": "/lustre/fswork/projects/rech/aik/uhr51mx/ErrorVolumePolytopes/checkpoints/fashion_mlp_best.pth",
  "data_path": "/lustre/fswork/projects/rech/aik/uhr51mx/ErrorVolumePolytopes/data/fashionMNIST_augmented_mlp_seed42_walk_1point.pt",
  "n_directions": 200,
  "n_directions_used": 200,
  "bits_grid": [
    4,
    6,
    8,
    10,
    12,
    16
  ],
  "width_base": 39.74355385844333,
  "widths_correct": {
    "4": 37.31077273719946,
    "6": 39.230174333886126,
    "8": 39.51632237198097,
    "10": 39.72349546090092,
    "12": 39.712597556167914,
    "16": 39.743223196418754
  },
  "widths_both": {
    "4": 37.310772737241024,
    "6": 39.23017433388547,
    "8": 39.516322371951354,
    "10": 39.723495460903166,
    "12": 39.71259755616517,
    "16": 39.7432231964058
  }
}