{
  "model_type": "mlp",
  "sample_idx": 67,
  "model_path": "/lustre/fswork/projects/rech/aik/uhr51mx/ErrorVolumePolytopes/checkpoints/fashion_mlp_best.pth",
  "data_path": "/lustre/fswork/projects/rech/aik/uhr51mx/ErrorVolumePolytopes/data/fashionMNIST_augmented_mlp_seed42_walk_1point.pt",
  "n_directions": 200,
  "n_directions_used": 200,
  "bits_grid": [
    4,
    6,
    8,
    10,
    12,
    16
  ],
  "width_base": 39.683765595310824,
  "widths_correct": {
    "4": 37.518224168739316,
    "6": 39.20685535705911,
    "8": 39.598211397547026,
    "10": 39.66365414268623,
    "12": 39.677784067798484,
    "16": 39.68343326967518
  },
  "widths_both": {
    "4": 37.51822416873541,
    "6": 39.20685535705878,
    "8": 39.59821139754074,
    "10": 39.66365414268603,
    "12": 39.67778406780004,
    "16": 39.68343326971963
  }
}