{
  "model_type": "mlp",
  "sample_idx": 11,
  "model_path": "/lustre/fswork/projects/rech/aik/uhr51mx/ErrorVolumePolytopes/checkpoints/fashion_mlp_best.pth",
  "data_path": "/lustre/fswork/projects/rech/aik/uhr51mx/ErrorVolumePolytopes/data/fashionMNIST_augmented_mlp_seed42_walk_1point.pt",
  "n_directions": 200,
  "n_directions_used": 200,
  "bits_grid": [
    4,
    6,
    8,
    10,
    12,
    16
  ],
  "width_base": 39.68438170788423,
  "widths_correct": {
    "4": 37.445333080928926,
    "6": 39.18487888820148,
    "8": 39.56210613609204,
    "10": 39.6642945597474,
    "12": 39.678445452320254,
    "16": 39.68405196190893
  },
  "widths_both": {
    "4": 37.44533308091237,
    "6": 39.18487888820103,
    "8": 39.562106136095686,
    "10": 39.66429455973175,
    "12": 39.67844545232111,
    "16": 39.684051961889594
  }
}