{
  "model_type": "mlp",
  "sample_idx": 73,
  "model_path": "/lustre/fswork/projects/rech/aik/uhr51mx/ErrorVolumePolytopes/checkpoints/fashion_mlp_best.pth",
  "data_path": "/lustre/fswork/projects/rech/aik/uhr51mx/ErrorVolumePolytopes/data/fashionMNIST_augmented_mlp_seed42_walk_1point.pt",
  "n_directions": 200,
  "n_directions_used": 200,
  "bits_grid": [
    4,
    6,
    8,
    10,
    12,
    16
  ],
  "width_base": 39.709946876461615,
  "widths_correct": {
    "4": 37.30797611129399,
    "6": 39.26071131523325,
    "8": 39.6249912942422,
    "10": 39.689831420200065,
    "12": 39.70409954881036,
    "16": 39.70962389521762
  },
  "widths_both": {
    "4": 37.307976111283885,
    "6": 39.26071131526983,
    "8": 39.62499129424466,
    "10": 39.68983142020073,
    "12": 39.70409954881264,
    "16": 39.709623895220446
  }
}