{
  "model_type": "mlp",
  "sample_idx": 15,
  "model_path": "/lustre/fswork/projects/rech/aik/uhr51mx/ErrorVolumePolytopes/checkpoints/fashion_mlp_best.pth",
  "data_path": "/lustre/fswork/projects/rech/aik/uhr51mx/ErrorVolumePolytopes/data/fashionMNIST_augmented_mlp_seed42_walk_1point.pt",
  "n_directions": 200,
  "n_directions_used": 200,
  "bits_grid": [
    4,
    6,
    8,
    10,
    12,
    16
  ],
  "width_base": 39.734403420964206,
  "widths_correct": {
    "4": 37.62630858189798,
    "6": 39.18640723165537,
    "8": 39.6016458863945,
    "10": 39.714404130332035,
    "12": 39.72852908085847,
    "16": 39.734076485651876
  },
  "widths_both": {
    "4": 37.626308581905256,
    "6": 39.186407231735885,
    "8": 39.60164588639585,
    "10": 39.71440413033022,
    "12": 39.72852908085894,
    "16": 39.73407648562406
  }
}