{
  "model_type": "mlp",
  "sample_idx": 0,
  "model_path": "/lustre/fswork/projects/rech/aik/uhr51mx/ErrorVolumePolytopes/checkpoints/fashion_mlp_best.pth",
  "data_path": "/lustre/fswork/projects/rech/aik/uhr51mx/ErrorVolumePolytopes/data/fashionMNIST_augmented_mlp_seed42_walk_1point.pt",
  "n_directions": 200,
  "n_directions_used": 200,
  "bits_grid": [
    4,
    6,
    8,
    10,
    12,
    16
  ],
  "width_base": 39.7553063235356,
  "widths_correct": {
    "4": 37.50051130462419,
    "6": 39.16274520153557,
    "8": 39.66940866034389,
    "10": 39.7351396371867,
    "12": 39.749391659822756,
    "16": 39.754976201240645
  },
  "widths_both": {
    "4": 37.50051130458216,
    "6": 39.16274520152596,
    "8": 39.66940866034433,
    "10": 39.735139637188155,
    "12": 39.74939165982369,
    "16": 39.7549762012555
  }
}