{
  "model_type": "mlp",
  "sample_idx": 61,
  "model_path": "/lustre/fswork/projects/rech/aik/uhr51mx/ErrorVolumePolytopes/checkpoints/fashion_mlp_best.pth",
  "data_path": "/lustre/fswork/projects/rech/aik/uhr51mx/ErrorVolumePolytopes/data/fashionMNIST_augmented_mlp_seed42_walk_1point.pt",
  "n_directions": 200,
  "n_directions_used": 200,
  "bits_grid": [
    4,
    6,
    8,
    10,
    12,
    16
  ],
  "width_base": 39.665182354016736,
  "widths_correct": {
    "4": 37.31490289953715,
    "6": 39.25471551252741,
    "8": 39.48021678303733,
    "10": 39.64495640337601,
    "12": 39.6593176024177,
    "16": 39.66486031538589
  },
  "widths_both": {
    "4": 37.31490289951521,
    "6": 39.2547155125515,
    "8": 39.480216783034955,
    "10": 39.644956403363956,
    "12": 39.65931760241763,
    "16": 39.664860315420725
  }
}