{
  "model_type": "mlp",
  "sample_idx": 65,
  "model_path": "/lustre/fswork/projects/rech/aik/uhr51mx/ErrorVolumePolytopes/checkpoints/fashion_mlp_best.pth",
  "data_path": "/lustre/fswork/projects/rech/aik/uhr51mx/ErrorVolumePolytopes/data/fashionMNIST_augmented_mlp_seed42_walk_1point.pt",
  "n_directions": 200,
  "n_directions_used": 200,
  "bits_grid": [
    4,
    6,
    8,
    10,
    12,
    16
  ],
  "width_base": 39.721684437954245,
  "widths_correct": {
    "4": 37.308932525931915,
    "6": 39.32276843855065,
    "8": 39.56411926905705,
    "10": 39.70175220135464,
    "12": 39.71572603296859,
    "16": 39.72135522924371
  },
  "widths_both": {
    "4": 37.30893252593327,
    "6": 39.32276843855586,
    "8": 39.56411926905666,
    "10": 39.7017522013531,
    "12": 39.71572603296846,
    "16": 39.72135522916677
  }
}