{
  "model_type": "mlp",
  "sample_idx": 78,
  "model_path": "/lustre/fswork/projects/rech/aik/uhr51mx/ErrorVolumePolytopes/checkpoints/fashion_mlp_best.pth",
  "data_path": "/lustre/fswork/projects/rech/aik/uhr51mx/ErrorVolumePolytopes/data/fashionMNIST_augmented_mlp_seed42_walk_1point.pt",
  "n_directions": 200,
  "n_directions_used": 200,
  "bits_grid": [
    4,
    6,
    8,
    10,
    12,
    16
  ],
  "width_base": 39.73325287749452,
  "widths_correct": {
    "4": 37.560019068181624,
    "6": 39.21440446572614,
    "8": 39.64861754096457,
    "10": 39.71353910846795,
    "12": 39.72745401480367,
    "16": 39.732933097161
  },
  "widths_both": {
    "4": 37.560019068007634,
    "6": 39.214404465724485,
    "8": 39.64861754095815,
    "10": 39.71353910846953,
    "12": 39.72745401478823,
    "16": 39.73293309719643
  }
}