{
  "model_type": "mlp",
  "sample_idx": 10,
  "model_path": "/lustre/fswork/projects/rech/aik/uhr51mx/ErrorVolumePolytopes/checkpoints/fashion_mlp_best.pth",
  "data_path": "/lustre/fswork/projects/rech/aik/uhr51mx/ErrorVolumePolytopes/data/fashionMNIST_augmented_mlp_seed42_walk_1point.pt",
  "n_directions": 200,
  "n_directions_used": 200,
  "bits_grid": [
    4,
    6,
    8,
    10,
    12,
    16
  ],
  "width_base": 39.71117315383475,
  "widths_correct": {
    "4": 37.5751941042755,
    "6": 39.11559448092332,
    "8": 39.57211609337569,
    "10": 39.69121530617236,
    "12": 39.70536054379184,
    "16": 39.71084910820882
  },
  "widths_both": {
    "4": 37.57519410427401,
    "6": 39.11559448084255,
    "8": 39.572116093360556,
    "10": 39.69121530617301,
    "12": 39.70536054378847,
    "16": 39.71084910823373
  }
}