{
  "model_type": "mlp",
  "sample_idx": 1,
  "model_path": "/lustre/fswork/projects/rech/aik/uhr51mx/ErrorVolumePolytopes/checkpoints/fashion_mlp_best.pth",
  "data_path": "/lustre/fswork/projects/rech/aik/uhr51mx/ErrorVolumePolytopes/data/fashionMNIST_augmented_mlp_seed42_walk_1point.pt",
  "n_directions": 200,
  "n_directions_used": 200,
  "bits_grid": [
    4,
    6,
    8,
    10,
    12,
    16
  ],
  "width_base": 39.715834474807195,
  "widths_correct": {
    "4": 37.37379782953797,
    "6": 39.27956198690163,
    "8": 39.60812175457518,
    "10": 39.69554520651766,
    "12": 39.70994951405922,
    "16": 39.7155054905631
  },
  "widths_both": {
    "4": 37.373797829536954,
    "6": 39.279561986900966,
    "8": 39.6081217545777,
    "10": 39.695545206518325,
    "12": 39.70994951406022,
    "16": 39.715505490564595
  }
}