{
  "model_type": "mlp",
  "sample_idx": 80,
  "model_path": "/lustre/fswork/projects/rech/aik/uhr51mx/ErrorVolumePolytopes/checkpoints/fashion_mlp_best.pth",
  "data_path": "/lustre/fswork/projects/rech/aik/uhr51mx/ErrorVolumePolytopes/data/fashionMNIST_augmented_mlp_seed42_walk_1point.pt",
  "n_directions": 200,
  "n_directions_used": 200,
  "bits_grid": [
    4,
    6,
    8,
    10,
    12,
    16
  ],
  "width_base": 39.71388482977281,
  "widths_correct": {
    "4": 37.53212473303883,
    "6": 39.27268791973519,
    "8": 39.629146905235835,
    "10": 39.69383520233749,
    "12": 39.70801977928293,
    "16": 39.71356327328521
  },
  "widths_both": {
    "4": 37.53212473303661,
    "6": 39.27268791973545,
    "8": 39.62914690523463,
    "10": 39.69383520236914,
    "12": 39.708019779294595,
    "16": 39.71356327327243
  }
}