{
  "model_type": "mlp",
  "sample_idx": 53,
  "model_path": "/lustre/fswork/projects/rech/aik/uhr51mx/ErrorVolumePolytopes/checkpoints/fashion_mlp_best.pth",
  "data_path": "/lustre/fswork/projects/rech/aik/uhr51mx/ErrorVolumePolytopes/data/fashionMNIST_augmented_mlp_seed42_walk_1point.pt",
  "n_directions": 200,
  "n_directions_used": 200,
  "bits_grid": [
    4,
    6,
    8,
    10,
    12,
    16
  ],
  "width_base": 39.73318228253113,
  "widths_correct": {
    "4": 37.55495348248215,
    "6": 39.322765951037326,
    "8": 39.64894987592314,
    "10": 39.713048589471484,
    "12": 39.72740203369896,
    "16": 39.73285839465485
  },
  "widths_both": {
    "4": 37.554953482477316,
    "6": 39.322765951037475,
    "8": 39.64894987592297,
    "10": 39.713048589470894,
    "12": 39.72740203370171,
    "16": 39.73285839465262
  }
}